Area,Perimeter,Major_Axis_Length,Minor_Axis_Length,Eccentricity,Convex_Area,Extent,Class,Class_encoded
0.2312961989413167,-0.03876000363506922,-0.27319185253833284,0.9451504769967628,-0.946016632073384,0.23716253419832878,0.9097274051915828,Osmancik,1
1.5641759706542755,1.3784862361232821,1.3201928218172057,1.235296519449361,0.5374737277361641,1.569789600911527,1.0078469877928622,Cammeo,0
-0.8093107613452225,-0.9601879042707369,-1.0331298864227223,-0.16414816376031854,-1.0175353546155521,-0.7792192768354683,-0.249349260862084,Osmancik,1
-0.15647168948581416,0.0004614636605016471,0.1789104306857946,-0.6055090269266535,0.7167578360086998,-0.16927744680853074,-1.0163309454289706,Osmancik,1
0.8407284176185835,1.0177025997275113,1.0371497910643237,0.3350349945804707,0.8553207029011192,0.8764176499566904,1.170966194837458,Cammeo,0
-0.06097661248510283,-0.2637240804760867,-0.4791827169833736,0.5962692061125656,-0.9230905101137744,-0.07739157038118247,0.00620717167836928,Osmancik,1
0.6896725685447311,0.8335297038377507,0.8368153784779643,0.3742979579704562,0.6616153243636677,0.7337972405326467,1.2173899802459056,Cammeo,0
-2.5178045025943123,-2.3711304954542602,-2.066919652437499,-2.584950765899485,-0.0018577017240146232,-2.4720615278252036,-1.0096643766136915,Osmancik,1
0.03856977081260838,-0.03752714574209455,-0.10035379049975765,0.2245536704673298,-0.16000150623910123,0.04268015771099656,-0.7410848794108321,Cammeo,0
-0.5807013345859439,-0.7072365853170107,-0.8762252093409656,0.0752959162569332,-1.011143100055671,-0.6067218646467041,0.9691796545429763,Osmancik,1
-1.6218870529149116,-1.9586873774584814,-1.8614175848952186,-0.9269804334316678,-1.5676676877446243,-1.6715833405440101,-0.38946521882903623,Osmancik,1
-0.528613110767374,-0.7026702233153618,-0.7823004012827682,0.05640448450017977,-0.8645426180126209,-0.5610607849496783,-0.6635296137347129,Osmancik,1
-1.040813978316644,-1.6733500273078894,-1.9967446233016513,0.8194308208219999,-2.940837909861246,-1.0751707193161912,1.104137756942675,Osmancik,1
0.24923769825660186,0.07831703807655767,0.36014342705252594,-0.07276600471992804,0.5251335233055415,0.17289879240251466,-0.8175271219699262,Osmancik,1
1.2308113382154287,1.2680488437853317,1.457173579513189,0.49446894794161506,1.0897874535648189,1.1983000759690576,-1.1084380434860985,Cammeo,0
1.4119626054955658,1.697525406858596,2.0227133385982143,0.2290226700943705,1.620178326086755,1.4034930760890256,-0.10772304699552321,Cammeo,0
0.48710725369473734,0.4805903609010939,0.3736040747365591,0.5422025106246887,0.11269264658180178,0.5556626580109163,-1.194634472003543,Cammeo,0
-0.6854565402655121,-0.5971916213929821,-0.981048184350544,0.08329091558971244,-1.1685846165137304,-0.6236333756456025,1.2544475565690894,Osmancik,1
-0.3879749064572356,-0.5922610447849481,-0.2647158877075817,-0.48503190364770965,0.19508680132136402,-0.47086605962221983,-0.23824062681399283,Osmancik,1
-1.0894296538806425,-1.1473591584341867,-1.0267755266868395,-0.9703269964808574,-0.3008518256601237,-1.1185769308800306,-0.5099355088884144,Cammeo,0
-0.48057619324580414,-0.6164949955313885,-0.5945675387937709,-0.05309693969473848,-0.5257961235669011,-0.5182182904191355,-0.8042587757058474,Osmancik,1
0.3383664367905991,0.5637680853752395,0.5184552467331378,0.048830418465604965,0.5897927547437654,0.3623077155901773,-1.324487168989805,Cammeo,0
-0.3208389735355234,-0.2222891117346672,0.01210696285134837,-0.6622366221924657,0.6002238822520198,-0.3541766337298205,1.0081879137926717,Osmancik,1
-1.0130335922800733,-1.2750257825746516,-1.1782607443476183,-0.6000095607189435,-0.827246822461673,-1.0436025654515808,-0.46051203747711816,Osmancik,1
1.2215512095365717,1.0807655893555992,1.0247024603106132,1.1087978633396094,0.3560626899194832,1.1864620182698287,1.104905226105142,Cammeo,0
-1.3926988681132044,-1.1397397204715027,-0.7333902156563069,-2.0509447729648267,0.8670102159482973,-1.4105823541276772,-0.8754999684533682,Osmancik,1
0.5802872985257345,0.8695570261346022,0.9275024516152061,0.013246521435250557,0.9627134459889879,0.6661511965370529,-1.3270664824363274,Cammeo,0
-0.20103605875281277,-0.644649810561589,-0.6642494145482244,0.5394090441911501,-1.1267569131335573,-0.2605996062025824,1.1043992363859678,Osmancik,1
1.5034063761992773,1.4655018933863082,1.3345909837033212,1.1912310897934977,0.5770799076706384,1.4711391200846193,-1.0768561089562352,Cammeo,0
1.3847609775014238,1.113908263572772,0.6755943023654158,1.9667883917362157,-0.5968218112282173,1.471702837117916,0.3464050399407558,Cammeo,0
0.07155897923103592,0.09207255169657816,0.18841452447422158,-0.1562433644200117,0.41868671923326056,0.020695193412428564,1.2152318106815008,Osmancik,1
0.02410081975189454,0.5003417361046297,0.7353233670321171,-0.7497210482248072,1.2714708071587146,0.21855987209954048,1.0693702468942297,Cammeo,0
1.1167960038570035,1.3988531853094421,1.228054169999038,0.6722449331053628,0.805957018696774,1.218030172134439,-0.3534497036500666,Cammeo,0
0.6526320538293037,1.0123522358618817,1.1967005932685129,-0.229733124953608,1.3115241582641994,0.7439441471319858,1.7266655472916397,Cammeo,0
-0.0812331439701022,-0.048032941712186646,0.0023963719756574155,-0.054456772914587254,0.15899206167202615,-0.06668094674854678,0.2810868579455813,Osmancik,1
-0.7994718746239371,-1.0560293535096126,-1.3364035326572221,0.3265616619542773,-1.967017341789002,-0.8057139774004093,-0.4290388598838456,Osmancik,1
0.10512694569189203,0.42539987853965394,0.5080702729648686,-0.41139590979298385,0.8798205234048483,0.17177135833592141,-1.2670642777956485,Cammeo,0
-1.4164279478527753,-1.40106712040822,-1.6630191914139079,-0.6126115930005773,-1.5580334421949558,-1.3102407222008798,-0.420000464259937,Osmancik,1
0.7955852903091564,1.195629129621379,1.5662040415877034,-0.40372481043317365,1.658371330461584,0.818354795527139,1.8886123391332708,Cammeo,0
-0.2444429119349543,0.440780678466571,1.0972996915670912,-1.9164975841850846,2.1518820473030575,-0.2386146419040144,0.9818085717259645,Cammeo,0
-2.0883660351123257,-2.2210800623706817,-1.814587182168737,-2.1825943953113724,-0.2639458716428727,-2.1033905880492174,0.9699694921533947,Osmancik,1
-1.2410642609969234,-1.261662697368553,-1.4211004476724007,-0.5624781638511173,-1.2199032413503008,-1.1642380105770564,0.8241773476873518,Osmancik,1
1.1243198584085747,1.3293471879965713,1.2649735838326541,0.5761245411270671,0.8935567045039347,1.2462160237992699,0.34475748805027373,Cammeo,0
-0.7149732004293683,-0.7604384217290322,-0.6727288645618829,-0.6262673251942747,-0.15271204285534437,-0.7589254636367901,-0.433063637863497,Osmancik,1
-0.029723678193960937,-0.023967418847102635,0.17407735328898366,-0.3354967161271329,0.5288255519481994,-0.07570041928129263,0.823850305551788,Osmancik,1
-1.154829312675069,-1.2913025846318305,-1.0516989409532493,-1.0688185549279348,-0.24885384462144924,-1.1946787303750737,0.3350889192547715,Osmancik,1
-1.2121263588754958,-0.4854102258596389,-0.01838054592669741,-2.483774903509759,1.745068074481143,-1.1433804803450818,-1.350908162649249,Osmancik,1
-1.0043522216436451,-1.2043433549838782,-1.0132835123566397,-0.7798970457064767,-0.4460133338067342,-1.019926450053123,-0.4874073964982881,Osmancik,1
-1.0275025433407872,-0.9727114149616458,-1.0989832887534174,-0.5720940297152941,-0.742149575323022,-0.9765202384892836,0.45801279665667005,Osmancik,1
-0.3167876672385235,-0.26470472402895906,-0.28123652598429555,-0.24262489054439546,-0.0053863409003436355,-0.30738811996620147,1.5751347389374009,Osmancik,1
-0.9956708510072168,-0.8823331848185456,-0.9495360317977297,-0.7481398150234354,-0.39140398778866436,-0.9094379115269864,-0.264778090667942,Osmancik,1
0.6126977489017335,0.8407575683503775,1.1865752656268418,-0.4026834105200834,1.4020361896466136,0.5522803558111367,-0.7406729914382115,Cammeo,0
1.6625648378671296,1.720414499445779,1.5032712225333937,1.3143021461892963,0.6432784398705915,1.659420609205689,-1.252503960830934,Cammeo,0
1.1358950192571458,1.4183523461728773,1.3030692468975147,0.648404801761602,0.8807435305655181,1.1667319221044472,-0.42556095189031395,Cammeo,0
-1.7642615313523358,-1.610370824138546,-1.422778563242305,-1.9056011517611104,-0.0002209405788611984,-1.7076612306749934,0.8114743832283868,Osmancik,1
1.5190328433448483,1.4442945147210955,1.1909378433311564,1.3870675734500109,0.3273634734829226,1.568098449811637,-0.4895617094337359,Cammeo,0
0.4031873375425971,0.5522542870086029,0.5713193723680248,0.0489151517918669,0.637439416310736,0.45306615795093236,0.4384442613282384,Cammeo,0
-0.8324610830423647,-0.7768827967037027,-0.7519775673970979,-0.6192822924438757,-0.2533542211501548,-0.8665954169964437,-0.723708451981628,Osmancik,1
1.209397290645572,1.2747731345816187,1.244549540699675,0.7273571285059852,0.786009171395328,1.2366328342332273,-1.0265502408395497,Cammeo,0
-1.5472272654416284,-1.688646185812196,-1.570308098303206,-1.1565776809373511,-0.875664567650441,-1.5470018761854583,0.7286463344420919,Osmancik,1
1.4773622642899924,1.9948254114048203,2.340383404127379,-0.2364420910603795,2.0317563917690094,1.4953789525163739,-1.1588125595982208,Cammeo,0
0.18268052337731822,0.18407521318271342,0.36874747235512173,-0.03618444110616699,0.5084448658850805,0.1306200149052685,1.979190669471796,Osmancik,1
-0.20508736504981265,-0.14631103796561162,0.09302768218637784,-0.5747590294928873,0.6164338372009561,-0.2081739221059972,1.3547631036985535,Cammeo,0
1.424695282428994,1.3497423509902666,1.4350853615419337,0.8031647555128139,0.8934047809650622,1.4243506063210003,1.2393272570798008,Cammeo,0
-1.804195836279906,-1.9131622615880826,-1.6441033611840963,-1.7227589336868305,-0.4521619374080549,-1.8356249972333252,0.4983415656612837,Osmancik,1
-0.24039160563795442,-0.26391986720111527,-0.4877850196945157,0.2026993056245139,-0.603348790435773,-0.27412881500170116,-0.7497561239580228,Osmancik,1
-0.6646212507380842,0.121516652234827,0.5203172057014046,-1.9761279792086444,1.8254843567335672,-0.5898103536478057,0.4900953216251677,Cammeo,0
0.2839631808023151,0.5732658789487871,0.7204346656517844,-0.34512078199062546,1.014843285193477,0.3048085781939226,-1.492461871891416,Cammeo,0
-0.5899614632648007,-0.7085532296687312,-1.0134943659225364,0.24633833531596247,-1.368235078440063,-0.5340023673514407,-0.4082161488185582,Osmancik,1
-0.9354800145946472,-1.2404826775470108,-1.3301075497350379,-0.06418880543573614,-1.5634367605112678,-0.9872308621219194,-0.40927363647860077,Osmancik,1
-0.5031477569005177,0.01984862425765402,-0.19090145632070094,-0.5015617356015498,0.28464429424260473,-0.3643235403291596,-0.17595838313386397,Cammeo,0
-1.937888944080902,-1.7708159078897985,-1.5610279275165766,-2.068943771462725,-0.032580654357559996,-1.8829772280302408,-1.1140725783924523,Osmancik,1
2.0688529836519742,1.9921083362426335,1.6995750210873684,1.7014145472162596,0.5723559455564303,2.1002473292436417,-1.2225657215625956,Cammeo,0
-0.5419245457432308,-0.46145670326083604,-0.37151496142564366,-0.610757026488683,0.17507589141888408,-0.5582421997831952,-0.9517532361935633,Osmancik,1
-0.6877715724352262,-0.24341270394113568,-0.5082900933300948,-0.48150453727541853,-0.07630883521450482,-0.5323112162515509,-1.210199826474483,Osmancik,1
0.5837598467803058,0.7667963543382741,0.7086983122111782,0.27648153280036913,0.611778670651518,0.5720104519765182,0.4642204266260519,Cammeo,0
-1.0599129937167862,-1.0211776065267972,-1.0504643149083097,-0.7059070852146244,-0.5586632046357788,-1.0469848676513605,1.0854084240753128,Osmancik,1
-0.8313035669575075,-1.0009508714144584,-0.9269476900792651,-0.45949027244594703,-0.6094457973635162,-0.8767423235957827,-0.17540534254141282,Osmancik,1
0.9964143310318645,0.7601011323133887,0.2866278500999531,1.8096723048483037,-0.9374831155600359,1.077664630843582,0.2775410732824043,Cammeo,0
-0.14779031884938584,-0.5009585987040477,-0.4934859076352662,0.39469682293474045,-0.7709806499253918,-0.2239579990383024,-0.0026052254886520638,Osmancik,1
0.04030604493989404,0.2104935966035993,0.11104346393035827,0.041440852415632765,0.20185169852374946,0.10919876763999714,1.6031932572520387,Osmancik,1
0.8447797239155834,1.0214293872139706,0.9945625985275803,0.529075678386852,0.699610541489772,0.8786725180898768,1.2956741487949206,Cammeo,0
-0.3289415861295231,-0.15505218851885233,0.17364257672128786,-1.0316424913637876,0.9933819354670956,-0.3671421254956427,-0.5769776040274219,Osmancik,1
-1.2705809211607797,-0.9905852895181859,-0.6933925140197462,-1.8073501266272929,0.7297057345947963,-1.23526635677243,0.39363563212703306,Osmancik,1
1.3488779788708536,1.4860090566462878,1.6199438194280684,0.449828151667102,1.2338998293486867,1.3657240348581523,-0.8263318058790333,Cammeo,0
-1.044865284613644,-1.2855033647372067,-1.2026256580531205,-0.5360167660594469,-0.9202326276939531,-1.0661512467834455,0.07347063731951556,Osmancik,1
1.4229590083017083,1.127075562053842,1.0104184381647079,1.35717857594439,0.1793584153258179,1.3730523562910082,1.284773772710514,Cammeo,0
-2.1473993554400383,-1.7897259986504184,-1.2725793780743497,-2.584950765899485,1.0780807416264484,-2.1501791018128364,1.6469791084538155,Osmancik,1
-0.32315400570523756,-0.37469326033791395,-0.4788960606892415,0.05416178468734374,-0.4701835088959351,-0.27356509796840456,-0.2612485038463849,Osmancik,1
1.4432155397867077,1.3947066105653874,1.3967736171368186,0.9410395440065064,0.780918299602341,1.4164585678548476,-0.5176587940379448,Cammeo,0
-0.07370928941853101,0.15000832302774034,0.5092874730952714,-0.8676138050527622,1.1668442190709738,-0.12587123524469138,2.025112321790026,Cammeo,0
0.2712305038688869,0.4074986451394433,0.5975323043101642,-0.3462469152299776,0.914146643743229,0.2630935177299731,0.28852783785545044,Cammeo,0
-1.1270489266384984,-1.126208207384046,-1.0594116507272842,-0.9341321995014855,-0.37313589886035825,-1.1512725188112343,-0.8960496301884914,Osmancik,1
2.3848548748179645,1.9575096585637852,1.689011431695096,2.2838317986107675,0.20603102908352827,2.4345315299885346,-0.5012403532416895,Cammeo,0
0.5814448146105916,1.0814102321096233,1.4358608147388243,-0.5898839282306424,1.6726693420062866,0.6233087020065101,1.278836878093922,Cammeo,0
2.3472356020601084,2.160902142133205,1.823366104070369,2.0466891850681144,0.46782108488838287,2.4114191316233735,-0.06899940696286329,Cammeo,0
-0.699925491326226,-0.6868414223233138,-0.7567836346263765,-0.232965291350535,-0.5814918662119642,-0.7076272136067983,1.6406264692356458,Osmancik,1
-1.6415648263574825,-1.6473514311445976,-1.6710281417350699,-1.0824496871236853,-1.099866446754075,-1.6135204861144588,-0.5923832940595373,Osmancik,1
-0.7485411668902244,-0.9907528624356776,-1.4309251782883086,0.594514406259012,-2.41648456476834,-0.6749316256755945,-0.2880759861979096,Osmancik,1
0.34357525917245607,0.5757871673859454,0.40057851914396464,0.1346051446406291,0.4224991401142659,0.3566705452572112,-0.9884066378020407,Cammeo,0
-0.6883503304776548,-0.6210331437255007,-0.36550127831895896,-0.9571987975764681,0.4384511116953146,-0.7222838564725103,1.7680178656214733,Osmancik,1
-0.4371693400636626,-0.5347459156752448,-0.8389607623995186,0.45349355136120695,-1.3002564610016858,-0.43817047169101614,-0.6069698361011601,Osmancik,1
-1.6820778893274813,-1.7408109510562697,-1.3909841108739927,-1.832569224522639,-0.023164261429663324,-1.6873674174763154,1.5651260154678808,Osmancik,1
1.2389139508094285,1.183610047610673,0.98374197689589,1.1487441600059007,0.2921458772844025,1.2569266474319056,0.8279221344047163,Cammeo,0
-0.06444916073967415,-0.016879768408295387,0.19759623884372068,-0.5145642011830989,0.672677077882314,-0.10501370501271662,-1.1269282653581192,Osmancik,1
2.2627369278655394,1.826173529515798,1.6919747084620969,2.0157943209797686,0.375001535604297,2.1915694886376933,-0.2895546177400698,Cammeo,0
1.5306080041934194,0.9382790215834956,0.19799964876524845,2.6300697655488943,-2.0282969911078985,1.5810639415774592,0.6632116822524123,Cammeo,0
-0.48173370933066123,-0.4770341448766464,-0.35028758363251467,-0.6270968917917101,0.2101014333324212,-0.5328749332848475,-1.0756343289026193,Osmancik,1
1.9768304549058342,1.3938106084351256,1.1196336149333186,2.260028567263927,-0.32646670760949503,1.8944906120903773,-0.18000784353884094,Cammeo,0
0.08371289812203556,-0.1045964960404193,-0.46056661248359515,0.9615299756298131,-1.2135998477282475,0.1300562978719719,0.4581902015886976,Osmancik,1
1.0704953604627192,0.5903831104850187,0.1961568583029706,1.9711125247086796,-1.1832896684833223,1.0320035511465562,-0.4264402632925375,Cammeo,0
0.07098022118860738,0.14146381416339454,0.36179453245489784,-0.28913938666253935,0.6716422779288983,0.052827064310335625,1.2831763569964745,Cammeo,0
-0.360194520420665,-0.6310062972078513,-0.36545858482834515,-0.3548924478418001,-0.013057046372201018,-0.4359156035578297,1.7458437917696108,Osmancik,1
-0.17383443075867078,0.15692840054905588,0.14196400668464454,-0.43264894135265053,0.5651066129187894,-0.09261193028019109,-1.2543173477665723,Osmancik,1
1.0988545045417184,0.9954863637018877,0.9183425196388797,0.8633705171550257,0.41884437573585853,1.0742823286438024,1.5393691333148527,Cammeo,0
-0.6750388955017981,-0.7509970557705584,-0.945209177218216,-0.1738760962818096,-0.8849290370394705,-0.655201529510213,0.36681277773025694,Osmancik,1
-0.663463734653227,-0.8876279760329646,-1.1329010888080515,0.29138229822349604,-1.5962207136060484,-0.6574563976433995,-0.41102994530567366,Osmancik,1
-0.4985176925610893,-0.7780600819454685,-0.5252106563454307,-0.3892408783085934,-0.1687500088923556,-0.5565510486833053,-0.06556932116839992,Osmancik,1
-0.7196032647687968,-0.8441479337270561,-0.7753404910167279,-0.3532073479824297,-0.5036095539285692,-0.7352493482383323,1.79876214034185,Osmancik,1
0.5663971055074492,0.4163791548026404,0.24805384568105768,0.7817873572968594,-0.19315236901265528,0.544388317344984,-0.6094673890137916,Cammeo,0
-0.17151939858895654,-0.02161455829130076,0.07796036518204356,-0.4592142058023195,0.522459095725107,-0.20253675177303104,-0.3122616777138064,Osmancik,1
0.7747500007817285,0.5585015079683574,0.5466538616367593,0.7980260892749933,0.10766197090799397,0.7642379603306639,1.2696118216284888,Cammeo,0
0.877768932334011,0.9549200382470594,0.842208699027135,0.6350101028794534,0.4985211056670049,0.8967114631553685,0.7105803417553546,Cammeo,0
1.7731076239709833,1.2777142102763726,1.1780487656439353,1.7994482723682144,0.04536758700873963,1.6830967246041466,1.2185639381004532,Cammeo,0
-1.2630570666092085,-1.318169824081712,-1.1896442230188522,-1.115032384404504,-0.3852926484515941,-1.2955840793351678,0.5286700957800827,Osmancik,1
1.7910491232862684,1.7206949275934182,1.7513204030089844,1.1119288964116407,0.957937887201213,1.761453392232376,0.5560359635340215,Cammeo,0
0.4303889655367391,0.5765711692499245,0.43916210781585535,0.43652091944432053,0.25229604639136766,0.48068829258246654,-1.3281509664990698,Cammeo,0
-1.6872867117093382,-1.4071749822580195,-1.1178973763917754,-2.1244017335011605,0.530800557953472,-1.6445249229457726,0.5985444992251999,Osmancik,1
-1.8811706559229036,-1.5535832692777478,-1.365743544963011,-2.105897068378796,0.23707789416786582,-1.8063117115019012,0.18469041716234344,Osmancik,1
1.2892659005007125,1.217285364315589,1.2892653086971029,0.7593808591667883,0.8030676049764331,1.2321230979668545,-0.8406368140067862,Cammeo,0
-0.7983143585390801,-0.6985800761863806,-0.817786533645724,-0.35653244770493425,-0.5552750230708552,-0.7335581971384425,-0.6349666483524837,Osmancik,1
-0.5257193205552313,-0.7040150814746192,-0.6386873405140367,-0.1971408610069209,-0.46164139293699075,-0.5785360129818733,-0.9051250494503884,Osmancik,1
-1.165246957438783,-0.8957809114472548,-0.6807256167428691,-1.5515402146425143,0.5542340472032605,-1.1726937660765058,-0.42149143701475994,Osmancik,1
0.5542431866164496,0.7530972683333274,0.8659549927665787,-0.041842440633979995,0.9465464882680329,0.5207122019465262,-1.4589045720097154,Cammeo,0
0.9119156568372956,1.292057939035342,1.3882453745624568,0.06638661700045663,1.28225164545455,0.9468822791187672,-0.5123227622128722,Cammeo,0
0.5814448146105916,0.7619222053453139,1.0371558901344116,-0.27132352148269145,1.2178131331199633,0.5398785810786111,1.2909096693812934,Cammeo,0
-1.2318041323180666,-1.2143165084662288,-1.4874705283691152,-0.490192436550372,-1.39467837364854,-1.1777672193761752,-0.566125821467875,Osmancik,1
-0.9858319642859313,-0.9483936777564611,-1.073307074979013,-0.5381268992166796,-0.7371876952139842,-0.9353688950586307,0.3151393489853763,Osmancik,1
-0.44353567853037673,-0.672469479756806,-0.6441651767487132,0.03080271997010222,-0.6593340477492434,-0.476503229955186,0.7755845941534194,Osmancik,1
0.11959589675260587,0.25391721129443245,0.24008497496333212,0.04365485223086394,0.3298458467783742,0.16838905613614172,-0.9500393502850188,Osmancik,1
-0.559866045058516,-0.8527206563989403,-0.7791175579926023,-0.09056820323424983,-0.732572659410662,-0.6191236393792297,1.9167580172623393,Osmancik,1
-0.2878497651170958,-0.656276464158373,-0.6341487610728995,0.1937175730407489,-0.7847569617705885,-0.3445934441637781,1.2182430665712207,Osmancik,1
-1.062806783928929,-1.1661581038923887,-1.2401366816852646,-0.43208314139986925,-1.071052571042898,-1.0481123017179537,0.10426967617108338,Osmancik,1
-0.35382818195395094,-0.40268050245062265,-0.057213325176464304,-0.7348899827958636,0.5845212945932624,-0.4308421502581602,-0.5849916790003192,Osmancik,1
0.6063314104350194,0.8368914217539618,1.1956855337467347,-0.4530792396476449,1.436694821881377,0.566373281643552,-1.3826798433238028,Cammeo,0
1.4270103145987083,1.4438738724996367,1.3479069962967012,1.004626438699875,0.7025945491116717,1.4908692162500008,-0.6849362184241083,Cammeo,0
-0.2565968308259539,-0.30588747843027464,-0.06285583630351614,-0.47684830433067,0.39697311910272254,-0.2944226282003793,-0.05327438805309837,Osmancik,1
-0.532664417064374,-0.5040407434364828,-0.6517942421329707,-0.08009817077469054,-0.5757388371080712,-0.4364793205911263,1.3084681296972738,Osmancik,1
0.9014980120735817,0.8910166191399173,0.7389679970575109,0.7574907593245263,0.32247612190238567,0.8910742928224024,-0.08134061962565028,Cammeo,0
-0.5581297709312303,-1.181482476204232,-1.5677220925859292,1.2202262873737104,-2.940837909861246,-0.6078492987132973,1.3183804374428658,Osmancik,1
0.5970712817561625,0.36505481903761616,0.2926659294869879,0.7950098561933815,-0.1544634632751145,0.5359325618455348,0.8595758022331821,Osmancik,1
1.1555727926997166,1.0897589542489436,1.0295581913963237,0.927068111839153,0.47785377141734436,1.1695505072709302,-1.2459083539884659,Cammeo,0
-0.4736310967366615,-0.7661812140085821,-0.7864486402382788,0.1227821122939841,-0.928462297129567,-0.5075076667864998,-0.6490587705618037,Osmancik,1
2.695069185559669,2.5135046293071506,2.869176265932704,1.1785538908514677,1.6626108571405365,2.571514769079612,2.053088308244982,Cammeo,0
-1.0078247698982163,-1.1883179123029368,-1.3564703445421964,-0.20639046023499782,-1.4656037344445667,-1.0312007907190552,-0.4849137002146137,Osmancik,1
-0.4273304533423772,-0.2915437496713037,-0.08163748699139196,-0.7578950808759787,0.5771200384167543,-0.439861622790906,-0.3371145660392852,Cammeo,0
0.39161217669402604,0.3345462884877491,0.2835286511995644,0.4090618550692435,0.11536134119850552,0.3566705452572112,-0.7378993038922502,Osmancik,1
1.0160921044744353,0.9047165601087287,0.7142589215399017,1.1321213947264857,0.043352450257351086,1.0088911527813949,-0.471776479335077,Cammeo,0
1.096539472372004,1.1039624689340934,1.1758574568909177,0.541655844003644,0.8426221882373247,1.0613168368779802,-0.15351665923237723,Cammeo,0
-1.16640447352364,-1.4321365072533652,-1.4176544730727276,-0.47762047093289567,-1.2968654129548967,-1.1726937660765058,-0.13292920253347423,Osmancik,1
0.07676780161289291,-0.012256978791572734,-0.17326904469653243,0.5547471429111127,-0.5016603462600853,0.08326778410835284,-1.0010849198356802,Osmancik,1
-0.8341973571696504,-0.6960305739416854,-0.5355747190162556,-1.0603479556348465,0.3383105677269523,-0.8649042658965538,-0.9319479038471645,Osmancik,1
-0.8127833095997938,-0.8884128328608084,-0.8209432380640844,-0.6333452912702515,-0.3263778466716671,-0.848556471930952,1.0106407298094007,Osmancik,1
1.3812884292468526,1.4692842535239796,1.3517912326469759,0.8878762151099059,0.7764035906643137,1.4384435321534157,0.8047013714538911,Cammeo,0
-0.09628085307324459,0.003795822733040642,-0.10349481159503174,0.0289645534568393,-0.015585283377499303,-0.08302874071414862,-1.1791462501117453,Osmancik,1
-1.246851841421209,-1.4534285273411887,-1.4093370840642623,-0.7074527850856284,-1.0630120894104016,-1.2690893787702269,-0.3871273303552295,Osmancik,1
0.3869821123545976,0.2100455955384668,0.27203277537956577,0.4072346218884015,0.10486141812548101,0.3222838062261177,1.482797014468637,Osmancik,1
1.6868726756491288,1.626394123238827,1.5904060229922838,1.1636927587583692,0.8036036370852556,1.7394684279338082,1.4885642174111158,Cammeo,0
-0.7780578270540807,-0.5879186833158646,-0.5580837728235774,-0.7372488492656717,0.06695792841906466,-0.7882387493682141,0.6358242173763138,Osmancik,1
1.7487997861889841,1.4267848547709419,1.211979635134472,1.7521165096516036,0.10908661239510649,1.733831257600842,-0.9365588894282982,Cammeo,0
0.07561028552803581,0.021557697023296442,0.018052684891340747,0.14228581066630763,0.0312243654847694,0.03422440221154733,-0.9374088904504477,Cammeo,0
0.7724349686120142,0.6696391157115411,0.34370643316558763,1.17091285815582,-0.3770314477154607,0.7946786801286811,-0.7561874384069177,Cammeo,0
1.2574342081671421,1.7642023287429989,1.652228811290596,0.4292939867141091,1.2681514211585663,1.2918771034962957,0.8491443922299613,Cammeo,0
-1.1102649434080705,-0.936431023360829,-0.8747143825506157,-1.0652870885559858,-0.03675711843547338,-1.0813716066824541,-0.9748428737598464,Osmancik,1
-0.7410173123386532,-0.6341166557478248,-0.5308113452775923,-0.8188251757910722,0.16012718849073151,-0.7538520103371207,-0.8854847808233542,Osmancik,1
0.9506924456800088,1.00997030653468,0.8860435870447241,0.7647586920513134,0.45374092596545185,0.9344805043862418,-1.1461635879446557,Cammeo,0
-0.2380765734682402,-0.6914359981324997,-0.9931435116306105,1.0827245988488783,-2.1478694156419262,-0.25045269960324335,1.46822435629126,Osmancik,1
-1.2549544540152087,-1.0551607102230245,-0.7984481249883923,-1.6317635412808293,0.4922320444542788,-1.2814911535027524,-0.9590268384066934,Osmancik,1
-0.815098341769508,-0.8899252639375574,-0.8867312932152662,-0.539868032404707,-0.4880846881454677,-0.8541936422639181,-0.6281689541526624,Osmancik,1
-0.027987404066675277,-0.2889942474266085,-0.4955491359164359,0.7051323970274141,-1.0386613259636794,-0.06160749344887725,0.19628498645903183,Osmancik,1
1.3373028180222826,0.8386560671708132,0.3756533622860993,2.2009475721945173,-1.1384750909993842,1.369106337057932,1.2761171833533604,Cammeo,0
1.3112587061129977,0.9992969376470945,0.7185178150527232,1.7255034118725958,-0.37231895152871425,1.3194992381278299,-0.6701514456540896,Cammeo,0
-0.9632604006312178,-1.1467991571027716,-1.3143623646552165,0.0252472204337351,-1.626485029141127,-1.0047060901541145,-1.0328673990713138,Osmancik,1
0.20872463528660312,0.6254024303853256,0.5786417416564311,-0.15825373091890368,0.7782926022136238,0.23603510013173554,-1.4318217808212292,Cammeo,0
0.7979003224788705,0.8154036149411099,0.731552399126329,0.6256552703268253,0.40341697033618124,0.8025707185948338,-1.2315848340417186,Cammeo,0
0.11438707437074888,-0.16620262724296864,-0.526634353563096,1.0983961642076807,-1.4292452784636103,0.1492226770040568,0.5476308263848721,Osmancik,1
-1.0720669126077857,-1.1248633492247904,-1.171176238792639,-0.631463391427305,-0.788844564910674,-1.0847539088822338,-0.6075028222230342,Osmancik,1
-0.40070758339066376,-0.5905801858268426,-0.8872540706513734,0.5347446112470859,-1.4474245064540885,-0.4066023178264057,-0.5178925057527464,Osmancik,1
1.218657419324429,0.7735480039782332,0.6431794874395899,1.5345923944716957,-0.3155425452203887,1.1503841281388454,0.7654385746930257,Cammeo,0
0.03741225472775127,-0.32608685469894294,-0.43531907620680355,0.6963679644255144,-0.950018240757507,-0.03680394398382618,0.8108881756269045,Osmancik,1
-0.6403134129560849,-1.0014270862871262,-1.4069776152359652,0.8184973875665634,-2.61405396086038,-0.6219422245457127,-0.010458864696933141,Osmancik,1
0.9240695757282953,0.8800628221046942,1.010611865816071,0.4499812183209945,0.7624839547258461,0.8482317982918596,-1.4866167650440034,Cammeo,0
0.6109614747744478,0.9375505923707256,1.3980735903612718,-0.5787660958251452,1.6422387705230193,0.5505892047112468,1.847755983287323,Cammeo,0
-1.3365593379976348,-1.439756800179914,-1.683132181972405,-0.2728555546881693,-1.9468258435290007,-1.2634522084372608,-0.3222287495905898,Osmancik,1
-0.3312566182992373,-0.16457734093607204,-0.1289453597761848,-0.48634390353821705,0.3371582420170544,-0.3242996309650999,-0.14309681911602787,Osmancik,1
0.948956171552723,1.0343718301986105,1.076439129274959,0.48596144865160634,0.7951045183543032,0.938426523619318,-1.293846251925479,Cammeo,0
-0.003100808242247477,-0.354690525758139,-0.6699912533881349,1.1059169302467038,-1.6497608618883175,-0.008054375285698809,-0.52628915831819,Osmancik,1
0.2561827947657445,0.06716659935244138,-0.38630346379739394,1.2624685838483871,-1.3736211978651827,0.2963528226944734,-0.4545373478967464,Osmancik,1
1.6388357581275588,1.483263767676564,1.5526684624711633,1.0856547319376781,0.8196788673865172,1.6334896256740445,-0.814064640492223,Cammeo,0
1.9363173919358354,2.046431030281347,2.141265320375694,0.9292260783257297,1.3346108032082618,1.9114021230892757,-1.6403188555011015,Cammeo,0
-0.9644179167160749,-0.7322545379274286,-0.7071616003910826,-1.023961825338109,0.12327283114705798,-0.9240945543926984,1.2458310761530897,Osmancik,1
-0.09280830481867328,0.18152571093801662,-0.01859052819686551,0.03592908620894922,0.07064135761612622,-0.034549075850639724,0.9073686909214076,Osmancik,1
-0.743911102550796,-1.080683091513647,-1.3620292112794694,0.446131318642287,-2.1351021054133565,-0.7476511229708579,0.4283360368316244,Osmancik,1
-0.2994249259656669,-0.2612865784976742,-0.3670791948802758,-0.02526067535114057,-0.2719806203116381,-0.3023146666665319,-0.7717551068552321,Cammeo,0
0.26660043952945844,0.5008179509772975,0.7899588368796756,-0.46967330492945786,1.1460335607280476,0.23378023199854908,1.5687481613844088,Cammeo,0
-0.39549876100880677,0.6453778061214285,1.5830993370269608,-2.584950765899485,2.8097138370796033,-0.44888109532365184,0.04674728394983316,Cammeo,0
-0.7022405234959401,-0.856895444950532,-0.8388370384063065,-0.2998977857646997,-0.6311335991572654,-0.7279210268054763,0.9234940279169216,Osmancik,1
1.0050957016682927,0.9454513134449134,0.8467847441845282,0.8277688534594821,0.37651217154737204,1.0111460209145813,0.15087163783734994,Cammeo,0
-2.0009735707056144,-1.8848945913277346,-1.686702751861017,-2.0618767387191688,-0.20173748219958085,-1.9991029368893436,1.371367434010542,Osmancik,1
-0.1836733174799562,-0.29571768325903075,-0.6047704117551295,0.520777279079393,-1.0277858937662854,-0.2160659605721498,1.526002828675263,Osmancik,1
1.607582823836417,1.5253433791720061,1.4584282453598463,1.2615843505888473,0.6380585763936661,1.6458914004065701,1.52451725520098,Cammeo,0
-0.43311803376666275,-0.5482210011476261,-0.7687038314653472,0.281270332400721,-1.0440445789069337,-0.3970191282603633,-0.24098963193462863,Osmancik,1
-0.6756176535442266,-0.4163522296118957,-0.3152545250475153,-0.8267354417975895,0.3944276832062318,-0.6924068537077896,-1.1552436351613011,Osmancik,1
-0.7855816816056518,-0.8348194229987281,-0.8431386254097418,-0.2998362857698322,-0.6368350315875809,-0.7515971422039341,-0.5247087117715619,Osmancik,1
-0.40823143794223493,-0.4545930533545942,-0.6095294290151585,0.15414710967642575,-0.7187705492286764,-0.33670140569762547,-0.45709275024373475,Osmancik,1
0.6555258440414464,0.7822891545314739,1.025049236009896,-0.12129086733696394,1.1204072128512146,0.5838485096757471,-1.378341907072833,Cammeo,0
0.8783476903764396,1.2566470456849779,1.2229257233508264,0.1235556455627624,1.1277482729085384,0.8707804796237242,-0.5640170167541213,Cammeo,0
-1.737059903358194,-1.7861958528528492,-1.6222608486078112,-1.6143740760653962,-0.521573795779141,-1.720063005407519,1.3378656695858238,Osmancik,1
1.1972433717545725,1.3276936878821364,1.426324483008504,0.38834319013164803,1.1275476191779643,1.1870257353031253,1.319520456962591,Cammeo,0
-0.41228274423923483,0.06923988672447041,0.31445355043248485,-1.2652140052044663,1.2573075202616864,-0.3536129166965239,-1.136783494995146,Cammeo,0
0.6572621181687321,0.6502801689219255,0.5789928738343498,0.5842698737806337,0.2868916160250921,0.6785529712695785,0.3692362833669117,Cammeo,0
1.1063783590932896,1.1709753916173444,1.3325965877845738,0.39206325648785745,1.0548163748067247,1.0816106500766582,-1.1770721550586056,Cammeo,0
-0.3115788448566665,-0.36071374618532803,-0.36141228747287557,-0.16400056377263647,-0.1563868726068097,-0.341774858997295,-0.9425598040855785,Osmancik,1
-0.6652000087805127,-0.9502429645959232,-1.1709096223002244,0.37112045823563367,-1.7353310785347624,-0.6856422493082303,0.6165626697128689,Osmancik,1
-0.36829713301466477,-0.5772453144282809,-0.5702627444934211,0.01995138754236423,-0.5558425864802079,-0.3987102793602531,1.6046279232240876,Osmancik,1
1.3014198193917121,1.3347539794772714,1.3284736164051434,0.788612490060603,0.8172022270548018,1.3685426200246353,-0.8729507367127112,Cammeo,0
1.1272136486207176,1.1825738314065917,0.9005332349821615,1.1753094244555697,0.1960786040467985,1.1870257353031253,-1.1935075650222722,Cammeo,0
-0.5911189793496578,-0.6110035626280746,-0.6305903893244633,-0.39458317786275304,-0.289698344721784,-0.5740262767155004,-0.7063011715207669,Osmancik,1
0.23708377936560224,-0.11664293689479736,-0.22915395261639046,0.8656596836306479,-0.8228439063163916,0.17008020723603157,1.769963149267445,Osmancik,1
0.2822269066750294,0.3247689217304271,0.4078224718169565,-0.07305437136252914,0.5696041229656295,0.23603510013173554,-0.057450345887868924,Osmancik,1
-0.46494972610023316,-0.8103058990685132,-0.8376259373459916,0.17035577499040216,-1.0419004504716014,-0.520473158552322,0.4151664202688478,Osmancik,1
-1.2937312428579217,-1.3836703156882137,-1.345173995443647,-0.8438789070335524,-0.8409486057783689,-1.2758539831697864,-0.5627774962073027,Osmancik,1
0.11149328415860613,-0.16228005303147916,-0.2791550004928654,0.6919098981308945,-0.7433076339966507,0.07763061377538669,0.9224303696505477,Osmancik,1
-1.0969535084322137,-0.9999702278615861,-0.9934536929093675,-0.7683514466700119,-0.4303422774484964,-1.0323282247856485,-0.8928139184934669,Osmancik,1
-1.9141598643413311,-1.6794288203862875,-1.1179984466960895,-2.584950765899485,1.0299181133237079,-1.9370940632267157,1.4953719388462257,Osmancik,1
-1.2717384372456368,-1.1388992909924485,-0.8336031649751467,-1.5680167466008028,0.40625765386481,-1.305730985934507,1.8639198865724083,Osmancik,1
1.304313609603855,0.9662662636962043,0.8665675136625494,1.3790766741168894,0.025012699282409553,1.2603089496316853,1.5421813871503853,Osmancik,1
0.19425568422588926,0.1451897466859891,0.279579067669773,-0.03860890757050039,0.4254000197620685,0.16275188580317557,0.16339719736428732,Cammeo,0
1.1833531787362872,1.027620180558653,0.8800647557671116,1.1915426897674906,0.1655448392163707,1.159403600671591,-1.1227877885097541,Cammeo,0
0.6827274720355885,0.5881696090391716,0.7239703837113227,0.2704039666409043,0.629269942994296,0.6306370234393661,1.5023616931681116,Cammeo,0
0.32158245356017107,0.5035914537545582,0.5602600157071757,-0.02675444189314531,0.6770083319809599,0.3087545974269989,1.0379124958167856,Cammeo,0
-1.221965245596781,-1.5627724208961193,-1.5592156324047384,-0.47410813789268325,-1.5269177815458481,-1.2651433595371506,-0.27589289532236455,Osmancik,1
-0.9024908061762197,-1.1024231126666013,-0.998232749971114,-0.5793305291113738,-0.5997255573578852,-0.9122564966934695,-0.3896086854262411,Osmancik,1
-0.9435826271886469,-0.8432519315967943,-1.098867406421747,-0.29298381967503645,-0.9941620614849374,-0.8711051532628166,0.3776151954391527,Osmancik,1
-1.2005511980269248,-0.7969983865136252,-0.5488645927378271,-1.8024287603713376,0.8657116996632578,-1.203134485874523,-1.1328944703547852,Cammeo,0
-0.33878047285080853,-0.390438274871216,-0.7013648699203807,0.45617221780432615,-1.1050203811480959,-0.3062606858996082,-0.5200020817922915,Osmancik,1
0.9350659785344377,1.6837981070461123,2.1495164909089195,-0.8636313387184513,2.220459759451307,0.9959256610155728,-1.9596415625443837,Cammeo,0
-1.2265953099362097,-0.8272273438797162,-0.5456355707741384,-1.7959220609143527,0.864166665937803,-1.2369575078723198,0.10202666076962184,Osmancik,1
0.4321252396640248,0.6394101583454485,0.6277166021752646,0.04070695247688021,0.6928542437329829,0.46208563048367823,-0.6570041975392642,Cammeo,0
0.03220343234589429,-0.2042468092967738,-0.48622191516055685,0.8785036158920939,-1.17664803000115,0.030842100011767636,1.7138399420318384,Osmancik,1
-1.186082246966211,-1.0501454921923798,-0.9463043959468604,-1.2072769100395926,-0.005945304864100059,-1.2093353732407857,0.42043766072744077,Osmancik,1
0.602858862180448,0.6516532408887198,0.7077442433902825,0.16055130914196483,0.6858141642715226,0.5477706195447637,0.027073076987976404,Osmancik,1
-0.6941379109019404,-0.9329008775632598,-0.99445829688242,-0.10830070175438843,-1.0130693758692315,-0.7256661586722899,1.7683672762049885,Osmancik,1
0.720925502835873,1.2379327416493866,1.330359100358035,-0.2692297883240901,1.4284852178188265,0.8341388724594442,-1.4874582814824473,Cammeo,0
-0.5234042883855171,-0.18046171457932897,-0.1567649610386286,-0.8490339732700043,0.5684833285562513,-0.48552270248793183,-1.3253448832698687,Cammeo,0
0.5363016873011645,0.3519439481716199,0.15753754650628082,0.9526808097016515,-0.4231674733393563,0.5381874299787213,-0.6526338656050548,Cammeo,0
0.18036549120760398,0.42318723205767167,0.6710592081071861,-0.5344163995263385,1.0913840839638618,0.1407669215046076,0.5017253719082616,Cammeo,0
-1.3967501744102044,-1.514306229330968,-1.461620055449342,-0.8544418728186893,-1.0014429254230979,-1.4173469585272367,-0.6655597432177414,Osmancik,1
1.2383351927669999,1.2602883367849633,1.1484308100012794,0.9846963403631415,0.5458581871925104,1.2625638177648717,-1.1262525839648316,Cammeo,0
0.1467975247467479,0.06388866789497612,0.14648254632406432,0.05590975120813428,0.2276070380845262,0.07537574564220023,0.007765249777046139,Cammeo,0
-1.2190714553846385,-1.4317440788394433,-1.3813249264461858,-0.79478551113063,-0.9390482146585539,-1.2510504337047352,1.0953215031466965,Osmancik,1
-0.31852394136580914,-0.35474609840934795,-0.25456703508128753,-0.2634077888099637,0.03973208366132871,-0.3592500870294901,-0.5190741768652082,Osmancik,1
-1.5721138612660561,-1.2790039294373485,-1.3093053642566062,-1.4186974923955387,-0.27645233202168945,-1.5408009888191954,-0.5663178815899397,Osmancik,1
-1.2676871309486368,-1.058017999459031,-0.7631824304443285,-1.6301016747528532,0.5278394821864957,-1.2651433595371506,0.7133733124461016,Osmancik,1
0.9096006246675814,0.8894759742556313,0.7112311688891159,0.9898992399289323,0.138327593904231,0.9423725428523944,-0.8899013923050492,Cammeo,0
-1.224859035808924,-1.3217837563380253,-1.141342201809729,-1.0648470219260446,-0.36614454959060483,-1.2628884914039642,-0.6627783424138657,Osmancik,1
1.0641290219960051,0.9511103192657174,0.4226162019630597,1.6424907188004003,-0.6433132806034246,1.1340363341732436,-0.871086442274839,Cammeo,0
1.2209724514941431,0.7448605464602913,0.5880987854756101,1.6344328528062033,-0.448819619552978,1.1723690924374133,-0.0638754897304324,Cammeo,0
0.8100542413698703,0.6750459071922428,0.8497889718506909,0.38452199045054536,0.6663822837058571,0.7416892789987993,1.060511570179723,Cammeo,0
-0.8133620676422224,-0.6084822741909179,-0.16391045729448697,-1.576954745854884,1.060044837729241,-0.8592670955635877,-0.5526623297785659,Osmancik,1
1.4594207649747073,1.350722994543139,1.4486862878379874,0.842601285554981,0.8808524568763934,1.4074390953221019,-0.49583567342118023,Cammeo,0
1.3257276571737113,1.121808129683095,1.0533236536417547,1.1637815920842864,0.34647430807966145,1.3087886144951941,-0.29430521328945136,Cammeo,0
-0.41807032466352034,-0.43363788902948536,-0.23523472549404226,-0.57237966302479,0.29059224411334617,-0.47537579588859274,-1.1053481123656532,Cammeo,0
-0.004258324327104584,-0.17522335097998373,-0.4150971736824476,0.7053114303458062,-0.9307411502125739,-0.008618092318995425,1.0120175463470928,Osmancik,1
-1.2856286302639222,-1.4655313958106404,-1.7588103149190077,-0.12711423351764298,-2.2419817482473157,-1.2657070765704472,0.1895551689288558,Osmancik,1
0.05130244774603655,0.2652360778999052,0.42424639626798893,-0.4371097409803756,0.8241591785421649,0.07875804784197993,-0.7275666235903318,Cammeo,0
1.6643011119944153,1.336939267115583,1.0000831282528722,1.9363540942761026,-0.22476966398821094,1.6131958124753663,2.133882370919291,Cammeo,0
-0.21724128394081227,-0.4211708059536469,-0.25485979044550755,-0.200869127362446,-0.008026370698393206,-0.2797659853346673,-0.8408658977668393,Osmancik,1
0.5635033152953064,0.9035957024820368,1.2323540144110194,-0.5579216975647094,1.520232702885241,0.5556626580109163,-1.0694475247296058,Cammeo,0
-0.7531712312296528,-0.7000651484194576,-0.9263918034055378,-0.09482946954529355,-0.9292677785337493,-0.6867696833748235,0.9444116120545542,Osmancik,1
-0.9574728202069323,-1.1070450473194609,-1.3093985928993788,-0.13844936590500556,-1.457437127609992,-0.914511364826656,-0.3548388614004216,Osmancik,1
1.0953819562871472,0.9905275732863169,0.7783157120818435,1.1694368582789967,0.08133333497413371,1.0821743671099548,-1.003481429069635,Cammeo,0
0.5669758635498777,1.2606807651988852,1.013342506624004,-0.11772113430154181,1.109256598394735,0.6836264245692479,-1.581023185285367,Cammeo,0
-0.042456355127389114,-0.15488376063749426,-0.11687878525510251,0.04611895202522308,-0.043120708176700356,-0.09035706214700462,0.8220654576704324,Osmancik,1
-1.5246557017869147,-1.2378211750360344,-1.1540282675925966,-1.6720269045873266,0.12874781151000553,-1.4923213239556865,1.22965945961009,Osmancik,1
0.9356447365768663,0.9760718442610632,0.8301708772650436,0.7516783264762681,0.4112883295386178,0.9559017516515131,-0.7213952459331469,Cammeo,0
-1.1247338944687841,-0.921330651581551,-0.9127028762410712,-1.1189178174135794,-0.03810436491221963,-1.0954645325148695,1.5336158142366199,Osmancik,1
0.6416356510231611,0.5592863647962012,0.3386851558917797,0.8354003194892717,-0.13455001375605874,0.6261272871729933,-0.5986973669881356,Cammeo,0
-1.6548762613333392,-1.2250180911613477,-0.9217312425626423,-2.316481250804544,0.8770858997052347,-1.6169027883142384,-0.9601684005780012,Osmancik,1
-0.42906672746966285,-0.757524704877952,-0.9040082161828819,0.3901827233114636,-1.3381226864438516,-0.4810129662215589,1.4218977579325318,Osmancik,1
-0.6698300731199411,-0.7043228684659305,-0.6827025867470811,-0.41378484292694934,-0.3374195348172555,-0.6946617218409761,-0.8993061676798842,Osmancik,1
1.27826949769457,1.0833715192153681,0.5939443085070153,1.8414705355279206,-0.5961080572437283,1.3431753535262878,-0.5864016625470426,Cammeo,0
-0.8376699054242217,-0.7482235529932977,-0.29556846939517406,-1.3528009312282536,0.7888842527063364,-0.8665954169964437,0.7601449657864815,Osmancik,1
0.9061280764130101,0.9438824547530906,0.6359120097819716,1.0571775009809077,0.01661390741673611,0.9733769796837082,-0.5967412847810839,Cammeo,0
-1.5298645241687716,-1.5766407897462857,-1.4904250921788478,-1.212292576287678,-0.7074708777152005,-1.5379824036527123,-0.833050053522338,Osmancik,1
1.552022051763276,1.7067983449357134,1.8362865484037583,0.6344429362601194,1.2846422913303135,1.5207462190147214,-0.26967678076927704,Cammeo,0
0.6115402328168764,0.851571151311781,0.916321984848327,0.061800084049891305,0.9239758100597457,0.5612998283438825,-1.407258910993326,Cammeo,0
0.7174529545813016,0.9711694814605661,1.0916859331990252,0.013704354730375522,1.0919258490364205,0.7321060894327569,0.7287296376275657,Cammeo,0
-0.8098895193876511,-0.7889856651731546,-1.1626296990080134,0.09243254816013302,-1.4508069550552811,-0.7403228015380019,-0.019912233596627985,Osmancik,1
-0.2519667664865255,-0.13149109433397294,-0.3846976657728148,0.1286136784739788,-0.41566302381569314,-0.12418008414480153,1.5027481273896153,Osmancik,1
-0.5563934968039447,-0.6571451074449627,-0.8064396493950174,-0.05757277265454224,-0.7977249257297376,-0.5728988426489072,-0.14177939466427536,Osmancik,1
1.315888770452426,0.9596830419376017,0.8131013226804122,1.458276367507298,-0.0833575141215666,1.2529806281988294,-0.6060234193550825,Cammeo,0
-1.6016305214299122,-1.790594641937008,-1.80813175212854,-0.8895214698911299,-1.5162573354883604,-1.570677991583916,0.8914554685185352,Osmancik,1
0.6404781349383041,0.9957103642344531,1.4054386531402951,-0.6491384899522339,1.6844219176544932,0.6571317240043071,1.7365539439376978,Cammeo,0
2.5793175770739585,2.0048832063097817,1.6539391648023918,2.6300697655488943,-0.05333111658131769,2.5405103322482985,-0.8892210829570131,Cammeo,0
1.7574811568254123,1.5933925180593385,1.2646947692000636,1.7180550791608613,0.18083751996837336,1.7653994114654525,-1.048596274610036,Cammeo,0
-1.2769472596274938,-1.1594338130961017,-1.173987910103169,-1.1226406171028942,-0.3583849831809195,-1.2358300738057266,-0.5566878790840086,Osmancik,1
0.4465941907247386,0.308828120472098,0.2633311449555633,0.5540856762996487,-0.009938314102626716,0.39274843538819454,-0.6037788613020382,Cammeo,0
-0.6808264759260837,-0.8556625870575574,-1.1917727984795352,0.34671179360598625,-1.7452347733797802,-0.6732404745757047,-0.45091597330600985,Osmancik,1
0.49694614041602275,0.37015382352700654,0.617254954383033,0.05662451781515027,0.6733077038927059,0.44010066618511023,0.8823029166774957,Osmancik,1
-0.03319622644853226,-0.27417344883110506,-0.21813728944615676,0.21688120444096692,-0.28841702732794233,-0.07457298521469939,0.9258943937798337,Cammeo,0
0.47611085088859484,0.8791668199744325,0.9711604666002406,-0.2696520882888472,1.1667954888792615,0.5252219382128991,-0.05075755199568125,Cammeo,0
1.3621894138467103,1.2952802978415983,1.207874960965299,0.9873148734779432,0.5954941871740809,1.3713612051911184,0.7309094043141304,Cammeo,0
1.682821369352129,1.442865870103092,1.7021819379020895,0.8652059503351808,1.061134100838105,1.606431208075807,2.0878643028771324,Cammeo,0
0.20583084507446034,-0.12672809064343069,-0.4891416271412155,1.3347816444801897,-1.587896450268876,0.20784924846690478,-0.5083643182512834,Osmancik,1
-0.47420985477909006,-0.9122261413857901,-1.0753607190071874,0.531677811503025,-1.7381889609545838,-0.5120174030528728,0.5049911653091516,Osmancik,1
0.17515666882574701,-0.13328395355835962,-0.636128344964292,1.4023592055071872,-1.8754103143339877,0.23941740233151523,-0.1421280339219991,Osmancik,1
-0.4203853568332346,-0.3049068348774023,-0.39942604873940785,-0.19457426122111587,-0.17624585897042253,-0.4173129414590414,-0.9357243149219773,Osmancik,1
1.2458590473185711,1.103429826446352,1.1137724085788268,0.9186945458713028,0.5573212481723153,1.203373529268727,1.653622537495352,Cammeo,0
0.12133217087989152,0.3592555991429926,0.5934589967871624,-0.559750297412104,1.0443881137803304,0.1452766577709805,0.8203847387709191,Cammeo,0
-0.023936097769675403,0.025675202995949723,-0.05463516112072904,0.07740604941416587,0.0012352322087709204,-0.003544639019325888,-0.5836380022363697,Osmancik,1
-0.22997396087424046,-0.34356830084155954,-0.617023443561755,0.5902818399455732,-1.1056682060496803,-0.1681500127419375,-0.8200555279142147,Osmancik,1
-0.23402526717124034,-0.3507961653541864,-0.5087379393336933,0.24118600241261584,-0.6619368132830425,-0.2126836583723701,-0.6012805370636153,Osmancik,1
-0.7514349571023672,-0.8617422350998202,-0.9472767619780198,-0.1355000994844692,-0.9220585766422241,-0.7577980295701969,0.13885592465854396,Osmancik,1
-0.0013645341149618163,-0.633276226268772,-0.9223942986107716,1.4438307020461885,-2.3908926146738922,-0.05202430388283479,0.8875132223985661,Osmancik,1
0.4089749179668826,0.6599173216054296,0.6326455221020285,0.11335211308096242,0.6501035331921508,0.3899298502217115,-1.2491571782219444,Cammeo,0
-0.6871928143927978,-0.3895696315846264,-0.2722578235191547,-0.9929002279303472,0.557627961731915,-0.6456183399441705,0.032933610351217384,Cammeo,0
-1.0008796733890737,-0.9582548309725291,-0.7145528020419113,-1.168440346614022,0.22758410622960287,-1.032891941818945,-1.0797408674161617,Osmancik,1
-0.3723484393116646,-0.6281207941643079,-0.7275133259787353,0.28464463211911967,-0.9897706112671176,-0.4161855073924482,-0.5771364971404553,Osmancik,1
-1.550121055653771,-1.09541924868654,-0.4917241476755866,-2.584950765899485,1.5580501981357002,-1.5718054256505092,-1.5478916572405323,Osmancik,1
-0.3578794882509508,-0.4370278207532333,-0.6488004700155302,0.1727050747943419,-0.7861472054753161,-0.30682440293290486,-0.17828855834975643,Osmancik,1
0.4251801431548821,0.31462734036672,0.5761175979357602,-0.0572447726819154,0.710864349293412,0.3696360370230333,-0.3509197550541953,Cammeo,0
2.9966021256649453,2.130337183968264,1.9716510525264452,2.6300697655488943,0.040910207708015324,2.8736670989265978,1.7247171783425022,Cammeo,0
0.6387418608110184,0.08733776181357437,-0.4481323511657874,2.070790349723424,-2.21043324883653,0.6667149135703495,-0.09301000752410682,Osmancik,1
-0.9001757740065054,-0.7709442176991244,-0.43862390089872294,-1.3278565333099823,0.6338620469426949,-0.9032370241607237,1.289083169907201,Osmancik,1
1.0328760877048633,0.7316368203641476,0.752074898676445,0.9906290398680295,0.1777245206625299,0.9773229989167844,0.16398571894314398,Cammeo,0
1.4993550699022775,1.8319718944465568,1.9218129369508936,0.33463729461366065,1.5014515137030304,1.4970701036162637,-1.2512937506641895,Cammeo,0
-0.8446150019333643,-0.5788415319637757,-0.4823280945572868,-1.1035127520325387,0.42616537042013497,-0.83389982906524,0.492310569298138,Osmancik,1
-0.9968283670920739,-0.9021683464808289,-0.5945065480928917,-1.2998836023111233,0.4558506566183992,-1.0334556588522417,-1.1557465395773097,Osmancik,1
1.3112587061129977,1.2848865021377889,1.1873820854698973,0.9162031127458915,0.6222585283514847,1.291313386462999,-0.4333474857547411,Cammeo,0
-0.3677183749722362,-0.3703226850612936,-0.7555211271181776,0.40743962187129323,-1.1380193203827829,-0.3316279523979559,0.06828424269797932,Osmancik,1
1.3679769942709958,1.4104516250986894,1.4708076150468643,0.6798025991413064,0.9932214124826323,1.358959430458593,0.4292762829713705,Cammeo,0
1.5213478755145624,0.9832441361224826,0.4818965493304339,2.457555617446021,-1.2090163432254448,1.5015798398826365,0.2155966702989192,Cammeo,0
-0.32604779591738037,-0.14502260742142797,-0.06690736143334519,-0.5451843652943671,0.44158130989235056,-0.29555006226697256,-1.2368753576450973,Osmancik,1
1.9681490842694058,1.9158216205184002,1.9781352353256296,1.115905896079746,1.1219923773227904,1.9322596533212506,-0.2681426137701343,Cammeo,0
-0.14316025450995742,-0.4683485669746163,-0.6035096468383843,0.5504353099376224,-1.0519732677466787,-0.17322346604160704,0.9462072584969897,Osmancik,1
0.9616888484861512,1.2528928993548465,1.0556744095127835,0.6171518710364745,0.6965090081113956,1.0703363094107259,0.009169834043229585,Cammeo,0
-0.8330398410847932,-0.9668839812594854,-1.045033528642883,-0.15236476474369928,-1.0453688935287566,-0.7639989169364597,-0.5166198181968964,Osmancik,1
-1.4216367702346322,-0.8650475254009575,-0.340498576141406,-2.5596891305076883,1.550425356373684,-1.4336947524928385,2.043877135643794,Osmancik,1
0.17110536252874714,0.16611669720356267,0.23798253837445277,0.05560498456690184,0.3194118527882543,0.15091382810394666,-0.8607259942444293,Osmancik,1
1.1439976318511456,1.0461104840616773,0.6500165450081451,1.498748830796345,-0.28229135558154506,1.2495983259990495,-0.7962817243709384,Cammeo,0
0.5692908957195919,0.3466483019933362,0.15085035180273984,0.9854808069643356,-0.45601448903517605,0.5133838805136702,-0.9703213619705178,Cammeo,0
-0.04650766142438899,0.3491422315868224,0.5867622178306294,-0.8145434094817393,1.1956380294090931,0.06071910277648824,-1.1262888362770285,Cammeo,0
0.872560109952154,1.0180668143338947,0.5355465837109353,1.0965238310306025,-0.11465376312819549,0.9902884906826066,-0.8898381435901523,Osmancik,1
1.1422613577238598,0.8733111724647352,0.730341298066014,1.2601725840400042,-0.029407458932542763,1.0816106500766582,-0.8967006291564533,Cammeo,0
2.160875512398114,1.7016719816026509,1.1380981139766226,2.6300697655488943,-0.6759567760867998,2.1943880738041766,1.4408500039536156,Cammeo,0
-0.9354800145946472,-1.2121030070203818,-1.196848967384136,-0.25631888940156605,-1.17156862413563,-0.9708830681563175,2.0722256724560073,Osmancik,1
0.02410081975189454,-0.3059156922378115,-0.31753557726039794,0.552232476454307,-0.6769915760402155,-0.0339853588173431,1.4767066260195518,Osmancik,1
-1.208075052578496,-1.2226088029904738,-1.0854093726248943,-1.0774818542049411,-0.28389658542617885,-1.2476681315049556,-0.7648625395830655,Osmancik,1
0.47611085088859484,0.5073173862771543,0.5315394946631754,0.22855253680027202,0.48224522163516403,0.46377678158356805,-0.36771074620770844,Cammeo,0
0.5195177040707364,0.579232671760904,0.6986967085627176,0.024231787185144505,0.7652214449073198,0.5207122019465262,-1.0243427064244937,Cammeo,0
2.0242886143849756,1.9223227657459865,1.8937101645772267,1.3561098427002476,0.926538444847429,2.0714977605455145,-0.7777035713586954,Cammeo,0
-1.0014584314315023,-1.286904650511538,-1.2326557365745707,-0.4882832033763732,-1.0077090547809007,-1.032891941818945,1.1934781093859643,Osmancik,1
-0.34977687565695104,-0.5406007082210773,-0.42100804389336616,-0.12944166665674092,-0.2528153225594563,-0.3987102793602531,0.4742445766114006,Osmancik,1
-0.3138938770263807,0.02954134959236545,0.3886931741340678,-1.1310114497376416,1.2332663368564294,-0.3553040677964137,1.4216848720140989,Osmancik,1
-0.1547354153585285,-0.3031139756530124,-0.601624162885491,0.6825495989120536,-1.1655518787001184,-0.10388627094612339,-0.283514365467427,Osmancik,1
-0.7126581682596541,-0.19690694451786264,0.09283164064783928,-1.321185833866684,1.1120170204311375,-0.6828236641417471,-1.5386642867977247,Cammeo,0
-1.3695485464160624,-1.5570852012677785,-1.4401504574441466,-1.02880255826746,-0.8059115979373701,-1.3852150876293297,1.8544989133559533,Osmancik,1
-0.5830163667556582,-0.6761398396281931,-0.6614133469573429,-0.28569128695029966,-0.4166748919141855,-0.6027758454136278,0.15762845177022583,Osmancik,1
0.7851676455454424,0.7355311807681001,0.5930006952348418,0.8951523478360088,0.08643280621271154,0.8217370977269187,0.6968214322879299,Cammeo,0
0.731343147599587,1.3351181940836565,1.4603450959589075,-0.48258420385198186,1.631629921139098,0.7377432597657231,-0.23209547423371635,Cammeo,0
-1.0234512370437874,-0.25495557107917227,0.08477999683606179,-2.2454104900690703,1.677751614353672,-0.9782113895891735,-0.4473069399279361,Osmancik,1
1.5022488601144202,1.5879010851560262,1.2868683741525515,1.2013157222852204,0.5299549458031738,1.5246922382477979,0.3988443951965206,Cammeo,0
-1.209232568663353,-1.2780232858844776,-1.1922685657481102,-0.9631437970803296,-0.5216741226444306,-1.2341389227058368,-0.5759208876931708,Osmancik,1
-0.4140190183665205,-0.6184836414808055,-0.622757440740124,0.005714822063806722,-0.6106497197469916,-0.45226339752343153,1.898946562086772,Osmancik,1
0.8019516287758705,0.9109364222248111,0.8793450654967357,0.3775560910318828,0.6963542180906577,0.8025707185948338,-0.18199709275492393,Cammeo,0
-0.7421748284235103,-0.6465273112085879,-0.6352465936887246,-0.6370079576312512,-0.10010063469747055,-0.7623077658365699,1.1745250920390893,Osmancik,1
-0.6536248479319416,-0.3957612798931719,-0.5508232655317754,-0.3435600487875427,-0.23537278040839046,-0.5655705212160512,-0.8675715106433189,Cammeo,0
0.22087855417760274,0.31583198445215943,0.2060608768300196,0.21214980483582474,0.17670405311844123,0.21855987209954048,-1.0597889831693923,Osmancik,1
1.0143558303471496,1.1959369166126903,1.329451210210664,0.25753680104806387,1.1303510384423374,1.0376407214795222,-0.17859246071157756,Cammeo,0
0.6601559083808749,0.932788443644048,1.0967690724694423,-0.04047987408102599,1.1277626053178706,0.6858812927024345,-1.2002782628193938,Cammeo,0
-0.7126581682596541,-0.4904254438902835,-0.47542481851348983,-0.7350840494463344,0.15669314321596128,-0.6940980048076795,-1.1629082995506832,Osmancik,1
-0.33704419872352287,-0.43473053284863883,-0.5376057093555321,0.098041347692052,-0.5794709964968449,-0.3558677848297104,-0.017488727959973187,Osmancik,1
1.2811632879067127,1.3803910956139531,1.3994737625943106,0.728159361772371,0.909654866660109,1.3048425952621179,-0.8867150454606758,Cammeo,0
-0.624686945810514,-0.6179518539569288,-0.4500413601033071,-0.7331256162764417,0.18280106004618438,-0.6630935679763656,-0.6138824578439036,Osmancik,1
-0.6223719136407997,-0.7522016998559962,-0.7322035108763436,-0.3093728849739576,-0.4856682439329207,-0.6523829443437299,1.824343160214433,Osmancik,1
-1.2370129546999236,-1.3402176322259773,-1.4716268868721603,-0.4864259035313737,-1.3731768931760429,-1.1631105765104632,1.451615398024523,Osmancik,1
1.6909239819461286,1.3578662176331553,0.9428668804623945,2.2640616002606873,-0.5173772663281697,1.7845657905975374,0.763206357852644,Cammeo,0
-0.08528445026710207,0.13815766889839085,0.23153843517870487,-0.42781914175572033,0.6454397671971164,-0.06668094674854678,-1.3033443577210766,Osmancik,1
-0.19640599441338435,-0.03111149690098362,0.15651813050586857,-0.6518663563912471,0.7274899441128285,-0.2425606611370907,-0.5630867978496638,Osmancik,1
0.7712774525271572,0.6022893372655771,0.5119309843305202,0.8500441516005051,0.03604578798240173,0.7614193751641809,1.490352150595637,Cammeo,0
-0.8087320033027939,-1.3243888312339296,-1.5904541980993232,0.7213273956758643,-2.8631512349651658,-0.8350272631318332,0.09794866131036216,Osmancik,1
0.18731058771674663,0.11042264112578443,-0.0779919856702712,0.5685026417631509,-0.3995247309133923,0.19995721000075217,0.1798580610790709,Osmancik,1
-0.0314599523212466,-0.04601608195523134,0.1911547495351517,-0.32267875053018646,0.5362296746065729,-0.09768538357986062,-1.253333136056715,Osmancik,1
0.08081910790989279,-0.4040535744174169,-0.5459806038819691,0.9769842410067529,-1.3483244954028728,0.022950061545615023,-0.4739616453021817,Osmancik,1
2.1400402228706863,2.146725131327861,2.2373143474159374,1.1204322957019914,1.2984243361392358,2.0872818374778195,1.026508443990579,Cammeo,0
0.12769850934660562,0.22116782045504624,0.09519982243340482,0.17198210818801024,0.09106504090722632,0.09454212477428514,0.26545362680499585,Osmancik,1
-1.083642073456357,-1.2802650011378616,-1.4302359833683738,-0.1399444991135629,-1.6512514324583347,-1.068406114916632,-0.6600046548679044,Osmancik,1
1.4171714278774228,1.2726152057869822,1.3784581096628035,0.8487102850451559,0.8214245548425672,1.3561408452921098,0.6542326787144433,Cammeo,0
0.5148876397313079,0.78674351626684,0.7490061951264941,0.11825024600552324,0.7486703786163935,0.6221812679399169,-0.344767660541796,Cammeo,0
0.7869039196727281,1.1833022606193633,1.3020036522235814,-0.06470813872572864,1.2940701501856666,0.8031344356281304,-1.5822727330674742,Cammeo,0
-0.2143474937286695,-0.07747704225043547,0.2571963517428455,-0.8515623063923362,0.9482721103510142,-0.268491644668735,0.7971362080916027,Cammeo,0
1.511508988793277,1.2834852163634578,0.8787909214144638,1.8408664689116663,-0.28388225301685177,1.4886143481168144,1.6371832709027283,Cammeo,0
-1.21444139104521,-1.2686947751561513,-0.8820045138971305,-1.4987240190502773,0.29988824480289533,-1.2589424721708877,-1.0498111127315288,Osmancik,1
-0.711500652174797,-1.2067526431547522,-1.8179791364333457,1.4050570052820406,-2.940837909861246,-0.7149555350396543,0.7998659300674529,Osmancik,1
1.018985894686578,1.063143929139163,0.950867989122015,0.8970752476755363,0.42647495046160006,1.0725911775439125,1.531928924730775,Cammeo,0
-1.6166782305330547,-1.9267493473267465,-1.8016824211584312,-0.9344219328106392,-1.459056689863953,-1.6473435081122556,-0.4403256701897557,Osmancik,1
-0.7670614242479381,-1.0049008044696202,-1.2435112100353365,0.23974416919961036,-1.723807821435784,-0.7764006916689853,-0.27215582186291437,Osmancik,1
-0.7572225375266527,-0.27137258721017227,-0.03342433794640525,-1.5385281823950971,1.146389004479354,-0.7262298757055865,-0.9567591405799063,Osmancik,1
-0.414597776408949,-0.3874399165975252,-0.4019876581763314,-0.2179210259393839,-0.16088438265364985,-0.3840536364945411,-0.512254885543227,Osmancik,1
-1.3417681603794918,-1.2084335021128594,-1.1056060075731686,-1.4046604602336623,-0.03399096343534543,-1.3677398595971346,1.5840072995161534,Osmancik,1
-1.0506528650379294,-1.197731064453874,-1.170112386710161,-0.5818998622302841,-0.8322173020163071,-1.0751707193161912,0.5226799796838825,Osmancik,1
0.7261343252177299,0.4857731518492286,0.2714254822579562,0.9785108075460177,-0.3138111901736765,0.6836264245692479,1.0637094869109676,Cammeo,0
-2.13466667850661,-1.8209347446055186,-1.7709213255221576,-2.23816852400678,-0.15467271645129,-2.067312697918234,-0.48116891349724933,Osmancik,1
1.0895943758628617,0.9322558011563066,0.8078622214748946,1.0297416699372277,0.20513382025965257,1.0697725923774293,0.49098774556584546,Osmancik,1
-0.8608202271213637,-0.7910589525451804,-0.643343544878298,-0.9146777011250561,0.10949938578372662,-0.8502476230308419,-0.24952897977148583,Osmancik,1
1.0716528765475763,0.9167347871555716,0.7447664701196649,1.1903714565319023,0.033574880614411794,1.1058504825084128,0.3194302343630691,Cammeo,0
-1.2179139392997813,-1.2118234338366074,-1.0634047990434161,-1.189336678203457,-0.16202810891795144,-1.2301929034727606,0.31867896304222193,Osmancik,1
0.20583084507446034,0.560154153118926,0.8697965356262397,-0.7940598111911931,1.3975444125635095,0.19826605890086232,-0.604365840229312,Cammeo,0
-1.6670301802243388,-1.0563653543084623,-0.3619150251072637,-2.584950765899485,1.8352361280397071,-1.6744019257104932,-0.9800878891415309,Osmancik,1
0.2000432646501748,0.15118475330564127,0.17939399981419374,0.29032313164522183,0.0931203084047307,0.20333951220053187,1.5172976457932497,Cammeo,0
-0.6877715724352262,-0.930324016474894,-1.2021638713178924,0.38379902384421366,-1.7990931011491107,-0.6602749828098825,1.2032346093216888,Osmancik,1
2.314825151684109,1.9312588480603912,1.6064892708141214,2.262644367045626,0.14500076368692305,2.325170425528991,1.8247141679201082,Cammeo,0
-1.5414396850173426,-1.462281678160712,-1.6203326711643025,-0.9559920310105119,-1.145194124491923,-1.4804832662564575,0.4163596612681811,Osmancik,1
0.09644557505546372,0.2730521575514825,0.3179910110834768,-0.1593169974968357,0.5442816221665308,0.09059610554120884,1.4560728897731634,Osmancik,1
0.9784728317165793,1.02731239356734,1.0954333761201884,0.48516468205143365,0.8112743425571236,0.9666123752841488,-0.7563856691353137,Cammeo,0
0.45238177114902417,-0.09319384297620069,-0.4161723526093747,1.6010533889252092,-1.7214229085237565,0.4130422485868727,0.8224387793534818,Osmancik,1
0.9234908176858667,1.2526688988222794,1.4640306768834617,-0.20903906001395955,1.4871764340132565,0.898966331288555,-0.07395131854380657,Cammeo,0
-0.7647463920782239,-0.7657614267509881,-0.5806146090240701,-0.8993642024030404,0.1672790607449483,-0.7995130900341465,-0.8503539763271483,Osmancik,1
1.1897195172030013,1.2419946749708308,1.2697970769764697,0.6623858005948211,0.8457294545794319,1.2439611556660835,1.5807893283143317,Cammeo,0
2.037600049360832,1.592776089112851,1.2127350485296453,2.3294347281383194,-0.2786623895399264,2.0703703264789213,0.9811776272285795,Cammeo,0
0.8476735141277262,0.8261889840949764,0.6917707788300259,0.7485240600728374,0.2836868892995553,0.8245556828934018,-0.8383575462931279,Cammeo,0
-0.05576779010324585,-0.22649125912993268,-0.472515562081555,0.5356507111714676,-0.8626708053545031,-0.09204821324689447,0.5297036723405911,Osmancik,1
-0.2513880084440969,-0.34135479939571095,-0.5060229818488433,0.24968666836986148,-0.6655629128427957,-0.2233942820050058,-0.3849074547275107,Osmancik,1
-0.5338219331492311,-0.4370278207532333,-0.26426281392962053,-0.742874048796222,0.3853667340296469,-0.5610607849496783,-0.073550229132266,Osmancik,1
0.2845419388447436,0.4966431624257057,0.6527881367152399,-0.2755410544640516,0.91590666360859,0.23603510013173554,-1.5206353177489758,Cammeo,0
-0.0013645341149618163,-0.4599724859916254,-0.6010595632544953,0.9465376435476638,-1.4007323833483019,-0.043568548383385565,0.3726763963966636,Osmancik,1
-1.0853783475836425,-1.267685917795742,-1.1048166136446467,-0.8284396749886965,-0.5236634610590304,-1.1253415352795901,1.049541774774088,Osmancik,1
-0.41054647011194917,-0.6512338872840564,-0.6578061826482033,0.07607901619157978,-0.7154912939746387,-0.46748375742244014,-0.7719556515610023,Osmancik,1
0.08024034986746423,0.1730649885324151,0.13844571453964483,-0.017936709295693735,0.27206617181715254,0.09454212477428514,-0.7778979454581343,Cammeo,0
0.2509739723838875,0.05159001270049734,-0.35968625063799337,1.2397272524129261,-1.3159905799609628,0.252946611130634,0.23740667837722956,Osmancik,1
-0.9204323054915048,-1.013221312801402,-0.955640329660008,-0.6230296921311373,-0.5060288646229816,-0.9472069527578596,-0.48463525160390963,Osmancik,1
-0.5268768366400884,-0.5853691810711694,-0.5098592969341432,-0.43868960751519487,-0.11179301422650877,-0.5475315761505595,1.2063762192701597,Osmancik,1
2.250004250932111,2.051052964934205,1.6177498967878703,2.0935754144885683,0.2617869678477652,2.2676712881327363,1.1577125037634162,Cammeo,0
-0.41286150228166335,0.04043957397637944,0.422466339098044,-1.4303510580896597,1.440856953549969,-0.4043474496932193,-0.03878040510644647,Cammeo,0
-0.10843477196424421,0.077503967441177,0.3490108815506235,-0.7026680854849343,0.9307865709719725,-0.13714557591062368,1.3980514497648617,Cammeo,0
1.6596710476549867,1.8089152289418822,1.7394873357426983,0.8907653482021274,1.0742281899993325,1.6926799141701891,-1.4096207105666667,Cammeo,0
1.4322191369805652,1.6817530334816218,1.6747221817748297,0.6517832014796584,1.1608303401173223,1.5015798398826365,0.23819497333606507,Cammeo,0
0.9420110750435804,0.7808878687571428,0.5094843859295385,1.3689934082917168,-0.3401627579624601,0.9598477708845894,-0.9639964904808395,Cammeo,0
-1.0315538496377872,-0.9802470664655856,-0.8350111788697288,-1.0506719564423548,-0.001969494516765908,-1.0255636203860892,-0.9425104392349273,Osmancik,1
1.1659904374634307,0.8457437176096204,0.6199298322644498,1.5036114303905403,-0.3181940409458999,1.1667319221044472,-0.6894924398740511,Cammeo,0
0.011946900860894914,0.10193370491264764,0.21876523982315427,-0.21672519270584853,0.4897324722676347,0.0004013802137504178,-0.9290423195908696,Cammeo,0
-0.3677183749722362,-0.2890216062702806,-0.505123804658739,0.01244565483542002,-0.46841775606683783,-0.3383925567975153,0.43589117295862434,Osmancik,1
-0.5772287863313725,-0.9056138508557843,-0.8381068925872102,-0.08838427008317612,-0.8136081017460163,-0.6382900185113145,-0.6913389938187205,Osmancik,1
0.7712774525271572,1.106735971711354,1.3628349059847387,-0.24818995674663086,1.4393749824255533,0.7732574328634098,-0.44590081301016976,Cammeo,0
-0.05113772576381742,0.18945379085587663,0.38666479768197026,-0.6182695925283903,0.9086917287533393,-0.027784471451080338,0.17555406316292396,Cammeo,0
-1.1733495700327827,-1.2150731514865356,-1.2324283283898643,-0.6999033190490006,-0.8127108929221406,-1.167620312776836,0.16318816807481137,Osmancik,1
-1.4268455926164891,-0.6816304175676408,-0.08273531960721868,-2.584950765899485,1.9736786026937843,-1.4500425464584403,-1.2811116631090658,Osmancik,1
1.5294504881085622,1.6426162076086617,1.7101046299462939,0.6891095983645904,1.165562901677132,1.5117267464819757,0.6396947301976803,Cammeo,0
-0.7560650214417957,-0.5261731930033605,-0.5251121999282972,-0.8851959702521135,0.2170383194467317,-0.7645626339697563,-1.0672978397489066,Osmancik,1
0.24345011783231632,-0.02825420766497713,-0.4442864518274922,1.288000648384284,-1.479726890595479,0.23265279793195587,-0.45456434429944625,Osmancik,1
-1.769470353734193,-1.2791159297036327,-0.7440147957494586,-2.584950765899485,1.4182662099686183,-1.7956010878692654,-1.889578955606159,Osmancik,1
-0.8637140173335066,-1.0561695675834322,-1.2497610142839979,0.05298508478554495,-1.5498152386868036,-0.804586543333816,1.2848331647964537,Osmancik,1
0.6688372790173032,0.7255853861294232,0.799814934141753,0.23478316961362938,0.7183659323352097,0.6689697817035359,0.8497097740350753,Cammeo,0
1.9565739234208348,1.9148418319293927,1.6608938472940709,1.565640325213934,0.621877286263384,2.091791573744193,0.33666242386927686,Cammeo,0
-0.6808264759260837,-0.7237938155218286,-0.8256064127941606,-0.1780676625986701,-0.718747617373753,-0.6788776449086709,-0.9190505652887606,Osmancik,1
0.036833496685322716,-0.2118953160308594,-0.4992460436854405,0.8301673532593185,-1.152457789538891,-0.005799507152512349,1.664707260443909,Osmancik,1
-0.5905402213072293,-0.3113506975260501,-0.5110059221106716,-0.45451423952788733,-0.1006481327337653,-0.5300563481183644,-0.8973354302827955,Osmancik,1
-1.6647151480546247,-1.1768041139363004,-0.7193466711310142,-2.584950765899485,1.314855010191804,-1.676093076810383,-1.2357507646412007,Osmancik,1
-1.21039008474821,-1.5335523208904358,-1.2789468072461352,-0.910840101445322,-0.6862990426572263,-1.2634522084372608,-0.3247425003448412,Osmancik,1
1.4102263313682801,1.0545429926597418,0.6675313317091878,1.9050451302223181,-0.560099312050353,1.379253243657271,0.7943740904325126,Osmancik,1
-0.18888213986181315,-0.03472542915729704,0.13410666181995518,-0.5486775650028429,0.6370467082951737,-0.15856682317589504,-1.0867175091995935,Cammeo,0
0.0026867721820380583,-0.27577052133046476,-0.6931145706828825,1.1046199636882725,-1.6839895218432686,0.07312087750901378,0.07305643536952078,Osmancik,1
0.9200182694312954,0.8757486744431476,0.7701551563042103,0.8309900865239909,0.30273466129525495,0.9141866911875636,-0.5881394595551214,Cammeo,0
0.43733406204588177,0.04057978805019903,-0.26226493282796587,1.2483919183564878,-1.188601259379941,0.40684136122060993,-0.344284039270573,Cammeo,0
0.5901261852470199,0.6786598394485561,0.5879680911165833,0.4256039870220572,0.40284654044496315,0.5455157514115773,-1.1238846137851592,Cammeo,0
0.9755790415044365,1.19753398911205,1.3273200208627987,0.2008201391146726,1.161383571117348,1.0376407214795222,-0.2742576846445453,Cammeo,0
1.9334236017236925,1.5307219568451724,1.486209509610309,1.7394557107082127,0.36729069938632375,1.8510844005265379,-0.06274935407495309,Cammeo,0
-0.6866140563503692,-0.9827127822515349,-1.3323868593564652,0.5584863425990587,-2.199916126872313,-0.6862059663415269,1.6162356050592301,Osmancik,1
0.9564800261042943,1.3350899802761196,1.36004501706738,0.16916814175618247,1.203649846222935,0.9322256362530552,-1.5488049069775787,Cammeo,0
-1.0599129937167862,-1.028293470773143,-1.1651817241919433,-0.6346408911621275,-0.7776194219256989,-1.021617601153013,-0.49608481165181023,Osmancik,1
-1.9141598643413311,-1.470209758078572,-1.0388900224728965,-2.584950765899485,1.1325610959605796,-1.9292020247605632,1.4995532959615363,Osmancik,1
-0.6814052339685122,-0.7248026728822379,-0.47248593802684224,-0.8966281359647115,0.2821819863202111,-0.7262298757055865,0.18228233804151714,Osmancik,1
-1.2057600204087817,-1.4163077062613156,-1.4641799222948133,-0.4718517714143211,-1.375716596108803,-1.2020070518079298,-0.5592309402183342,Osmancik,1
1.3477204627859964,1.2868195754359968,1.253625828286221,1.0312149364809406,0.6072467628222928,1.3905275843232034,-1.0569597601664482,Cammeo,0
0.7550722273391577,0.7643870661674,0.5497216938909817,0.7316498281477416,0.15689952991027134,0.7563459218645113,-0.9631542027166042,Cammeo,0
1.0097257660077212,1.4766241183028876,1.8712167940929867,-0.4486895066806557,1.8687854317925543,0.9801415840832676,-1.5558008319057959,Cammeo,0
-0.9447401432735041,-0.8650201665572854,-0.3031112765024739,-1.6910577363324464,1.0140406702711653,-0.9956866176213686,2.0750394689431224,Osmancik,1
0.21914228005031708,-0.25767264624136077,-0.6255725972335612,1.449775701550055,-1.9036508936720815,0.21630500396635402,-0.24694735234758908,Osmancik,1
-0.4661072421850903,-0.6175029979279331,-0.7803547979247226,0.22785417019188736,-1.0128859210298449,-0.45226339752343153,-0.1489658370629745,Osmancik,1
-0.33878047285080853,-0.6036354840416298,-0.6819602427878089,0.3015762640394277,-0.9421010178452237,-0.3457208782303713,0.552409189662745,Osmancik,1
1.6625648378671296,1.513744939382759,1.6132348423313594,1.0278748034263574,0.9008261025146336,1.5906471311435018,1.8761592842307273,Cammeo,0
-0.5702836898222299,-0.8368362827556834,-0.7274270677017776,-0.2547977895285091,-0.5254148814788006,-0.6326528481783484,-0.7209039114040097,Osmancik,1
-0.5529209485493733,-0.6059327719462227,-0.6731226902304169,-0.2361045244218844,-0.47239356641417196,-0.5362572354846272,0.04069160516136186,Osmancik,1
1.2342838864699999,1.6174853997680947,1.6545089922077485,0.19161427321627927,1.3995079526413206,1.1983000759690576,-1.4658927836800184,Cammeo,0
0.16994784644389002,0.364354603632383,0.329232468551235,0.016650887817806645,0.43504859772106397,0.2597112155301934,1.4524067782865242,Cammeo,0
0.29206579339631483,0.28568681354481107,0.11008852381373743,0.4220055539890302,-0.07666427896581661,0.2867696331284309,-0.886882423157415,Cammeo,0
0.7139804063267303,0.7415261873877523,1.0360293047596023,-0.02685284188493336,1.072852278703932,0.6441662322384849,1.8610744657278444,Cammeo,0
-0.6235294297256568,-1.0569817832549497,-1.3123191761757642,0.6238048038145889,-2.2325280910551686,-0.6664758701761453,-0.22292363924789133,Osmancik,1
2.164926818695114,2.158492853962329,2.0158240032860455,1.4558765010409092,0.9614464610044787,2.203971263370219,-1.449674116263742,Cammeo,0
-1.462149833204631,-1.5290141726963238,-1.5165718056457484,-1.0311217914072424,-0.9153080118491658,-1.4494788294251437,-0.015030512662704302,Osmancik,1
-0.7080281039202256,-1.365908441397958,-1.6669591906907024,1.0597864674298463,-2.940837909861246,-0.7470874059375613,1.4719498598638387,Osmancik,1
1.428746588725994,1.5946253759523132,1.560917890412933,0.8119442214467922,0.9855765053475637,1.506653293182306,-1.6511266724905371,Cammeo,0
-0.6374196227439421,-0.6504772442637494,-0.5668472652441874,-0.5387500991646705,-0.09865306135543468,-0.6506917932438401,1.2116405177966296,Cammeo,0
-0.5280343527249455,-0.8514886534698304,-1.002394929658254,0.3042986638122305,-1.4059006501516498,-0.5695165404491275,-0.3010627985481186,Osmancik,1
-0.5685474156949443,-0.3038697637094546,-0.12422903600677114,-0.9783725624760833,0.6900393585411535,-0.5706439745157207,0.9923834483263901,Osmancik,1
-0.04940145163653176,0.2519841379962246,0.39938397270245807,-0.5972352276171415,0.9060516989552844,-0.03229420771745326,0.4568974595622707,Cammeo,0
-0.9974071251345025,-0.9631580487368908,-0.9040395828290483,-0.8856374035486071,-0.21930614955272507,-1.024436186319496,-0.619305649483407,Osmancik,1
0.7145591643691589,1.099115678784807,1.3831151853227917,-0.4339240412462374,1.5545559567417562,0.7067388229344091,-1.1687495497691387,Cammeo,0
0.4257589011973107,0.1375412399519051,0.13132461456413813,0.6800048657910929,-0.2459558314555121,0.3645625837233638,1.3032963902657746,Osmancik,1
-0.576650028288944,-0.4856342263922043,-0.7156114263500284,-0.01634180942879572,-0.7124327578242382,-0.5610607849496783,-1.0514239549613968,Osmancik,1
-1.0882721377957854,-1.1867772674186494,-1.0719147444075143,-0.8306495748042698,-0.47845904204139555,-1.1073025902140983,-0.17603397306142354,Osmancik,1
-1.4725674779683449,-1.3539731458459978,-1.208136603525417,-1.4998460522899717,-0.07938743673796328,-1.4692089255905252,-0.9723044405802694,Osmancik,1
-0.8671865655880778,-0.7470744815590689,-0.8028316137901511,-0.6327986246492068,-0.3044406609556265,-0.8152971669664517,0.7699585438307714,Osmancik,1
-1.1374665714022123,-0.3073443368558132,0.23542092893752756,-2.584950765899485,1.997209552326997,-1.1247778182462935,0.43555718889093764,Osmancik,1
-0.24039160563795442,-0.4548734815022334,-0.7436218413766513,0.6759431327967305,-1.363668772828453,-0.1861889578074292,0.7229616633592957,Osmancik,1
-0.9285349180855046,-0.9264014422634046,-0.8971746437972341,-0.7183984175054966,-0.35037603284894286,-0.9235308373594018,0.5453723844675821,Osmancik,1
-0.0036795662846760306,-0.11291700437220123,-0.248887058237983,0.4240924538148685,-0.4885920554356466,-0.014255262651961576,1.5550224189260153,Osmancik,1
-1.3845962555192046,-1.3352588418104065,-1.0114137117268298,-1.6059157767712815,0.239818250831205,-1.406636334894601,-0.5693530485791939,Osmancik,1
0.48479222152502316,0.8212584074869425,1.0717106073653713,-0.4886781700100781,1.3686302099870427,0.44066438321840684,0.49708044799230516,Cammeo,0
-0.22187134828024072,-0.4076392928661935,-0.6955298024376977,0.6086744384106232,-1.2329285349467582,-0.22452171607159901,0.14278505824005877,Osmancik,1
-0.3376229567659514,-0.2896944628318401,-0.1539245369691129,-0.4666229051840282,0.29729694519655786,-0.3801076172614648,0.48525910891293805,Osmancik,1
0.3418389850451704,0.4555450494470007,0.4922571268183531,0.002673988984245383,0.596517521200035,0.373018339222813,-1.2438365729127006,Cammeo,0
-0.743911102550796,-0.7310781076495276,-0.6527596377983153,-0.6463955901811419,-0.11307433162035041,-0.7538520103371207,0.40859703850328805,Osmancik,1
-0.30347623226266673,-0.17684778232301554,-0.1131322136296693,-0.4506274398522593,0.3274408684932889,-0.29273147710048947,-0.4291005659471595,Osmancik,1
-1.1640894413539258,-1.1942291324638432,-1.4179986348848315,-0.30343335213630657,-1.4682666960975395,-1.1146309116469544,0.04737899977300957,Osmancik,1
0.6155915391138762,0.8395529242649398,0.37239297367624413,0.8650433170154199,-0.12013734293673926,0.7101211251341889,0.1289467022161174,Osmancik,1
1.9438412464874066,1.948180292871594,1.9562953366365234,1.0987432975120468,1.1158179753846704,1.9390242577208099,1.7936521069736646,Cammeo,0
-1.2254377938513525,-1.0209253921866965,-0.906345031322281,-1.2343642411123592,0.06276139896809337,-1.217791128740235,-0.18801960453436398,Osmancik,1
1.0867005856507188,0.9257563658564498,1.1401944514954123,0.4982368476271659,0.8399649595480826,1.045532759945675,1.4757856630245914,Cammeo,0
-0.18540959160724182,-0.20172552085961387,-0.3025623601945597,0.23795110268258363,-0.40449807694989176,-0.2132473754056667,-1.0076203632664174,Osmancik,1
-0.2994249259656669,-0.6664180455220802,-0.9786329525957288,1.0170494376631216,-2.0577672911662566,-0.28427572160104025,0.3397307578675623,Osmancik,1
0.7382882441087296,0.8448759292868956,0.8516570298890472,0.3215405290399814,0.7079892679823929,0.7461990152651723,1.1441842207076274,Cammeo,0
-1.6461948906969108,-1.495171283073918,-1.402259548875098,-1.6513533396459674,-0.1936798016758921,-1.6281771289801708,0.45040829567901897,Osmancik,1
0.9906267506075789,1.2199186530190285,1.5766953134346477,-0.2181861592505906,1.5671885423226513,0.9141866911875636,-1.6116309353406615,Cammeo,0
0.3082710185843143,0.6243097865661722,0.919399401355543,-0.6320852247087434,1.340123047835465,0.36287143262347393,0.626807418874565,Cammeo,0
1.7632687372496978,1.7056783422728863,1.8784468060343473,0.8630561838479224,1.1896671476834229,1.726502936167986,-0.8017365403678902,Cammeo,0
-0.268171991674525,-0.25436650097635866,-0.4484643148377155,0.17772210770897995,-0.5335786218315097,-0.2910403260005996,-0.9619547911109396,Osmancik,1
-0.28206218469281025,-0.35541895497090903,-0.49375688060631506,0.26175023402976616,-0.6599646737596352,-0.2724376639018113,-0.7933853960241406,Osmancik,1
0.6838849881204455,0.8291591285611319,1.0864015246157117,-0.0810849040256763,1.1437059774533285,0.610343210240688,-0.18499137947723263,Cammeo,0
-0.9869894803707885,-0.9836652119968688,-1.0805004924998478,-0.5226507671749031,-0.7608505030130062,-0.946643235724563,1.4911820971472094,Osmancik,1
-1.1629319252690686,-1.4203704945466247,-1.3827599505083,-0.5333531329484064,-1.1891516238981013,-1.1721300490432092,0.665062092826039,Osmancik,1
-0.42675169529994866,-0.04965822801908321,0.414939215313829,-1.3840579619530389,1.4074853716727722,-0.4697386255556266,-0.1436976819075473,Cammeo,0
-0.8052594550482226,-0.7017733662212337,-0.963159611782683,-0.1886880283790167,-0.8966529478690283,-0.7696360872694259,-0.9356687794649947,Osmancik,1
-0.48520625758523256,-0.6160743533099298,-0.738115252382989,0.041927385708362575,-0.7923961359419264,-0.5255466118519915,-0.4747129166230289,Osmancik,1
-0.42675169529994866,-0.5482774287626998,-0.8298766331514295,0.5482869101169165,-1.3739967069895525,-0.403220015626626,1.1865747435527179,Osmancik,1
1.1596240989967166,1.4191645618443933,1.7771621629714909,-0.06667613856148968,1.617263114029636,1.2349416831333375,-1.417425756250088,Cammeo,0
-0.3833448421178071,0.4216457322095225,0.4674269411947123,-1.1784265791139568,1.3236321776637179,-0.28202085346785377,-1.2872753275083364,Cammeo,0
-1.6299896655089114,-1.6112394674251338,-1.256321871107143,-1.915855250905357,0.20875418685567496,-1.63494173337973,-0.2853917724437534,Osmancik,1
-1.1189463140444986,-0.9004592737151864,-0.28857632118724047,-2.0377988073952533,1.2572329917331855,-1.1732574831098024,2.068661375973836,Osmancik,1
1.6428870644245588,0.7565145589007475,0.33542389598619776,2.6300697655488943,-1.6895619625896403,1.5523143728793318,-0.15950831798016032,Cammeo,0
-1.452889704525774,-1.5099356540543476,-1.4960719597845322,-0.9538436311898061,-0.958276575011775,-1.4320036013929487,-0.5010158974363851,Osmancik,1
-1.2260165518937811,-1.518312590001203,-1.170247437547822,-1.0433807903841705,-0.42229892933413476,-1.2814911535027524,-0.3244254854445659,Osmancik,1
0.9414323170011518,1.0305903250248052,1.0910890956261377,0.393371156378707,0.863756759031043,0.9406813917525045,-1.0730203057954828,Cammeo,0
-0.885128064903363,-1.2065004288146515,-1.3756275236883442,0.19512250625683386,-1.8995518246045344,-0.8857617961285286,1.2522276809413704,Osmancik,1
0.6769398916113029,1.0795891590776983,1.042169325746681,0.10223428067546513,1.0004994099389222,0.7997521334283507,0.08215036645041195,Cammeo,0
1.0814917632688619,1.02731239356734,1.0217557381624207,0.6737892663098143,0.6320131661395005,1.0235477956471069,-0.8957680962746215,Cammeo,0
1.0884368597780045,1.180836544833414,1.4065774366552821,0.12927514508544294,1.2600765417436797,1.0150920401476577,0.6260168099383552,Cammeo,0
0.5073637851797367,0.6582364626473225,0.7922093937421187,-0.11209456810443888,0.9295281854330542,0.49985467171455145,-1.0919416987849095,Cammeo,0
-0.3104213287718094,-0.3042339783158412,-0.6291736624726127,0.31953289587419464,-0.8862275533245046,-0.28483943863433686,-0.6058444717714722,Osmancik,1
-1.1311002329354982,-0.9154476452281816,-1.1645674607045173,-0.4797852707522328,-0.9173460804554776,-1.1140671946136578,-0.879794710460018,Osmancik,1
-0.9285349180855046,-0.7802171557762417,-0.33869150880392884,-1.5610576805149032,0.8930751355505391,-0.9432609335247834,1.0660242356110317,Osmancik,1
0.021785787582180326,-0.28762117545981425,-0.10660359474841903,0.1548454762848104,-0.11398013988982236,-0.05202430388283479,1.0991966439228116,Cammeo,0
-0.9545790299947895,-1.1017502561050418,-0.716537613707665,-1.1463837151214196,0.20828695031161187,-1.0047060901541145,-0.4122201010018412,Osmancik,1
1.652725951145844,1.8925973820962338,1.8741966254787976,0.7418246606319367,1.2527297487226199,1.8166976614954444,0.59399521970738,Cammeo,0
-0.6981892171989402,-0.9558181839579812,-0.7958804164813792,-0.4547629728404627,-0.4442332485683099,-0.7594891806700867,1.0325718360369645,Osmancik,1
-0.9308499502552188,-0.9797426377853794,-0.8672691605647226,-0.76301324711551,-0.27588190213047137,-0.9573538593571987,-0.8004792793278688,Osmancik,1
-1.5726926193084847,-1.7434442397597123,-1.6699425072594207,-1.0588473557600788,-1.1213765266721685,-1.5830797663164415,-0.5785395387550559,Osmancik,1
-1.153671796590212,-1.054992282341668,-0.8843936067801403,-1.2015533105172542,0.06184699125302516,-1.1800220875093617,0.5724505477013196,Osmancik,1
0.4726383026340235,0.3525603771181072,0.43580936185894975,0.3223181623084176,0.3278335765088511,0.42882632551917793,0.35111321257160905,Cammeo,0
0.5218327362404506,0.17298120207367085,0.2281935308833441,0.6825495989120536,-0.14140663837813755,0.44461040245148314,1.7044012283221806,Osmancik,1
0.13753739606789103,0.47126185017276595,0.6988962352841652,-0.6733530879314104,1.1977477600620456,0.13231116600515835,-1.3640422982256202,Cammeo,0
1.1845106948211443,0.519056040140221,0.24897480526433155,2.0246120535772225,-1.1584028729277671,1.194917773769278,-0.36399526987041814,Cammeo,0
-0.10669849783695856,-0.48061986332542456,-0.5415047577331648,0.554158109626937,-0.9705795151781471,-0.13263583964425077,0.5537944907841428,Osmancik,1
-0.5679686576525157,-0.8468094362380324,-1.0398832996015002,0.4473681518724007,-1.5999700718860146,-0.5779722959485767,-0.45539814747997576,Osmancik,1
-1.7949357076010493,-1.4344902227730318,-0.7869182686350483,-2.584950765899485,1.4039825308332374,-1.8012382582022315,-0.45742904828879566,Osmancik,1
0.1630027499347474,0.18188992554440322,0.15727877167540613,0.06879878346581653,0.22936132498616177,0.13907577040471775,-0.9603049252430833,Osmancik,1
0.01773448128518045,0.18595185886584595,0.11508366221573996,0.17896577427185673,0.10677336152971452,0.056209366510115315,1.611007558844957,Cammeo,0
-0.9048058383459339,-0.8305044203733183,-0.6268516593605701,-1.051284223057925,0.2333829990433426,-0.9280405736257747,0.9341861460376437,Osmancik,1
-0.1958272363709558,0.05666080338234928,0.026366588716898672,-0.34444291538052996,0.3916729941335655,-0.19182612814039535,-0.3402808584130815,Osmancik,1
1.200715920009144,1.1454256514830483,0.8543136105602002,1.212631721340844,0.1263772310073052,1.2338142490667443,-0.3597074697958911,Osmancik,1
0.7747500007817285,0.4885748684340261,0.3357628300239406,1.0651902669788709,-0.30701189518890604,0.7608556581308843,0.5997369688987417,Cammeo,0
-0.7936842941996516,-0.4621013460148618,-0.4411489159151239,-1.03002162483239,0.4143697975439417,-0.7341219141717391,0.7247920194623453,Osmancik,1
1.2568554501247136,1.2560024029309536,1.2202717565668557,0.8472301851686748,0.6926965872303955,1.3319010128603554,-0.9503417099952571,Cammeo,0
-0.235761541298526,-0.29661454035315726,-0.5096641266913299,0.2378814026884004,-0.6603631147389283,-0.25608986993620947,-0.5036137227019017,Osmancik,1
-0.08181190201253076,-0.3997394267558703,-0.6560130560423556,0.8370990860141657,-1.3818995974925086,-0.0672446637818434,0.10332325942500589,Osmancik,1
0.37887949976059787,0.5045438834998937,0.6952219812040618,-0.22228752557497872,0.9178960020231844,0.3499059408576518,0.23049559928606883,Cammeo,0
-0.6518885738046559,-0.6040834851067608,-0.563734996907896,-0.41807890923525576,-0.19098817520426503,-0.6349077163115349,-0.33606479163715686,Osmancik,1
-0.8695015977577921,-1.0174798878117397,-0.9962871466130684,-0.44321327380434006,-0.7163254401974752,-0.8891440983283083,1.7416863457538343,Osmancik,1
-1.3296142414884922,-1.1258439927776627,-0.8004843431020298,-1.6720460379190631,0.5205643512120659,-1.3575929529977955,-0.7137352094985132,Osmancik,1
-0.2942161035838099,-0.36133017513181537,-0.3925889911708527,0.029559053407225446,-0.34574093167256265,-0.33331910349784577,1.4248719901842635,Osmancik,1
-0.2571755888683825,-0.13992360293203757,-0.00784483799768233,-0.44861570668681466,0.4315314244721966,-0.26623677653554856,-0.876005186846751,Cammeo,0
0.3568866941483128,0.30700704744017127,-0.07900268871341176,0.9843478403922229,-0.7305288578406193,0.3769643584558893,-0.6469885321376212,Osmancik,1
-0.21261121960138385,-0.11316921871230354,0.3245309568091777,-0.9125648346347182,1.0443823808166048,-0.2949863452336759,-1.3702684400139962,Osmancik,1
-0.3144726350688093,-0.6040561262630886,-0.4503837793239557,-0.06448537207765291,-0.339523532506472,-0.3722155787953122,-0.250962103091952,Osmancik,1
1.657934773527701,1.485113054516026,1.3069273443759826,1.4612980672551228,0.3840710842264781,1.6977533674698586,-0.1231094538828529,Cammeo,0
-0.6212143975559427,-0.8033858215471993,-0.8706018667199059,-0.04990850662749506,-0.891865923153781,-0.6670395872094419,1.7596011585854525,Osmancik,1
1.1127446975600037,1.4252715687303281,1.5515017974929157,0.061800084049891305,1.3994964867138642,1.1424920896726927,0.07894473646125302,Cammeo,0
-1.3805449492222048,-1.1510859459206477,-0.9778226475697627,-1.6771669374916998,0.33380732471638125,-1.355338084864609,-0.9454414772423392,Osmancik,1
-0.8417212117212215,-0.8300282055006506,-0.8189383865966134,-0.5759972293895536,-0.37167972607272615,-0.8006405241007397,0.6600646730234017,Osmancik,1
-0.9204323054915048,-0.9306035896586684,-1.1044733231282697,-0.18594786194102997,-1.1007063259406424,-0.8970361367944609,1.186511494837821,Osmancik,1
-0.09280830481867328,0.1778271372590942,0.3932910016846288,-0.7254804835811312,0.9829364755495088,-0.08528360884733509,0.3551395332028433,Cammeo,0
1.3349877858525683,1.7533887457815955,1.7570090928095574,0.2858349986864446,1.4182461445955499,1.3798169606905677,-0.5107708547205267,Cammeo,0
-0.07776059571553089,-0.4792185775510934,-0.7475252462329183,0.9154746794733494,-1.590622474522888,-0.119106630845132,1.6265721419901058,Osmancik,1
-1.1021623308140707,-0.7164821645504544,-0.5175458678363726,-1.521181083842795,0.6954254779662624,-1.08869992811531,0.7001373618652625,Osmancik,1
-1.0778544930320713,-1.0251839671970342,-1.0183431266424305,-0.8504471064854049,-0.3921034093638262,-1.0402202632518012,-0.9490281421724617,Osmancik,1
-1.4395782695499173,-1.4331453646137744,-1.1508349687537085,-1.5917051779572238,0.06651649021179036,-1.472591227790305,1.7450485548786523,Osmancik,1
0.4830559473977375,0.5246868321534882,0.42915963287166964,0.555721576163125,0.15928444282229876,0.5088741442472973,1.12514867150107,Cammeo,0
-0.0823906600549593,0.1655566958721507,0.4128637888924818,-0.7341847828547159,1.0048707947836892,-0.10501370501271662,-0.1861799925218173,Osmancik,1
-1.8823281720077607,-1.4474053069139996,-0.730269234362747,-2.584950765899485,1.646392302746004,-1.9089082115618852,-1.1001077249387172,Osmancik,1
0.22782365068674537,0.8520473661844487,1.03488093699162,-0.8037645103812897,1.5205222175536535,0.3544156771240247,0.5398234667240766,Cammeo,0
-0.2230288643650978,-0.2433844901335988,-0.39309347139669454,0.1099791800291164,-0.4108129364994066,-0.24819783147005686,1.4742545813286143,Osmancik,1
2.612306785492386,2.072232129791881,1.9520983051203114,2.2712024329980816,0.44068983403220574,2.5326182937821455,-0.43389127043769515,Cammeo,0
1.2018734360940009,1.2731196344671853,0.7907926668902683,1.6305214531326258,-0.22733516525775965,1.2169027380678459,-0.8012151241328875,Cammeo,0
-1.5072929605140581,-1.0478490592516503,-0.9374877544869128,-1.884667920174755,0.5381874817206531,-1.433131035459542,-1.3942088499282201,Osmancik,1
-0.7821091333510806,-0.874264890826866,-1.1116388591858455,0.027718153560857304,-1.310934105950366,-0.7369404993382221,0.7447894119308087,Osmancik,1
-0.300582442050524,-0.4636984185142215,-0.6383222676044885,0.38810265681838835,-0.9580300575713491,-0.3310642353646593,0.09958464331397286,Osmancik,1
1.2041884682637152,0.8094359671651298,0.8680844395229886,1.0994621641187206,0.21592325800108425,1.1486929770389556,1.586656032283904,Cammeo,0
0.018891997370037557,0.14689881945163152,0.24047095897032134,-0.26200558892698395,0.5413234128814198,0.03591555331143717,-1.0416126908944812,Cammeo,0
-1.7596314670129074,-1.553808124774178,-1.1793394084574527,-2.319501583885816,0.6167204853874979,-1.7848904642366297,0.8192701730023111,Osmancik,1
1.0403999422564345,0.9767164870150874,0.8619731712948956,0.9400487107558628,0.31641064627516213,1.0387681555461155,0.22522513015326737,Cammeo,0
-0.8127833095997938,-0.8213999101775558,-0.8783877653349956,-0.46214707222422446,-0.5436285072516637,-0.8107874307000787,-0.12517429302649544,Osmancik,1
0.6219578775805903,0.18925800413084806,-0.18456713638653555,1.6146476211240393,-1.3971865452807803,0.5624272624104757,-0.14570852824579017,Osmancik,1
-0.23171023500152613,-0.019093269854142426,-0.2691272579725995,0.04413181885772547,-0.21262724680630216,-0.2047916199062175,-0.4219781435891486,Osmancik,1
1.8686027009716946,2.0444406744042007,2.1772524477815844,0.7840136571110666,1.4339372663268508,1.8736330818584026,-1.1465176264829193,Cammeo,0
-0.3399379889356656,-0.3466778044176684,-0.4312022038974562,-0.020511509080814436,-0.35182933915470954,-0.31809874359883716,-0.35472933313803934,Osmancik,1
-2.391635249344888,-1.8432356220537511,-0.9275157748931683,-2.584950765899485,2.0928554527303844,-2.4123075222957624,0.9448350699140461,Osmancik,1
-1.0940597182200709,-1.4579111028840916,-1.592820637293435,0.025132420443315706,-2.1023754819558844,-1.1292875545126664,1.2928472397693511,Osmancik,1
0.7145591643691589,0.5624796548310558,0.5912328362050727,0.5917277731582364,0.29359918359016923,0.6762981031363919,0.13791799249617215,Cammeo,0
-0.9042270803035053,-0.9710305560035419,-0.8957047679060461,-0.7337925495541163,-0.33561078476017703,-0.9184573840597323,-0.7867697347110953,Osmancik,1
-1.0130335922800733,-1.2168377969033854,-0.9717017950886744,-0.9006352022969694,-0.29054109039021675,-1.032891941818945,-0.6633113285357398,Osmancik,1
-0.07023674116395968,-0.31252712780395103,-0.751785011041465,1.0613280673011898,-1.734147221524345,-0.05878890828239417,-0.5121461286066361,Cammeo,0
1.720440642109985,1.622584404257485,1.3709832636221975,1.6680132166704262,0.3100671219069931,1.723684351001503,-1.169890340614655,Cammeo,0
-0.2826409427352388,-0.3527010248448574,-0.5830568509464175,0.27208359983406427,-0.784272526335333,-0.27412881500170116,-0.15840377944684086,Osmancik,1
-1.26247830856678,-1.3735560931681772,-1.3370343507634581,-0.7948183111278927,-0.8746612989975449,-1.2566876040377013,0.07965358486357185,Osmancik,1
2.071746773864117,2.2122820505494367,2.3040163917845833,0.8430673188494217,1.4849520440856872,2.108703084743091,-1.1857148605515135,Cammeo,0
-0.7126581682596541,-0.973663844706983,-1.418553650262832,0.8706562165469968,-2.6931688603459043,-0.6388537355446111,0.9128350768052308,Osmancik,1
0.5721846859317348,0.2652360778999052,0.49063303158351346,0.38925339005568754,0.3348851218977783,0.48745289698202593,-0.36130411418413916,Osmancik,1
2.184604592137685,1.9470602902087668,1.91568250021681,1.7491850098962538,0.718397463635724,2.1639473540061593,1.194184643810909,Cammeo,0
-1.393277626155633,-1.0879947424850214,-0.6247492227716923,-2.1527053978057515,1.0407161505107305,-1.433131035459542,-1.2469781828611712,Osmancik,1
-0.2768533623109533,-0.20060551819678826,0.13575166815223913,-0.8674170050691861,0.8526692071756079,-0.33670140569762547,-1.1995524452496635,Osmancik,1
-0.6113755108346572,-0.7979226024514238,-0.8889469982486339,0.054235584681184786,-1.0101770956670253,-0.5768448618819835,-0.7624999686839332,Osmancik,1
0.9744215254195794,1.4064452644284542,1.2864762910754728,0.3317768615190441,1.0547275138688967,0.9919796417824964,-1.5604334146090897,Cammeo,0
-0.18309455943752762,-0.1754473515125476,-0.4410644002296183,0.37838975762897603,-0.689839147761017,-0.1377092929439203,-0.38385922297696523,Osmancik,1
-1.1658257154812115,-1.1048041870299417,-1.1810950693470461,-0.8387498074616002,-0.6167467266747347,-1.147326499578158,-0.22101537923990788,Osmancik,1
-0.5552359807190875,-0.6685195467016445,-0.7563549571287687,0.017248121101298017,-0.7954432061648652,-0.5435855569174832,0.47705065984060185,Osmancik,1
1.0953819562871472,0.9821797061108628,1.0292253564286673,0.7232694288471258,0.60726109523162,1.056807100611607,-0.7367546564177767,Cammeo,0
-0.9152234831096479,-0.5107086066176976,-0.3437755193700712,-1.4282614249307162,0.7962167133180799,-0.841228150498096,-0.434492904555006,Osmancik,1
-1.603366795557198,-1.4953397109552742,-1.0368694876823423,-2.1315452995716626,0.6223445228074471,-1.6287408460134674,-0.9879530982366833,Osmancik,1
0.304798470329743,0.5946416854953562,0.5016714771469183,-0.012332009763432591,0.6149862638589203,0.3623077155901773,0.3709393707143763,Cammeo,0
1.1897195172030013,1.4822831241236931,1.6594265852900651,0.04389401887757101,1.482254684650329,1.1695505072709302,0.2449556438978981,Cammeo,0
-1.4135341576406324,-1.564285706936733,-1.5939411235981582,-0.7025765188259093,-1.3541033228435546,-1.4500425464584403,1.7237483931484734,Osmancik,1
-0.7664826662055095,-0.7704680028264566,-0.9345793693507032,-0.18115906234067808,-0.8637457360540347,-0.7110095158065779,0.8641729039500702,Osmancik,1
-0.8660290495032208,-0.6942095009097603,-0.4186172084189026,-1.2954392026820296,0.6302474133104033,-0.8880166642617151,0.22404731566976263,Osmancik,1
-0.4412206463606625,-0.6077538449781479,-0.7199513503654449,0.14448341048290747,-0.8568805119863597,-0.4370430376244229,-0.20152551914220151,Osmancik,1
0.11438707437074888,-0.2412556301103608,-0.6155797065423723,1.3304616115073837,-1.7756682113449183,0.132874883038455,0.8733485955648523,Osmancik,1
-0.17672822097081353,-0.43405767628707936,-0.7386624260994479,0.8058406886228278,-1.4755446935538348,-0.1929535622069886,1.3682443358810654,Osmancik,1
0.12364720304960575,0.5365657000903745,0.6381564675743283,-0.5693155966138342,1.0864394027460165,0.12892886380537869,-1.2668459925966753,Cammeo,0
0.24576515000203053,0.06755902776636327,-0.2620174848415418,0.9948301728507531,-0.9730446895824062,0.24618200673107463,1.2834818020098786,Osmancik,1
0.7666473881877287,0.9781733454406275,1.117447533954662,0.1394540775692959,1.0374110969199093,0.8211733806936221,-1.078328569892064,Cammeo,0
1.0363486359594347,0.8430548562549705,0.884261787283327,0.7714006914970095,0.44779870905844127,0.9790141500166744,-0.04805714039990517,Cammeo,0
0.8957104316492961,1.059558210690388,1.0424542394493563,0.3492387600617655,0.8509722499112914,0.8459769301586731,-1.0780022990822915,Cammeo,0
-0.15820796361309983,-0.4843457958480207,-0.609250614382568,0.6353886695145268,-1.1345824086261471,-0.1968995814400649,1.9114119582019784,Osmancik,1
0.6717310692294459,0.7623984202179817,0.7183034763039176,0.44327498554732825,0.5115979959370398,0.6768618201696885,0.7051617780705997,Cammeo,0
1.661986079824701,1.4396717251043745,1.2913738443560685,1.4334850362429168,0.3878835051074835,1.6526560048061294,0.7298426607445908,Cammeo,0
-0.09685961111567315,-0.15732126261590834,-0.27330599227854957,0.16644027531716923,-0.3132235613912659,-0.15236593580963229,-0.7462573901681226,Osmancik,1
0.08834296246146398,-0.21693789290517607,-0.3935151785284893,0.6843098654318202,-0.884493331795927,0.05451821541022547,0.0972197584374663,Osmancik,1
-0.6605699444410843,-0.7280523905321663,-0.6252214650556425,-0.4945931028497821,-0.20236810820997272,-0.6940980048076795,1.0682811348767387,Osmancik,1
0.32331872768745673,0.662186395702484,0.6238837722728737,-0.20350952714209206,0.8460676994395566,0.37358205625610963,-1.3448008050327522,Cammeo,0
0.5270415586223075,0.8267216265827179,0.9473915191719039,-0.179740462459067,1.0949815187049556,0.5178936167800431,-1.510185395926761,Cammeo,0
0.7759075168665855,0.5989840469644397,0.3285955513749111,1.1470221601496073,-0.3760797757361421,0.7574733559311045,-0.9229758422413183,Cammeo,0
-0.9123296928975051,-0.795737314813112,-0.7944044415201033,-0.8364893409835802,-0.12718888832566647,-0.9195848181263255,0.5066163487516824,Osmancik,1
-0.5245618044703741,-0.49807309566050273,-0.41516339215768944,-0.4802526707132261,0.027930777821404625,-0.552605029450229,-1.1702505497592501,Osmancik,1
1.8795991037778372,1.9152898329945236,2.111189063180721,0.83177455312519,1.365743662748567,1.846574664260165,1.5182733729194013,Cammeo,0
0.10396942960703492,0.3302594996698746,0.5586820991458572,-0.4754324377821641,0.9630631567765795,0.07368459454231038,-1.464466602291675,Cammeo,0
-1.9708781524993295,-1.3439717785561105,-0.8764595878914869,-2.584950765899485,1.5048396952679595,-1.983882576990335,-1.712645303637156,Osmancik,1
1.7725288659285547,1.9443141462751783,2.2120459000416997,0.48555964868513846,1.6080273094592552,1.7107188592356808,-1.2839617119083782,Cammeo,0
-0.6941379109019404,-0.7060037274240344,-0.7014894652093197,-0.5010642689763991,-0.2888040023797737,-0.6907157026078997,-0.5542211792030342,Osmancik,1
-0.4273304533423772,-0.8600613761417131,-1.149407786353136,0.8867992818664453,-2.2180150933705596,-0.4359156035578297,0.020108776417207413,Osmancik,1
1.3205188347918544,1.1921554114388853,1.1933495899030642,0.9443140770665643,0.6098552613198228,1.259181515565092,1.2645542384141204,Cammeo,0
0.5241477684101647,0.6769225528753768,0.9054734817533745,-0.287968153426951,1.1270373854059201,0.48068829258246654,0.17572529748862012,Cammeo,0
0.2150909737533172,0.3683327504950814,0.35034657789987733,0.0956387478925604,0.4011065859526547,0.23941740233151523,-0.5521486268014774,Cammeo,0
0.24518639195960198,0.6975425713655056,0.7848199346827437,-0.4760406043980764,1.1458529723705209,0.3177740699597447,-0.5752621754672945,Cammeo,0
-1.1710345378630684,-1.0197771757163325,-0.6427162119549694,-1.6580664057523966,0.6710919134107382,-1.2076442221408958,0.9203346774752482,Osmancik,1
0.5739209600590204,0.9086947069714272,1.0837179337770249,-0.3288902500118073,1.2858118159314038,0.5404422981119077,-1.0544467807379883,Cammeo,0
2.4421519210183913,2.033066235147519,1.6621302159304645,2.4955393809427595,0.047583377490707394,2.429458076688865,-0.491478454025425,Cammeo,0
0.09586681701303518,0.012956760543875342,0.18368687386036056,-0.17811139592835368,0.42929556861717094,0.0443713088108864,-0.5766019683669984,Cammeo,0
-1.1912910693480678,-1.385154532957426,-1.3842916883960938,-0.5585380641799373,-1.1673348304204083,-1.1845318237757345,1.2862153806146859,Osmancik,1
-0.37466347148137885,-0.2777035946286726,-0.2272815380993999,-0.3456250819485392,0.13106966182099375,-0.4009651474934396,-0.957438678602151,Osmancik,1
-0.5141441597066603,-0.2810379537012116,-0.24786677094184714,-0.7104567181682692,0.3785015099619718,-0.48552270248793183,-0.8590915548924014,Osmancik,1
1.9120095541538362,1.927449129079049,1.7845097998359758,1.398080172530957,0.8191084374953045,1.9012552164899368,-1.206633987340729,Cammeo,0
1.8390860408078384,1.5309177435701995,1.2220274174564505,2.0325168529175293,-0.0677179890638484,1.8014773015964358,1.2970586785905271,Cammeo,0
-0.9424251111037898,-1.0633410044809868,-1.1674732319535466,-0.20738812681840446,-1.173684087752308,-0.9252219884592916,0.3792357509269349,Osmancik,1
-0.41575529249380616,-0.3763185466448105,-0.3831424029003959,-0.30292221884562975,-0.07307257718844841,-0.4359156035578297,-0.4650551463886066,Osmancik,1
2.439258130806248,1.929690844332433,1.5689808610691611,2.506848546665625,-0.046890131829724443,2.4401687003215007,0.24090464084133825,Cammeo,0
-0.07139425724881679,-0.27439830432753526,-0.22486369245740254,0.17080267495310622,-0.2602624424458111,-0.1078322901791997,-0.1324563798233312,Cammeo,0
2.6435597197835277,2.414021034004423,2.125624690783096,2.1781392740979784,0.6358771836940834,2.6718564010064094,-1.145435456397551,Cammeo,0
-0.6559398801016558,-0.7495401973450182,-1.219181148158908,0.5437003771663512,-1.9881949098107068,-0.5858643344147293,-0.3888497008474797,Osmancik,1
-1.1258914105536413,-1.455557387364425,-1.286433851426917,-0.664263388689989,-0.9225831428235955,-1.1772035023428786,0.5651846587461038,Osmancik,1
-1.052389139165215,-1.191455629686581,-1.345837922787503,-0.19506489451350353,-1.4598105745945578,-0.987794579155216,1.1585802452787684,Osmancik,1
0.38003701584545496,0.5603790086153563,0.5182844727706761,0.2093727384009175,0.4827611883709392,0.4158608337533558,0.05918259835917391,Osmancik,1
-0.15762920557067125,-0.5827923199828021,-0.7349184683611936,0.8467395518762871,-1.507700887120089,-0.18337037264094613,1.7352118370606198,Osmancik,1
0.5183601879858792,0.9559571094150056,1.2518300877931943,-0.4781480042222038,1.4896215430444468,0.5026732568810345,-1.4334014560420658,Cammeo,0
-0.8093107613452225,-0.9158674324857756,-1.023962112784856,-0.24335059048383234,-0.9327304886271737,-0.8198069032328246,-0.7372105099605084,Osmancik,1
1.4264315565562797,1.3942030368490475,1.083259632224706,1.3855232402455595,0.22922946682035256,1.5015798398826365,-1.1791215676864197,Cammeo,0
1.1555727926997166,1.1081364025218206,0.5978677531650013,1.6604869839651928,-0.45718688011813186,1.3262638425273892,-0.5899358773233483,Cammeo,0
-0.3520919078266653,-0.27790023631756594,-0.275447637175137,-0.2387845575315562,-0.001912164879457557,-0.31809874359883716,0.2520518411790006,Osmancik,1
-0.33299289242652297,-0.23234690663963,-0.41639453301972185,0.024747020475479168,-0.3703840762695574,-0.2932951941337861,-1.1355732848284015,Osmancik,1
-0.603851656283086,-0.1419131038453192,0.5029095883747622,-1.9983185440234028,1.82626117331909,-0.6326528481783484,-1.8188692063289293,Osmancik,1
-1.5148168150656294,-1.7087053480070429,-1.592348395009485,-1.0397509240204335,-1.020651220403261,-1.5346001014529327,-0.548545764029735,Osmancik,1
0.09355178484332097,0.0008538920744235441,-0.2254431041157563,0.6283763034330755,-0.6242769745351866,0.12441912753900575,0.8309472741586819,Osmancik,1
-1.4389995115074887,-1.4061661248976103,-1.0067383388565778,-1.7804390955398133,0.38296462222642697,-1.4759735299900847,-0.6709952760699076,Osmancik,1
-0.2780108783958104,-0.6260757205998173,-0.6719603817308053,0.38584355700692097,-1.0020993497702786,-0.31809874359883716,1.1264830651202338,Osmancik,1
-0.7809516172662234,-1.1138249107669551,-1.1334491338202373,-0.05230017309456578,-1.2684299128499545,-0.8028953922339261,1.5746102373992326,Osmancik,1
0.342417743087599,0.15384625581661918,0.007426362206735377,0.7767375243849587,-0.4617130549836262,0.3059360122605158,-0.815193861450868,Osmancik,1
0.115544590455606,0.14650639103770963,0.19465561576561452,-0.08186937062687549,0.3729376686611963,0.140203204471311,-1.1154239411790274,Cammeo,0
-0.10611973979453,0.011723902650900668,-0.11344239490842462,0.014149888026526981,-0.015312967600284635,-0.10726857314590307,1.137122733087139,Osmancik,1
-0.3590370043358079,-0.23943455707843725,-0.2247103444094794,-0.3433400154725722,0.13211592770187114,-0.3699607106621257,0.5483365894840253,Osmancik,1
0.7215042608783016,0.6700033303179261,0.446043601466478,0.8987794808666457,-0.06672618633841393,0.7659291114305538,0.004350590498411261,Cammeo,0
2.2714182985019677,1.6570719366339153,1.413652357957266,2.4268425200091754,-0.14381161666322287,2.2310296809684567,-0.6928307378993349,Cammeo,0
-0.4736310967366615,-0.6251797184695556,-0.8250836353580534,0.31191509650993626,-1.1513140632745895,-0.4646651722559571,0.6265536526891864,Osmancik,1
-0.8434574858485072,-1.0033319457777972,-1.177473964306277,-0.11623283442574753,-1.2745670505238136,-0.8508113400641385,1.362356034789333,Osmancik,1
1.0351911198745776,1.239669173258701,1.4179556875521548,0.10501954710968804,1.281876136330175,1.0669540072109462,1.0134429564096448,Cammeo,0
1.6926602560734143,1.607231818138105,1.2756922638643067,1.616890320936878,0.2564925758423389,1.7231206339682064,-1.0602510073184552,Cammeo,0
-0.6131117849619429,-0.614113066204185,-0.5950981578914196,-0.44787770674840427,-0.20417972474891663,-0.6427997547776875,1.361317830274076,Osmancik,1
-0.6217931555983712,-0.5955389762424118,-0.7778045153322465,0.05474125130565116,-0.8569837053335148,-0.5402032547177035,0.2606876047397858,Osmancik,1
0.4570118354884526,0.5889826796745539,0.6275580263529804,0.11302274644178296,0.6457952109484282,0.48068829258246654,-1.1953240372610763,Cammeo,0
-0.4336967918090913,-0.4905930168077752,-0.6608766287896062,0.10288344728795575,-0.7423731609085246,-0.4139306392592617,0.4024958514931227,Osmancik,1
1.0033594275410072,1.0071412311062087,1.0685251501880249,0.5867982069029656,0.7262344250557756,0.9801415840832676,-0.8229024914103614,Cammeo,0
0.5779722663560203,1.1279159915328947,1.7607879023768855,-1.2148824094048774,2.178640655516741,0.5477706195447637,-1.6867850638280772,Cammeo,0
0.580866056568163,0.9672469072490767,0.616486471551957,0.5424990772666055,0.3510692785099258,0.8414671938923002,-0.8123723517058383,Cammeo,0
-1.0396564622317868,-1.1942573462713801,-1.1308239197952523,-0.5789984291390892,-0.7799441387185525,-1.08869992811531,1.1850498324630723,Osmancik,1
0.7122441321994447,0.9618683295759118,1.0043272097383358,0.10065578080719845,0.9713444228857655,0.7879140757291218,-1.5412621120632415,Cammeo,0
-1.2277528260210668,-1.1684271779894446,-1.1394401632380255,-1.0427275237720222,-0.38278734330121916,-1.232447771605947,-0.6000865247384906,Osmancik,1
0.22435110243217404,0.10890935508517058,-0.13803994457299448,0.8038959221184612,-0.6581243924020371,0.19770234186756572,-0.6163746114759951,Osmancik,1
1.5595459063148471,1.9004698893628849,2.325756962760827,-0.012925143047266129,1.9185389575306122,1.5742993371779,0.11853534668347372,Cammeo,0
1.521926633556991,1.6701545936923747,1.7532703628456658,0.6467033019036003,1.2198397357988189,1.553441806945925,1.304673978129258,Cammeo,0
-0.462634693930519,-0.2306096200664507,-0.04871209276963464,-0.8639169720279471,0.6820046098723774,-0.49003243875430474,-0.12618627246484398,Osmancik,1
0.5102575753918795,0.6954692839934765,0.5021890268086627,0.4224934539483126,0.3232959357158951,0.6024511717745354,0.3794563501032822,Cammeo,0
-0.8874430970730772,-0.9541928976510832,-1.1209530105058219,-0.14769349846687202,-1.160426609124752,-0.9021095900941304,1.4084250103337255,Osmancik,1
1.321097592834283,1.3597155044726188,1.5091393992536968,0.504739447084493,1.122588605550792,1.2704558562310244,0.16660899795977765,Cammeo,0
1.4044387509439946,1.3704453009752748,1.531418430989133,0.6059944053009514,1.0814631902276464,1.3319010128603554,-0.8018884915488008,Cammeo,0
-0.11306483630367264,-0.47549264502849725,-0.8720124945016685,1.1268487951665092,-1.9894074316397785,-0.11121459237897938,1.4609816071097868,Osmancik,1
-0.2837984588200959,-0.3667651804200539,-0.4160434008418016,-0.017202809356941177,-0.3363474705995893,-0.3383925567975153,-0.7891593020129274,Osmancik,1
1.1619391311664307,1.3815957396993925,1.3416144985574228,0.6036683388284061,0.9377435224593356,1.1492566940722522,-1.427315695547729,Cammeo,0
0.1988857485653177,0.3558656674192446,0.3420805953392959,0.04705375194720958,0.4265036152802542,0.22025102319943032,-0.856648766110961,Cammeo,0
-0.6478372675076561,-0.5376032049112512,-0.5699412363702151,-0.5137947679139784,-0.12202348800418403,-0.6585838317099927,0.05092169913302086,Osmancik,1
-1.2937312428579217,-1.3404142739148692,-1.3815610475881608,-0.7979247442019793,-0.9364483156066202,-1.2640159254705574,1.4156723874699473,Osmancik,1
-1.0466015587409294,-1.123321849376638,-1.3737934461833348,-0.18055362905787103,-1.5187741065661968,-1.0041423731208177,-0.010984137560893014,Osmancik,1
-1.0917446860503566,-1.0574579981276173,-0.9925057231585598,-0.8528715729497383,-0.3571065322689433,-1.0864450599821236,-0.889786464762127,Osmancik,1
-0.5864889150102294,-0.5230072618121779,-0.3432597122997804,-0.7954387777427785,0.3425959581157515,-0.6027758454136278,-0.21405030734334746,Osmancik,1
0.21219718354117442,-0.23444755285532956,-0.8036166512400387,1.7988934057478514,-2.543736294219822,0.21799615506624387,-0.3837149850539689,Osmancik,1
0.9182819953040098,0.7438799029074189,0.6523890832723448,0.9076272801282522,0.13690008593525305,0.9372990895527248,1.1920820097034865,Cammeo,0
1.9531013751662634,1.9461078604634314,1.835830860738618,1.3395390107498315,0.8921922591359905,1.9908862247840986,1.1068142574389168,Cammeo,0
-0.2131899776438124,-0.4542014799045387,-0.626108444105571,0.5037732138317964,-1.0422788260778364,-0.2459429633368704,1.597335037866172,Osmancik,1
0.14390373453460512,-0.038087147073508146,-0.2535023117030826,0.6175714376681263,-0.6502874309819856,0.1306200149052685,0.9637418077134358,Cammeo,0
-0.8608202271213637,-0.6532507470410102,-0.25419412051019613,-1.4931808195128837,0.9236346987177557,-0.9054918922939101,1.5974183410516458,Osmancik,1
-1.1438329098689264,-1.2637359847405805,-1.602441484709261,-0.0973414026689941,-1.989636750189012,-1.1129397605470646,0.3051699631312187,Osmancik,1
1.8668664268444088,1.5870050830257645,1.4610630436378265,1.755199709394301,0.3352348326853592,1.8510844005265379,0.7170193694621637,Cammeo,0
1.7378033833828415,1.4938533501054019,1.042736539264859,2.032206619610089,-0.24751806407216465,1.7608896751990795,0.38896988241470815,Cammeo,0
0.9292783981101522,1.275837564593237,1.3934269702500057,0.09179294821351068,1.271691526262357,0.9660486582508522,0.5453083644268939,Cammeo,0
1.078597973056719,1.002154226883101,1.1229881034816713,0.5094243800268464,0.8190826391585158,1.0049451335483186,-1.4016683416570834,Cammeo,0
0.8256807085154412,1.1725442503091674,1.1712665997061666,0.09462194797741719,1.1053839813945505,0.9034760675549279,-0.7600965175178555,Cammeo,0
0.43733406204588177,0.8121812561348536,0.9024683827914867,-0.40443001037432136,1.1940070012276705,0.45588474311741545,0.7740434852221539,Cammeo,0
-1.1062136371110705,-0.7290330340850387,-0.39862445667071017,-1.8840460868933167,1.0598241186256092,-1.106175156147505,0.4750845503982616,Osmancik,1
-0.3902899386269498,-0.1495889694230769,-0.12075692253529097,-0.5374763659376363,0.3823024649155155,-0.3085155540327947,1.2380630541076567,Cammeo,0
0.005580562394180826,0.34917044539435926,0.2868395749615765,-0.36579024693232687,0.6545379806379517,-0.004672073085919119,-0.7835062552875796,Cammeo,0
2.421316631490963,1.8237078137298486,1.7642364908637391,2.145612610145817,0.3576048571630778,2.3336261810284404,-0.6492400321227884,Cammeo,0
-0.9696267390979318,-1.0454115572732394,-1.172230506622122,-0.2498436232752912,-1.141020526895875,-0.9550989912240122,-0.6621196301879895,Osmancik,1
-0.830724808915079,-0.6567244652235039,-0.500415322550867,-0.9640813303354213,0.3032104972849143,-0.811914864766672,0.989942973522324,Osmancik,1
0.5455618159800213,0.5469868546378576,0.5757263861544067,0.3609442590848859,0.43476768249825304,0.5776476223094843,-0.6985748010680708,Cammeo,0
-0.6096392367073715,-0.47666993027026294,-0.11735277013050635,-1.1983812774486422,0.8473146190510079,-0.6394174525779077,0.7690260109489395,Cammeo,0
1.0103045240501498,1.2157438644674368,1.255073050488511,0.3767811910965519,1.0040939781981557,1.1024681803086331,-1.3489266266910802,Cammeo,0
-1.2399067449120664,-1.5933938066761337,-1.5871519872945796,-0.4863493702044275,-1.5605989434645045,-1.27021681283682,0.1674682548914242,Osmancik,1
-0.27511708818366765,-0.32981278722153906,-0.25849047973927197,-0.1507753315430117,-0.050241049130397564,-0.3079518369994981,1.7677070213275292,Osmancik,1
-0.6015366241133718,-0.6159905668511839,-0.5749215627448628,-0.44052230736224735,-0.18622981530767188,-0.5774085789152801,-0.8910861487206767,Osmancik,1
0.8818202386310109,0.8842649694999581,0.7908946084903091,0.7589025258733743,0.37019731199785716,0.9446274109855808,-1.3028399106534851,Cammeo,0
0.8962891896917247,1.0121838079805252,1.0122908526817018,0.4080614551527316,0.7898559900587183,0.8820548202896565,0.3194448895531061,Cammeo,0
-1.3510282890583487,-1.3499394263320905,-1.1075733933243854,-1.3345381660857016,-0.09476037898219764,-1.3705584447636177,0.7116493993022686,Osmancik,1
-0.5332431751068025,-0.3679133968904164,-0.3521695824024973,-0.6264818918430348,0.20763339244629667,-0.5621882190162715,-0.7858086627749807,Osmancik,1
-1.9922922000691858,-1.6818663223646984,-1.589379890468123,-2.178965895614188,0.027282952919820257,-1.9726082363244026,-1.100594431513106,Osmancik,1
1.249910353615571,1.2827567871506877,1.325846659788703,0.8119770214440549,0.8010410022975722,1.2405788534663038,1.6042252911609642,Cammeo,0
-0.9430038691462184,-1.1643370308604635,-1.093122082398929,-0.5405048990182242,-0.7622923433913111,-0.9697556340897242,1.681519848719582,Osmancik,1
-0.19640599441338435,-0.5165351853559933,-0.8985390929054738,1.0526032680293158,-1.960235245695424,-0.1794243534078698,0.971197442813342,Osmancik,1
-0.28148342665038173,-0.7222813844450796,-0.9029835724081118,0.737568860987106,-1.663032672925201,-0.3276819331648796,1.010427072565176,Osmancik,1
1.667194902206558,1.678251101491591,1.8475541447433201,0.7255039286606462,1.243026707608176,1.6566020240392056,1.466626169251429,Cammeo,0
0.9778940736741507,1.0418519090513396,1.2867054418516315,0.1422830773332024,1.1647975510190656,0.9198238615205298,-0.49199601363147066,Cammeo,0
1.3239913830464258,1.2680770575928701,0.954247745246448,1.2481718850415173,0.19856957678784637,1.3657240348581523,-1.0483749041078971,Cammeo,0
-0.2693295077593821,-0.11641893636223193,-0.025497289423568263,-0.4829450038218714,0.4383937820580063,-0.29160404303389625,0.7188042173435193,Osmancik,1
-1.0246087531286445,-1.103178900723045,-0.8173561135566624,-1.0478374900122378,0.016307193857136432,-1.0723521341497082,1.1975314264198984,Osmancik,1
-0.5465546100826593,-0.6750189820015012,-0.392629070774286,-0.6912154197740471,0.21297078167970418,-0.6140501860795601,1.772672045446927,Osmancik,1
-1.429739382828632,-1.676571531150281,-1.5472196328375323,-0.8951248027568385,-1.0917428371474818,-1.4675177744906354,-0.019084601022429832,Osmancik,1
1.468680893653564,1.2885286482016391,1.1114817721129506,1.4131449379403973,0.23742187199171594,1.4621196475518734,-1.1569096988707774,Cammeo,0
-0.24154912172281154,-0.31078984123077175,-0.29272281755129725,-0.057039772699023626,-0.1610219737831899,-0.25778102103609934,0.7062269789885565,Osmancik,1
-1.5715351032236275,-1.2408186783458606,-1.0046881800113108,-2.0030936769582284,0.5578544137992829,-1.529526648153263,0.7357409890716116,Osmancik,1
-1.109686185365642,-0.7103743027006564,-0.2967098667973414,-2.003744210237272,1.2280694052344272,-1.0898273621819032,-1.0824389650345634,Cammeo,0
-1.1739283280752113,-1.322707972275824,-1.321512217389709,-0.5850855619644223,-1.0478512668242081,-1.191296428175294,-0.6074781397977086,Osmancik,1
-1.3255629351914924,-1.5067697228631634,-1.289203700542558,-1.1321102496459414,-0.5019441279647616,-1.3688672936637278,0.10029194906470884,Osmancik,1
1.477941022332421,1.5252305239418587,1.5988114128691622,0.7558220594637871,1.046331588485094,1.4874869140502212,-0.9268224439631507,Cammeo,0
-0.15531417340095705,0.25537406971997256,0.36591488994714927,-0.7260954835298065,0.9602138738023491,-0.06498979564865694,-1.2727504915300276,Cammeo,0
-0.4666860002275188,-0.69580657340912,-0.49560751273013454,-0.3647447470195788,-0.15366084835279759,-0.520473158552322,-0.2846258459328692,Osmancik,1
1.0687590863354337,0.9200691462281105,1.0099383542192195,0.7935775896462418,0.54582092292826,1.033694702246446,-0.894226987343356,Cammeo,0
2.528965627382674,1.993678049898321,1.7544509685555396,2.386137723406182,0.200372593881194,2.454261626153916,0.3867878017507691,Cammeo,0
-1.879434381795618,-1.9727224642622765,-1.662066865184466,-1.9020204853932674,-0.31310030267105293,-1.9213099862944105,1.4640098321669182,Osmancik,1
1.6729824826308435,1.411404054844025,1.4699833692892672,1.2151286211324683,0.67573848051458,1.6069949251091036,1.431180663832322,Cammeo,0
-0.43427554985151984,-0.6121799929059756,-1.0131920263053211,0.6542418346078072,-1.7576036426290569,-0.43366073542464323,-0.3567764317884792,Osmancik,1
0.04262107710960825,0.2237164677358767,0.11253860739762644,0.04622281868322158,0.1999483545651122,0.08326778410835284,-0.44022231253370486,Cammeo,0
-0.8017869067936514,-0.8334745648394722,-0.5938469772276698,-0.8956004027171474,0.14978205543843956,-0.8406644334647994,1.0826007981945287,Osmancik,1
1.1457339059784313,0.637141084248394,0.04587054356233251,2.433335552800634,-1.7834191783090074,1.1746239605705997,-0.16744911700287232,Osmancik,1
-0.8828130327336489,-0.7792647260309062,-0.5660622277942998,-1.074722554435218,0.31677182299020473,-0.8981635708610541,0.8533033808973206,Osmancik,1
-0.0019432921573903697,0.06159137999038322,-0.11171810066499936,0.3600654924915565,-0.27683357410979004,0.07537574564220023,-0.628691913039248,Osmancik,1
-0.70629182979294,-0.9949558647948064,-1.1243606480935138,0.1984284726476019,-1.4930216334872857,-0.7307396119719595,1.2340351908248395,Osmancik,1
0.1363798799830339,0.2747048027020528,-0.34613411690264145,0.992635306367261,-1.0833641106548664,0.23716253419832878,-0.24498509953420594,Osmancik,1
1.2504891116579995,1.3926341781572247,1.2908467104413273,0.8838213154483067,0.7289575828279223,1.3020240100956348,-0.4666548760800204,Cammeo,0
-1.2410642609969234,-1.2536781898356193,-1.1862845066961367,-1.0282066916505213,-0.45659925133572127,-1.2465406974383624,-0.6837468340537323,Osmancik,1
-1.7984082558556205,-1.8429269800985753,-1.5889407574217929,-1.7868296283398262,-0.3187558713915218,-1.8288603928337657,-0.32370121052641854,Osmancik,1
-0.20508736504981265,0.3164201995911083,0.5572165797333066,-1.110116484814759,1.3510873409706925,-0.22959516937126856,-0.26876507368381364,Osmancik,1
-0.8237797124059364,-0.3293639311925434,0.04188523690774207,-1.80001249390632,1.373993397557239,-0.8254440735657907,1.461107333213789,Osmancik,1
-1.4667798975440594,-1.0708492971412529,-0.86208582228572,-1.9810206454669947,0.6888469020851291,-1.4376407717259148,-1.1911017998788203,Osmancik,1
-0.4371693400636626,-0.5590345841090294,-0.3751404229450486,-0.40714421014780844,0.016289994965943928,-0.4951058920539743,-0.7956692916925476,Osmancik,1
-0.9921983027526454,-1.1641130303278981,-1.1411017241891197,-0.4742516378807075,-0.8890453049982101,-1.0407839802850978,1.0819706250229353,Osmancik,1
-1.4418933017196316,-1.2611864824958836,-1.067776089704999,-1.5876188449649142,0.1606173568897179,-1.450606263491737,0.2969869678099995,Osmancik,1
0.061141334467321964,-0.16886412975394496,-0.1511233212073085,0.3251471620723241,-0.29514179378421196,-0.015382696718554805,-0.7468474543985621,Osmancik,1
-1.03039633355293,-1.108389905478718,-1.057970527595082,-0.6915529864125423,-0.5811564878337103,-1.0543131890842166,-0.772706151556058,Osmancik,1
-0.45337456525166214,-0.6997847202718184,-0.5431157835321018,-0.15720276433994518,-0.3766043419175135,-0.5029979305201269,1.658799676207391,Osmancik,1
-1.399643964622347,-1.047064202423808,-0.9004724981233436,-1.7028315686831974,0.4381100003533299,-1.3739407469633973,-0.9603049252430833,Osmancik,1
-1.0043522216436451,-1.1854324092593935,-1.0776748804576886,-0.6420837572076515,-0.6510155173758017,-1.032891941818945,1.0216969137036749,Osmancik,1
-0.24849421823195417,-0.4334694611481289,-0.4018648054788479,-0.00874724339593174,-0.32620585775974204,-0.3023146666665319,-0.4520598494546919,Osmancik,1
-0.657097396186513,-0.633472012993799,-0.523344340898528,-0.6970264859557527,0.0746057020359987,-0.6642210020429589,-0.7738754814558572,Osmancik,1
0.5768147502711631,0.6788838399811232,0.3448687416652009,0.7001262974451969,-0.029851763621682483,0.6661511965370529,-1.0484990875603164,Cammeo,0
1.3401966082344252,1.5109432227979613,1.5306839286913991,0.5743246412772773,1.0989659284978859,1.2862399331633296,-1.4452096825829788,Cammeo,0
0.8690875616975827,0.8627771626871062,0.876153509249303,0.5279112784840267,0.5978619011949158,0.8493592323584528,-0.5517135990551141,Cammeo,0
0.364410548699884,0.27338815835033226,0.4270598101699724,0.15175544320935505,0.43598020432732465,0.2940979545612869,-0.8401346809165692,Osmancik,1
1.2707456431429989,0.9281374402197885,0.9221892902729018,1.1599644924028465,0.2269334148461531,1.1842071501366422,-0.6207356875007075,Cammeo,0
0.5490343642345926,0.6335553657996159,0.7098370957261634,0.09646831448999578,0.728731130760549,0.5421334492117976,1.5284988389363117,Cammeo,0
-0.7520137151447958,-0.45414505228946495,-0.3747683796696857,-0.9900712281664407,0.4530271719809629,-0.6929705707410863,-0.8838734812450691,Osmancik,1
-0.7734277627146522,-0.3971334968961014,-0.03954083394886093,-1.6529578061787336,1.215124373130207,-0.8074051285002991,-1.0855697764219543,Osmancik,1
-0.3515131497842367,-0.4391284669689313,-0.5697966012795588,0.19514573958822828,-0.7018267749221933,-0.2972412133668624,-0.220942874615514,Osmancik,1
1.5236629076842767,1.5022020722447207,1.5062240437516707,0.9325648447137604,0.8731301547309638,1.5365302959470266,0.5430437519032725,Cammeo,0
0.12364720304960575,0.7915903064161282,0.9041665381631065,-0.7275810500724955,1.3842009394799908,0.23208908089865923,-0.14494568703807165,Cammeo,0
-0.8521388564849355,-0.7630152828173996,-0.9757114980236165,-0.2552009561615296,-0.8547249176235657,-0.7758369746356887,-0.6947389979073184,Osmancik,1
-0.5835951247980866,-0.5683921636087574,-0.9013986854809801,0.27583783285408897,-1.2289297927445006,-0.48608641952122844,0.05218821608253938,Osmancik,1
-1.463307349289488,-1.3732765199844044,-1.1230380211801627,-1.6984172357182612,0.18640422775101426,-1.4692089255905252,-0.34161910866120243,Osmancik,1
1.0676015702505766,1.0523303461777596,0.9342793897786071,0.8469992185212885,0.44396335632251255,1.0624442709445734,-0.6785897498122702,Cammeo,0
0.4714807865491664,0.7327294641833042,0.959857147135878,-0.3098922182639501,1.181930513128661,0.49534493544817854,1.7398775867729446,Cammeo,0
-0.5558147387615161,-0.762819496092371,-1.3712928274472889,1.20305412214014,-2.940837909861246,-0.45620941675650784,0.7488311590778715,Osmancik,1
1.5757511315028465,1.2575994754303133,0.7929404108569403,2.034001052793666,-0.5151098791726244,1.5759904882777898,-0.5838763419059199,Cammeo,0
-0.4516382911243765,-0.011052334706134929,0.37668149124377676,-1.4410465905304,1.4127912296056602,-0.46804747445573675,-1.48042996087099,Cammeo,0
1.2203936934517146,1.0628635009915237,1.1943036587239613,0.7262022952690308,0.7453423931706544,1.1847708671699388,1.7242320144196963,Cammeo,0
-1.0298175755105015,-0.9226755097408068,-0.8636524120025878,-0.9417786988633488,-0.12414181810272759,-0.9567901423239021,0.4012848700005867,Osmancik,1
0.11612334849803455,0.4134654379515602,0.6870527124691601,-0.7829187454543014,1.2543980411682876,0.09454212477428514,1.3805354123674098,Cammeo,0
0.1068632198191777,-0.16435334040350502,-0.3369776701092225,0.7808511907083203,-0.8916652694232018,0.09510584180758176,0.9545460616280765,Osmancik,1
-0.16862560837681378,-0.14675989399460726,-0.19189211956212404,-0.06508533869424951,-0.04162727112481781,-0.17040488087512398,0.6985677138797143,Osmancik,1
-0.43196051768180566,-0.4935067336588554,-0.5965227264048117,0.06721345026478678,-0.6286655582711409,-0.4579005678563977,-0.8093626384677012,Osmancik,1
-1.209232568663353,-1.1891309829383176,-1.055869833597658,-0.9932965612306046,-0.3181252453811299,-1.1918601452085906,0.8002315384925879,Osmancik,1
2.06653795148226,1.6365921322176078,1.5396513043120927,1.89019083146198,0.3200109474981266,1.9891950736842086,0.9671896340011019,Cammeo,0
-1.755001402673479,-1.776698914243168,-1.5274377346552364,-1.8087468598440621,-0.21773245100861083,-1.7753072746705874,0.16394021072144996,Osmancik,1
-0.4875212897549468,0.05615637470214466,0.7483849612732534,-1.9624148470197371,1.9657699792271026,-0.49623332612056753,1.1746307636725144,Cammeo,0
-1.0379201881045013,-0.5631529450455458,0.1329321551801661,-2.3045502518002423,1.7471319414242332,-1.0937733814149795,1.7787470073801837,Cammeo,0
-0.35382818195395094,-0.8688298855386258,-1.164536094058351,1.0102051715676363,-2.3722776814398707,-0.3891270897942106,-0.16618182872756238,Osmancik,1
-0.684299024180655,-0.3895696315846264,-0.17363063242317486,-1.174746146087773,0.7794363284779255,-0.6794413619419675,1.1450889858609679,Osmancik,1
-0.05287399989110308,-0.08972012479370686,-0.17491143714163745,0.24203060234212997,-0.25805238492757415,-0.013127828585368345,0.4606036799900639,Osmancik,1
-1.0373414300620727,-1.2505122586444366,-1.295287958603119,-0.40830997671718633,-1.1757508211772743,-1.0762981533827845,0.2320467354526229,Osmancik,1
0.21335469962603154,0.8963396241618731,1.3950493228933933,-1.2762867376137272,2.0022918246743875,0.37019975405632993,-0.6084577235528174,Cammeo,0
-0.9754143195222174,-0.7191710259051061,-0.5244796392306075,-1.3923399612618668,0.5953393971533483,-1.0120344115869704,-1.2123248290298567,Osmancik,1
-1.7422687257400509,-1.6994324099299272,-1.6696619500353764,-1.419252359015899,-0.7722820326922913,-1.737538233439714,-0.7540408387293842,Osmancik,1
1.043872490511006,0.9789573473046066,0.9491933587350183,0.7857985236287752,0.4969531400866215,1.0241115126804035,-1.2104759611078129,Cammeo,0
2.653398606504813,1.847015838610761,1.498398936828873,2.6300697655488943,-0.4706450124762673,2.59349973337818,-0.007367390924904998,Cammeo,0
0.4402278522580245,0.6548747447311113,0.6063175791239471,0.21740190439751203,0.5583589146075965,0.500418388747848,1.1491384462659449,Cammeo,0
0.3273700339844566,0.3717508960263663,0.26618638105243536,0.3981763559776902,0.1053315211514095,0.3989493227544573,1.75325777527678,Cammeo,0
-0.5361369653189453,-0.8920823377683308,-1.0094367417226178,0.28676706527532586,-1.4000988908560446,-0.545276708017373,0.3944462955338199,Osmancik,1
-1.3741786107554907,-1.0593628576182883,-0.8273446477692169,-1.83239702453701,0.6133179714132473,-1.3660487084972448,-0.6496665752854459,Osmancik,1
1.5028276181568487,1.5543112648375872,1.6440229481351651,0.6753431661801339,1.1253174962866643,1.4756488563509922,0.0669058835087043,Cammeo,0
-0.3677183749722362,-0.34471651731192204,-0.4370398852673198,-0.14944693165387302,-0.255799330181356,-0.3879996557276174,-0.805869303958341,Osmancik,1
0.5843386048227344,0.7547216996763592,0.8876685535752906,-0.006392476925781545,0.9424617516098182,0.5973777184748659,1.6427607277005165,Cammeo,0
1.2313900962578572,1.2398931737912666,1.4633118579088142,0.45909688422691547,1.1146111865193296,1.1915354715694981,1.5650843638751437,Cammeo,0
1.4802560545021353,1.2019327781962073,1.1647649909924485,1.370640241487614,0.31415472504707853,1.4649382327183567,1.3104504369812338,Cammeo,0
-0.12348248106738662,-0.2607547909737975,-0.6414632886997659,0.9122315797440015,-1.4288067067382015,-0.04638713354986864,1.2776544356556687,Osmancik,1
-0.38971118058452126,-0.3952842100566394,-0.4614466211677122,-0.12118153401275499,-0.3072813444842553,-0.363759823295863,-0.7689305118070366,Osmancik,1
-0.9632604006312178,-1.2090499310593465,-1.2351912071396907,-0.23916039083352444,-1.245483725517287,-1.0030149390542245,0.4420571513352693,Osmancik,1
0.4575905935308811,0.5802697429288485,0.8270830052091037,-0.27689132101803204,1.0587549208898084,0.43671836398533054,0.8454836800238622,Cammeo,0
-0.15415665731609995,0.06178716671541179,0.16035793077407584,-0.5309218331513099,0.6493697138346038,-0.10444998797942,-0.16745991556395226,Cammeo,0
0.14564000866189078,0.5520020726685005,0.9474821339274941,-1.0213446588898574,1.5817072729709967,0.12216425940581929,1.0118493973245624,Cammeo,0
-0.4001288253482352,-0.38074469457263826,-0.49766986971557736,-0.048790573387458576,-0.4093567637117745,-0.3750341639617953,0.33019100047922795,Osmancik,1
-0.7907905039875088,-0.9197062202385192,-1.1709923953942747,0.14277371062559005,-1.5124162497887008,-0.7566705955036037,1.381632237642815,Osmancik,1
-0.5031477569005177,-0.5973044766231296,-1.0216610207702574,0.5497410433288956,-1.6698463003192985,-0.47086605962221983,-0.5824825562008163,Osmancik,1
0.16416026601960448,0.0655413130455448,-0.15784013996555574,0.6724335330896233,-0.5768596315174495,0.14640409183757375,-0.6997063360040902,Osmancik,1
1.3112587061129977,1.6182428977522663,2.2071309208465655,-0.3881092784030308,2.0302686876808522,1.2304319468669647,1.9399024189598135,Cammeo,0
-0.3040549903050953,-0.08862748097455178,-0.056765479172864196,-0.4952791694591932,0.41617281463728933,-0.26341819136906547,0.5699622506981852,Cammeo,0
-1.1282064427233556,-1.1115276228623638,-0.9726305963334915,-0.8932839029104703,-0.2978907498931474,-1.1146309116469544,1.7051679261588562,Osmancik,1
-1.2028662301966389,-1.1068492605944322,-0.805856752553758,-1.465586455149098,0.3574042034324986,-1.2200459968734214,-0.7715591901042104,Osmancik,1
-0.7751640368419379,-0.808764399220364,-0.6690084318082534,-0.6925793529935538,-0.09517028588895235,-0.8068414114670025,-0.9109007369765727,Osmancik,1
-0.2623844112502395,-0.5012108130441499,-0.9157951047756452,0.9063275802367183,-1.8457393605450505,-0.24086951003720086,-0.2113984892724311,Osmancik,1
-0.9997221573042167,-1.0992007538603465,-0.8568258099827548,-0.915941867686222,-0.13707825076135702,-1.041911414351691,-0.1316210339912188,Osmancik,1
-1.8580203342257615,-1.9015920356063722,-1.501158584237855,-2.0490314397911704,0.025353810624394242,-1.8919967005629865,1.181721561673077,Osmancik,1
-0.667515040950227,-0.5769366724731048,-0.2478179783811438,-1.119053117402288,0.6707192707682338,-0.7143918180063575,-0.6436371215738831,Osmancik,1
-0.6304745262347995,-0.14045624541977905,0.4501508895228268,-1.8690824548087697,1.7172030042674191,-0.6659121531428487,-1.287798286394922,Cammeo,0
0.9564800261042943,1.142147720025583,1.3284971413897682,0.08017354918320484,1.2311795380584,0.9914159247491998,0.04322926701514744,Cammeo,0
-0.20913867134681252,-0.6183998550220596,-0.806977238858481,0.7568689260430879,-1.5331208483026117,-0.25834473806939595,-0.31604040276599354,Osmancik,1
0.2538677625960303,0.17368141747890242,0.20789146915212484,0.21769300437321837,0.17461438783855185,0.34426877052468563,1.579620769740324,Cammeo,0
-0.10611973979453,-0.2996676163141923,-0.21559397721949694,0.12834034516345644,-0.2166030571536363,-0.15462080394281874,1.0372915785546892,Osmancik,1
-1.695389324303338,-1.560251132458961,-1.4778993448097195,-1.6510567730040506,-0.2923899711934111,-1.7042789284752138,-0.8193543927698101,Osmancik,1
-0.9314287082976473,-0.9731594160267767,-1.0371378467662107,-0.5025102021890625,-0.7194183741302608,-0.9195848181263255,-0.040668610643852875,Osmancik,1
0.44370040051259585,1.0208967447262307,1.565125377477869,-1.2205363089330326,2.0728789406102948,0.38091037768896563,-1.6434612367753636,Cammeo,0
-0.5181954660036601,-0.03556585863634982,0.22389281517563728,-1.296916569225403,1.2045355891193492,-0.48608641952122844,0.10349372242491064,Cammeo,0
0.1317498156436055,0.19130307769533864,0.15876171700249686,0.05618171785210404,0.2398497821317246,0.17346250943581126,0.9820191436670233,Osmancik,1
-0.7757427948843665,-0.9407733848299124,-0.6560435513927952,-0.7656563802282613,-0.021997603310438377,-0.8361546971984265,2.0402958699942113,Osmancik,1
-1.3955926583253473,-0.8243691996798466,-0.3628324995076334,-2.4856062366902587,1.4858377869821011,-1.4145283733607537,-1.4883885003869048,Osmancik,1
-0.6900866046049405,-0.9391207396793437,-0.7711983511313053,-0.45672140601035544,-0.4115324234476264,-0.7606166147366801,1.4759823511014045,Osmancik,1
0.7186104706661588,0.7210472379353112,0.39438447782182134,1.0989223308304363,-0.26750030915599043,0.7811494713295624,-1.1042173487554254,Cammeo,0
0.9391172848314376,1.215855864733721,1.2055808393165186,0.15864754263417655,1.0940986422904069,0.9170052763540466,-0.79925595662267,Cammeo,0
-1.7908844013040492,-1.8033695120041562,-1.5112804266966169,-1.8676706882599214,-0.1448750814352928,-1.808002862601791,1.9024900327725747,Osmancik,1
-0.716709474556654,-0.8000796762821971,-1.0302397984967764,0.1507782766242376,-1.3039026259344968,-0.6845148152416369,0.03408828506097939,Osmancik,1
-0.5841738828405152,-1.023503108238927,-1.0641140337650683,0.24962926837465177,-1.4485854316095825,-0.6298342630118653,1.3889289796296878,Osmancik,1
-1.0141911083649304,-1.0688324373842992,-0.8761232677409246,-0.9931735612408695,-0.09708222929318586,-1.0436025654515808,-0.3892376777205661,Osmancik,1
-0.6426284451257991,-0.7088336578163704,-0.5955852122027262,-0.497304569290164,-0.16516117359685284,-0.6619661339097723,1.1487998342435097,Osmancik,1
-0.08470569222467353,-0.12975380776079365,-0.5412085171860374,0.7586045925649074,-1.1480835382122638,-0.05089686981624156,-0.7719595081899595,Osmancik,1
1.0872793436931474,1.0656652175763213,0.9332242506533975,0.9021086805888056,0.4071548626886857,1.1255805786737942,0.9473164249850576,Cammeo,0
1.5381318587449906,1.524334521811597,1.7415296529264253,0.596194039452172,1.239308880628735,1.4852320459170347,-1.0667679389301983,Cammeo,0
0.9188607533464382,0.8993935550867729,1.0827952316022973,0.30205186399973666,0.9124697518519597,0.8572512708246054,-0.7582160252383633,Cammeo,0
0.08197662399474989,0.36359796061207605,0.4895909618942065,-0.4373776076246875,0.8806604025914156,0.07875804784197993,-1.3666540073553823,Cammeo,0
-0.44411443657280525,-0.3730124013798084,-0.20315100294442073,-0.7469918151192414,0.45010336047823696,-0.476503229955186,-1.0609475145081113,Osmancik,1
1.4055962670288518,0.9662944775037412,0.9394235197499019,1.4251893702685654,0.06531830079204581,1.3290824276938724,1.6148634164762865,Cammeo,0
-0.1634167859949568,0.15765682976182593,0.3745834111335332,-0.8032465437578499,1.0167093648878638,-0.16251284240897135,0.913793834763971,Cammeo,0
-0.08470569222467353,-0.008615687691587201,-0.10853351478337978,0.11263871314049904,-0.08414866311642184,-0.04300483135008895,-0.4103774036861288,Osmancik,1
0.7382882441087296,0.7539932704635891,0.9144269166424368,0.1954149728990928,0.840068152895243,0.7399981278989095,-1.0523032663636205,Cammeo,0
1.0635502639535768,1.0761154408952043,1.198944179765138,0.555214542872106,0.8531278442740801,1.0551159495117173,0.92050359782357,Cammeo,0
1.4368492013199936,1.2443475355266327,1.1128305378981103,1.3339110778861734,0.2904030563102286,1.452536457985831,-0.2830631398794438,Cammeo,0
0.1317498156436055,-0.128409804565401,-0.46180210982426345,1.0845531986962755,-1.323681350805878,0.17684481163559096,-0.3432296369136961,Osmancik,1
0.13232857368603404,0.3072592617802736,0.39352189505224283,-0.27434795456362143,0.6904750637846916,0.10525274840692084,-1.153077752338982,Cammeo,0
-0.3341504085113801,-0.5167600408524234,-0.5919109581226195,0.10211264735228266,-0.6520503173292174,-0.3733430128619054,1.0110803855105124,Osmancik,1
0.03220343234589429,0.45495683430805023,0.893040091731292,-1.1192909173824426,1.5989864256557282,0.009984569779792875,0.6748178214359721,Cammeo,0
0.44254288442773876,0.15006389567894932,-0.04288051046985737,1.1251445619753997,-0.7992498940821398,0.41867941891983884,1.029650825264841,Osmancik,1
1.7817889946074117,1.538230249505437,1.0582778411445972,2.1356824109745367,-0.30350045490376953,1.7958401312634698,-0.941246236262783,Cammeo,0
-0.5419245457432308,-0.4095441523568645,-0.32335060494136353,-0.5834523954340511,0.20615428780374123,-0.5345660843847374,-1.1675254557381485,Osmancik,1
1.7713713498436976,1.9786323958063874,2.25443008067409,0.4362844861307187,1.6586035154926826,1.6988808015364518,-1.1542972184152236,Cammeo,0
-0.7311784256173678,-0.8239767712659247,-0.9174854184857251,-0.20143082731556947,-0.8223078742075586,-0.6929705707410863,0.3736235844685325,Osmancik,1
-0.01351845300596144,0.15493889963577426,0.24162281192121246,-0.2706729882036482,0.5483176286330387,-0.002980921986029273,-0.22140798406774279,Cammeo,0
-1.3417681603794918,-1.4020477639610922,-1.3078616272372237,-0.934296199487799,-0.7052608201969635,-1.3575929529977955,0.17739753180442774,Osmancik,1
1.2313900962578572,1.540891752016415,1.4491785699236548,0.5871904402035651,1.0303652844947075,1.4824134607505517,0.599810244848927,Cammeo,0
-0.9916195447102168,-1.0575135707788264,-0.9680580363590073,-0.6630443221250594,-0.48778657403146425,-1.0131618456535636,-0.024603437060069896,Osmancik,1
-0.5419245457432308,-0.7379417575557695,-1.0010662036748148,0.2883441984770399,-1.3888794808348004,-0.5712076915490173,-0.4141083065392476,Osmancik,1
-0.9349012565522187,-0.997336939158145,-0.976975748123269,-0.4933590029527736,-0.6463947486087486,-0.9280405736257747,1.8242475158162965,Osmancik,1
1.5664910028239896,1.4344889341562366,1.311432814579503,1.3810214406212562,0.43873489339999094,1.556824109145705,-0.9645233059963821,Cammeo,0
1.2580129662095707,1.161029596978666,0.9678843946673055,1.1704522915275872,0.26302815449549094,1.2614363836982785,-0.7912966457809638,Cammeo,0
-1.1982361658572105,-1.391850609946176,-1.5516641123401702,-0.18968842829552857,-1.8047286044965216,-1.1664928787102429,0.5956836518648075,Osmancik,1
1.1775655983120017,1.2827012144994787,1.050370832423476,0.9041381804194342,0.5109845688178405,1.2101381336682866,-1.1712563585912672,Cammeo,0
-1.1305214748930696,-1.195797991155666,-1.37973568304042,-0.379894245755281,-1.3327451664643284,-1.1022291369144288,0.04795363748762059,Osmancik,1
-0.75027744101751,-1.0096355943526254,-1.0780913598151207,0.04413181885772547,-1.275819703099001,-0.7831652960685447,-0.5492199027714397,Osmancik,1
0.33894519483302765,-0.18004192732173496,-0.7639195466292397,2.1287766448841916,-2.8113338422840126,0.3031174270940328,-0.01929054500874009,Osmancik,1
1.336724059979854,1.0458864835291117,0.9305990366284126,1.51246606298491,-0.002740578138563231,1.2997691419624484,-1.040825167261437,Cammeo,0
1.0288247814078635,1.2218517263172364,1.2430125750375214,0.44255748560720704,0.9557421620922978,1.071463743477319,0.2019442037907111,Cammeo,0
-0.5627598352706588,-0.7233740282642347,-0.7373894630425268,-0.15546573115157553,-0.6222073746283552,-0.5751537107820937,-0.5191150571321537,Osmancik,1
-1.5726926193084847,-1.5813191520142174,-1.2993577809432133,-1.6068355433611894,-0.1017574612156819,-1.5977364091821535,-0.44599645740830635,Osmancik,1
-1.0749607028199286,-0.8154322624015773,-0.5942251195731206,-1.4625743220671417,0.5765610744529979,-1.0503671698511403,1.5133230039900407,Osmancik,1
-0.7763215529267949,-1.039472123304796,-0.8165545214879647,-0.5210162339779794,-0.4147142183182399,-0.8384095653316129,2.0140900762305747,Osmancik,1
-0.23228899304395467,-0.11342143305240425,0.1129725126695954,-0.6365856576664941,0.6771889203384812,-0.2718739468685147,1.3064495701011165,Osmancik,1
-0.8399849375939359,-0.7441889785155256,-0.5257813550465144,-1.0915462196978696,0.3720175279823973,-0.8649042658965538,-0.9024763166826377,Osmancik,1
1.0369273940018633,0.893286548200838,1.1174910987410043,0.5248991454020702,0.8051114065464705,0.9542106005516232,-1.1116513867331717,Cammeo,0
1.4385854754472793,1.3245003978472816,1.3358883430405954,1.0807237990158571,0.6461621206272016,1.4074390953221019,0.4997685183754184,Cammeo,0
-1.4991903479200583,-1.3367157002359467,-1.1246255219944747,-1.609139743168893,0.11182410257658026,-1.4844292854895338,0.17489072298229916,Osmancik,1
-0.43022424355452,0.295801036064846,0.44377561868949966,-1.1985220441035611,1.3175839009276922,-0.341774858997295,-1.2398488185710375,Cammeo,0
0.12017465479503442,0.26694515066554925,0.29197412067987594,-0.1676645968001888,0.5255491631760271,0.1306200149052685,-0.8695129376603337,Cammeo,0
-0.5315069009795168,-0.6119277785658749,-0.7205917527246761,-0.06980307163386558,-0.6732794820244998,-0.5125811200861694,-0.3826945210319147,Osmancik,1
0.06982270510375027,-0.3069801222494297,-0.7670762510476001,1.4054191719184825,-2.089212597229887,0.05733680057670855,-0.3989710378825479,Osmancik,1
-1.0986897825594992,-1.2192188712667258,-1.503794253811562,-0.04173174064321843,-1.8755192406448735,-1.0808078896491575,0.05999017646279504,Osmancik,1
-0.5158804338339459,-0.5564012954055884,-0.4267089318341166,-0.5489290316485235,0.0678608702066712,-0.5633156530828647,1.0570652865436396,Osmancik,1
-0.22534389653481202,-0.27509851973276683,-0.13764001983437413,-0.2784465875549043,0.17642313789563033,-0.2910403260005996,1.361817649386919,Osmancik,1
0.17342039469846135,0.3214909902729618,0.5919159320549194,-0.44815240672547924,0.9735344150309445,0.13851205337142114,0.9406259450702443,Cammeo,0
0.2150909737533172,0.18054506738514425,-0.07805820414551144,0.605421772015407,-0.42843606700799375,0.23378023199854908,-0.8598343416295429,Osmancik,1
-0.3879749064572356,-0.3881965596178321,-0.15843610624271792,-0.6071845601201556,0.3944678139523476,-0.4156217903591516,0.47824467216572647,Osmancik,1
1.1700417437604305,1.4593102450777626,1.5227176718608542,0.24117506908019495,1.2806005519000694,1.175751394637193,0.583674109292333,Cammeo,0
0.1091782519888919,-0.14832875268643012,-0.4032919878794205,0.8826432488799552,-1.0663830720841327,0.10581646544021744,-0.17316849774628268,Osmancik,1
0.2747030521234582,0.7056390791647205,1.094095065883754,-0.9800685956678746,1.6582595376688378,0.21123155066668448,0.2888795624163399,Cammeo,0
-1.0292388174680729,-1.0303393993014967,-0.9176884303900801,-0.9695589298782896,-0.16652275248292617,-1.0560043401841064,-0.9970987081455999,Osmancik,1
-0.03782629078796069,-0.11678315096861695,-0.22198580267163412,0.29598249783958747,-0.3549165401237643,-0.07457298521469939,-0.7136033127881797,Osmancik,1
1.7846827848195543,1.492284491413579,0.9614272220356532,2.312075329587046,-0.5317154086189884,1.858412721959394,0.01542220090851405,Cammeo,0
-0.8862855809882202,-1.0341209044753035,-1.1095111550208894,-0.2752048544921091,-1.0257764899786275,-0.9207122521929187,0.6861817643210247,Osmancik,1
-1.5119230248534865,-1.1511979461869304,-0.6541754933544389,-2.3153701508972704,1.1267421377737874,-1.5233257607870003,-1.5015295778953988,Osmancik,1
-0.47073730652451873,-0.7745299361479009,-1.0216331393069984,0.5455453770123773,-1.6657500977336168,-0.4956696090872709,-0.2671098085354173,Osmancik,1
-1.044865284613644,-1.0563371405009254,-1.1319156533409895,-0.5503927315263708,-0.8072072477405389,-1.0221813181863095,0.2568502589274505,Osmancik,1
1.0479237968080057,1.1769430393933247,1.2147189888996737,0.37937239088030394,0.9710319763624403,1.0590619687447937,-0.6094388499595089,Cammeo,0
1.375500848822567,1.5100745795113717,1.7252111552583378,0.372133158151119,1.350167200291888,1.3510673919924403,0.3076968264239244,Cammeo,0
-0.435433065936377,-0.5216624036529206,-0.884710758424712,0.5766589077491383,-1.482768227854687,-0.3699607106621257,1.1743152914238217,Osmancik,1
1.9826180353301197,1.486345057445136,0.988275328562663,2.5687325748344416,-0.6881851877246711,1.9689012604855305,-0.7380065181772582,Cammeo,0
-2.0825784546880404,-1.6202601911621506,-1.3176854865574044,-2.584950765899485,0.9149521251474059,-2.0165781649215386,-1.0916416530520454,Osmancik,1
-0.06965798312153113,-0.047108725774388016,0.040818770938083414,-0.2374342909775757,0.3301066966281272,-0.0931756473134877,-0.4970836785517046,Osmancik,1
-0.3208389735355234,-0.6337797999851119,-0.8542371903782974,0.6243022704397396,-1.4810770035540906,-0.3242996309650999,1.3934103824778623,Osmancik,1
-0.8909156453276486,-0.8698943155502457,-0.8957248077077635,-0.6670814551214747,-0.3917508320943799,-0.8930901175613846,0.6985792837665856,Osmancik,1
1.5774874056301322,1.25667440452865,0.9891997733288458,1.6514724513841652,-0.03949747509881256,1.5647161476118574,-0.48769355836690653,Cammeo,0
-0.6368408647015136,-0.6406716636988906,-0.4299039732644551,-0.6712593547728091,0.157693545386992,-0.6862059663415269,-0.5620331668185783,Osmancik,1
-0.7271271193203679,-0.8193266228055299,-0.6912935626137758,-0.6200763257109432,-0.17973150091877027,-0.7645626339697563,-0.14937541105822075,Osmancik,1
-1.3926988681132044,-1.4379921547630625,-0.9923994250798847,-1.7469899316646385,0.37251342934511456,-1.4348221865594317,1.2521204666563626,Osmancik,1
-0.5187742240460886,-0.499810382233682,-0.3033839920649797,-0.6873860200936287,0.30436282299481215,-0.5520413124169324,-0.6265090610495175,Osmancik,1
-0.6281594940650853,-0.3279070727670033,0.05733679532761513,-1.4205083255777493,1.1462170155674343,-0.6529466613770265,-0.4111533574323015,Osmancik,1
-2.41883687733903,-2.351295333791977,-1.866698508295628,-2.584950765899485,0.24551681677965512,-2.433165052527737,1.2826264017071891,Osmancik,1
0.6584196342535892,0.8377036374254777,0.5852975697138024,0.6184570375942188,0.26965546056833634,0.7845317735293421,-0.2586614771419482,Cammeo,0
-0.6287382521075139,-0.7269315329054744,-0.6362111180583423,-0.47924407079739856,-0.22783966606607314,-0.6766227767754843,1.1683359738887016,Osmancik,1
0.6485807475323038,0.010267044225360553,-0.22241186628206147,1.7021334138229334,-1.5273448873437954,0.5641184135103655,-0.5259459183410062,Osmancik,1
1.2313900962578572,0.7714747166062057,0.541353769730361,1.6789971157537702,-0.5343497054533071,1.238887702366414,0.49948775578734,Cammeo,0
0.44485791659745294,0.03567742524970355,-0.27441340914736995,1.4410099022816025,-1.3721248943314348,0.5088741442472973,-0.47279848600871405,Osmancik,1
0.461641899827881,0.6698066886290328,0.5858560702747103,0.27155333321165087,0.503821230636162,0.5449520343782807,-0.8187635572135792,Cammeo,0
-1.0060884957709306,-0.9301273747859992,-0.52975969133529,-1.4678728882916177,0.6449409993525337,-1.0526220379843267,1.7990390463009713,Osmancik,1
-0.04650766142438899,-0.25744864570879533,-0.55868235298792,0.8398474524514682,-1.2442970020250042,-0.023274735184707417,-0.401524126252162,Osmancik,1
-1.1501992483356405,-1.3247812596478514,-1.4544580045746733,-0.3268293168504686,-1.503768074000736,-1.1518362358445309,-0.6514336826735988,Osmancik,1
-0.4568471135062334,-0.4030165032494708,-0.15163041532033084,-0.7650140469485337,0.5140603038594335,-0.48946872172100814,1.750383044052142,Osmancik,1
-0.9163809991945049,-0.8722198172623754,-1.062555285709742,-0.3217466839413052,-0.9163342123569853,-0.910001628560283,1.4224407712896945,Osmancik,1
-0.6553611220592273,-0.6918002127388847,-0.5451659423773688,-0.672945821298732,0.031465149961464475,-0.7138281009730609,-0.8135717633115029,Osmancik,1
-1.3301929995309207,-1.5498573367551516,-1.5354318729490422,-0.6535979229134063,-1.309457867789676,-1.3294071013329647,0.3043662416565547,Osmancik,1
-2.055376826693898,-2.0309950913561514,-1.5964739802760974,-2.4306498412766313,0.23448086159779752,-2.088170228150209,-0.943144469035478,Osmancik,1
0.6051738943501622,0.3977486372257934,0.17748673346812774,1.0881871650596704,-0.5040710575089014,0.6109069272739847,1.0129115129393536,Cammeo,0
0.9506924456800088,1.1197912699261414,1.307942403897759,0.07374748305282398,1.219785272643376,0.9124955400876738,-1.3091555262336663,Cammeo,0
-0.2693295077593821,0.13426330849443824,0.3896150050130685,-1.0342377911471974,1.174122216527269,-0.22170313090511595,-1.5404560766112032,Cammeo,0
-1.1461479420386407,-1.052723208244612,-0.977364346017442,-0.9447593986145952,-0.2605347582230258,-1.1586008402440904,-0.9659101497693628,Osmancik,1
-0.2693295077593821,-0.3390575114911196,-0.289160960619952,-0.10636686858244267,-0.11879009645999301,-0.2763836831348876,1.720241946100659,Osmancik,1
-1.6930742921336237,-1.451074811821522,-1.0363379972889666,-2.346668181618634,0.7856135968979003,-1.6552355465784083,-1.2711600177481108,Osmancik,1
1.397493654434852,1.538902251103135,1.465491839817381,0.8006391557235871,0.9186728186087179,1.42773290852078,-1.1624362481663317,Cammeo,0
-1.1866610050086395,-1.010532451446752,-0.9672093943210599,-1.090217819808731,-0.12694810384897137,-1.2042619199411162,0.6809498614777945,Osmancik,1
1.1133234556024323,1.2847462880639693,1.6973192364505676,-0.13186613312107434,1.6000957541376395,1.0500424962120478,-1.0198173380062079,Cammeo,0
-1.150778006378069,-1.3933348272153885,-1.3357761997338935,-0.5451720652953935,-1.1068004663865203,-1.1890415600421076,-0.5390276037635605,Osmancik,1
-1.2098113267057815,-1.4021879780349118,-1.4333116572841378,-0.43789967424778525,-1.360228994589952,-1.2448495463384723,-0.615679646937922,Osmancik,1
-0.3891324225420927,0.3716662546037557,1.0669184808677221,-2.139716598889729,2.2464816818255784,-0.4099846200261854,-1.4713321731611417,Cammeo,0
-0.7676401822903667,-0.8979097714704912,-1.0131763429822378,-0.10730166850442917,-1.0407223264249148,-0.7797829938687649,1.5952108066365898,Osmancik,1
0.6595771503384463,0.5783084558231038,0.5559314185362082,0.48042781578008104,0.3354125545610151,0.58835824594212,-0.8596368822269383,Cammeo,0
0.5814448146105916,1.0202803157797418,1.228741622327522,-0.4243095420486131,1.4437750320889586,0.6892635949022141,1.4426541349797568,Cammeo,0
0.48594973760988025,-0.08997233913380917,-0.1830510818218247,1.2328173863229206,-1.0687823174054871,0.43784579805192375,1.545064602958729,Osmancik,1
-1.4430508178044887,-1.5799178662398878,-1.422996387174016,-1.223320208700703,-0.6025691073683795,-1.4821744173563474,-0.40029463294063183,Osmancik,1
-0.9505277236977896,-0.5288064817068016,-0.1533111447774138,-1.8102447263857249,1.2221386542548731,-0.9353688950586307,-0.8394536002427416,Osmancik,1
0.6798336818234457,0.483728078284738,0.36825606156518426,0.8737722162869518,-0.13089524937765135,0.7039202377679261,-0.11806189790377301,Cammeo,0
0.5820235726530202,0.2855192406273193,0.04383868192732763,1.1629260588223538,-0.7222045945034467,0.5432608832783908,-0.7349790644459182,Cammeo,0
-0.7959993263693658,-0.9013834896529834,-1.182419438851851,0.12760644522470388,-1.5157213033795272,-0.7865475982683243,1.3172226774299383,Osmancik,1
-1.5871615703691984,-1.5716255717156427,-1.5578006481443416,-1.09970931901662,-0.9112404740821383,-1.5492567443186447,0.12291262054980599,Osmancik,1
-1.11836755600207,-0.8512082253221912,-0.6172682776609986,-1.485332053501234,0.5699624331988067,-1.1399981781453021,-1.0475488141852818,Osmancik,1
-1.2063387784512103,-1.4884760610490324,-1.2319883240478073,-0.952266497988092,-0.5847338572017514,-1.2549964529378115,1.6218801672008725,Osmancik,1
1.3251488991312828,1.692876113362066,1.796443937406576,0.23674433611662737,1.4706970297689657,1.3944736035562797,1.0154993109695816,Cammeo,0
1.5774874056301322,1.5448416850715765,1.6293416151378217,0.8927593147023906,0.9910314203374533,1.5399125981468065,-0.37194918143158434,Cammeo,0
0.7689624203574429,1.0165543832571455,0.9497536018873799,0.29666309778278815,0.8067051704636481,0.8279379850931815,1.378131961201332,Cammeo,0
0.9286996400677237,0.7934951659067991,0.7767090427615391,0.7523835264174158,0.3613054852513319,0.9192601444872331,-0.33576088927533576,Cammeo,0
-1.5640112486720563,-1.3530207161006624,-1.1821162279389088,-1.711265267979365,0.12787926750478398,-1.504723098688212,-1.1527206284975526,Osmancik,1
1.1040633269235753,0.9852892096869716,1.0184221607115123,0.8682057834181638,0.5056615119937601,1.089502688542811,1.7227649527644076,Cammeo,0
1.060656473741434,1.5663577056919653,1.5750337524835538,0.12832804516448293,1.379396715873551,1.1233257105406078,-1.7141000240797821,Cammeo,0
-0.058661580315388616,-0.3145722013684416,-0.4129999648679309,0.6100711716273926,-0.847449786649136,-0.07795528741447909,-0.7360342381285865,Osmancik,1
1.4125413635379944,1.5119238663508339,1.4056033280326674,0.8669320501911321,0.8322856546306343,1.4925603673498906,0.7937130642292621,Cammeo,0
0.3678830969544553,0.0931087679006595,-0.34780351951527705,1.3701714748600733,-1.413872336219376,0.3369404490918297,-0.6202767486548101,Osmancik,1
-0.506620305155089,0.26431100699824184,0.7358853527759306,-1.7894208281235782,1.8642678563726562,-0.4657926063225503,-1.4617237677773707,Cammeo,0
-0.511829127536946,-0.9041296335865736,-1.1121982310424803,0.5583510426103502,-1.8242923432279963,-0.5289289140517712,1.3136830633730925,Osmancik,1
-0.042456355127389114,-0.2432169172161071,-0.3137175593853618,0.32657532861980343,-0.4889131014045734,-0.09994025171304707,-0.5804423994824994,Osmancik,1
1.4744684740778498,1.282981642647118,0.9451217938034702,1.7490360432420164,-0.150952022989978,1.4824134607505517,1.6951106091644763,Cammeo,0
1.2383351927669999,0.9144657130585139,0.5176606250302549,1.965503725176763,-0.7788061454179818,1.2946956886627787,-0.38620713868606044,Cammeo,0
0.9246483337707239,1.0776278719719534,1.1485135830953315,0.3058429970166819,0.9626561163516849,0.9818327351831574,-1.035091902653781,Cammeo,0
-0.5372944814038024,-0.7283883913310145,-0.582986275992543,-0.3062322852360556,-0.30393902662917843,-0.6174324882793398,-0.6957085544271385,Osmancik,1
0.9454836232981517,0.9537718217766954,1.108159521506491,0.35735539271772726,0.8994358588099006,0.9739406967170048,1.6939983573732424,Cammeo,0
0.009631868691180701,0.2967808246538536,0.5171282633411524,-0.7123317846784526,1.0770832059372883,0.009420852746496261,-0.7829046211702687,Osmancik,1
1.164254163336145,1.4702648970768504,1.4501526785462695,0.4410732857310706,1.115121420291374,1.1836434331033456,-1.009969050301304,Cammeo,0
0.8609849491035829,0.8217064085520733,0.9058542379860058,0.4619163173249537,0.6658061208509081,0.8160999273939525,1.3408838674076666,Cammeo,0
0.9333297044071521,0.7526484123043318,0.4418317579229045,1.3358872777212476,-0.3904551822912111,0.9322256362530552,-0.9478456997342084,Cammeo,0
-0.8469300341030785,-0.9299598018685075,-0.5270334070059911,-1.2044000769463445,0.45470979683596296,-0.8970361367944609,-1.0293447541818794,Osmancik,1
-0.467843516312376,-0.6184836414808055,-0.6508680547753342,0.06320911726563411,-0.6954918499996204,-0.46297402115606723,1.4025883880700187,Osmancik,1
2.4056901643453923,1.909546185751109,1.5707600469433776,2.5112095796350093,-0.048042457539622295,2.502741291017425,0.9417412821646437,Cammeo,0
0.03914852885503693,-0.230861834406553,-0.3667193497450871,0.5995150391750187,-0.7786112246511333,0.016185457146055644,1.8987066797656391,Osmancik,1
1.072231634590005,1.0809340172369557,1.0770028576102313,0.736042294447836,0.6403976255958469,1.0985221610755567,-1.1800487012877117,Cammeo,0
-0.38160856799052145,-0.3435400870340211,-0.27302282116732485,-0.3769955459971913,0.105348720042602,-0.3801076172614648,-1.0660012410935227,Osmancik,1
1.2232874836638574,1.255890402664671,0.9934072603937835,1.1225506288585398,0.31830825727006856,1.3313372958270588,0.4172721396794359,Cammeo,0
0.40145106341531145,0.44904561414714556,0.41787548191329604,0.4115300548632605,0.24867567979534524,0.44010066618511023,-1.0199746884676584,Cammeo,0
0.029888400176180073,0.22399689588351587,0.2244251768647414,-0.19335792798929133,0.479066293246416,0.11032620170659037,-0.37180880013754514,Osmancik,1
2.315403909726538,2.078115991109115,1.9423711596258086,1.8318628696630594,0.6914869318831893,2.278381911765372,-1.2070049950464041,Cammeo,0
1.126634890578289,1.0807655893555992,1.0178810860651413,0.8987152475386704,0.485636269681953,1.131781466040057,0.9975898974185033,Cammeo,0
-0.9580515782493608,-1.050089919541171,-1.470022831439038,0.3902018566432001,-2.2694340450724195,-0.9139476477933594,0.6245096393419123,Osmancik,1
-0.6142693010468,-1.0063294490876233,-1.19047892432517,0.4467271852592257,-1.842494503073398,-0.6439271888442807,1.2711606438176686,Osmancik,1
-0.11306483630367264,-0.07173424997088562,0.06487350336482542,-0.27799012092633196,0.3828384970243486,-0.1568756720760052,-0.8636408344102213,Cammeo,0
-1.3562371114402056,-1.051266349819072,-0.5689636425646947,-2.0967568024749283,1.052649314516469,-1.3869062387292195,0.6352380097748314,Osmancik,1
0.823365676345727,0.2967252520026462,-0.130160817315134,1.9918530563111143,-1.6499643821007621,0.7788946031963759,0.21395914564372567,Osmancik,1
-0.12058869085524385,0.04265307542222648,0.21115098646625152,-0.5406538656724589,0.7026232139303366,-0.14672876547666613,-1.0500818480843188,Cammeo,0
-1.2115476008330672,-1.2623346989662494,-1.1999847607050522,-0.8942364694976408,-0.5930208562746736,-1.2093353732407857,0.27332423518068827,Osmancik,1
0.8742963840794397,1.053338348574304,1.2090111305931068,0.07082418329678726,1.1478939074587036,0.8634521581908682,-1.4423326373809666,Cammeo,0
-0.8272522606605077,-0.9927705771564962,-1.1508576224426066,-0.03966534081566934,-1.306697445753279,-0.8688502851296301,-0.5246084394186767,Osmancik,1
0.932172188322295,1.3570540019616393,1.589987801043398,-0.1512481981702154,1.540312408352491,0.9288433340532756,-1.5715104242997324,Cammeo,0
-1.0413927363590725,-0.7630999242400102,-0.5317575724369463,-1.4547187227227287,0.6334263416991514,-1.0452937165514706,0.9449515401085511,Osmancik,1
1.089015617820433,1.1081364025218206,1.1845948104397224,0.5023149806201596,0.8734712660729538,1.1312177490067603,-0.397871127303977,Cammeo,0
-1.6843929214971955,-1.143493011837771,-0.5119443076084841,-2.584950765899485,1.6656407284722827,-1.7031514944086206,0.5187693579213619,Osmancik,1
-0.8706591138426492,-0.6743187665962664,-0.7583354123158881,-0.6084897266779,-0.269948284669057,-0.7668175021029427,0.14515148576814818,Osmancik,1
-0.6559398801016558,-0.7081334424111372,-0.6717399439119135,-0.41350467628366394,-0.3242394512000656,-0.6473094910440604,0.5618039378022915,Osmancik,1
0.6572621181687321,0.7575789889123656,0.8164924056492958,0.1620710423484692,0.7786308470737379,0.6469848174049679,-0.3231589684950474,Cammeo,0
0.8204718861335842,0.6325747222467435,0.5698059316904929,0.887236615163281,0.06863195382846851,0.7788946031963759,-0.8168645531150929,Cammeo,0
1.9519438590814062,1.7313409376373299,1.4911340730584401,1.8685920332645025,0.2905320479941724,1.981303035218056,0.22250389276112284,Cammeo,0
0.6850425042053027,0.7799354390118073,0.5947842375876925,0.6279991034645546,0.27231268925757846,0.7067388229344091,-1.1198860608824164,Cammeo,0
0.23476874719588803,0.5432891359227967,0.40398702802738184,-0.00605354362073381,0.521045920165456,0.2754952924624986,-0.9627685398208922,Cammeo,0
1.7395396575101272,1.667381090915114,1.8947339370562666,0.7902237899261348,1.2407650534163617,1.679714422404367,1.5472798506316991,Cammeo,0
-0.12348248106738662,-0.08011033095387653,0.09659389559635731,-0.403051043822736,0.5013875875324225,-0.1828066556076495,-0.860403580063614,Osmancik,1
2.2002310592832557,1.982919184624262,1.8012473907486726,1.8027310054275856,0.5953422636352137,2.1859323183047272,-1.1152210824958828,Cammeo,0
-1.0813270412866427,-1.0133059542240126,-0.8688130965926926,-1.1302556831340473,0.022642118779709234,-1.0808078896491575,0.9418330699338231,Osmancik,1
-0.5905402213072293,-0.8359958532766291,-1.0274438105093298,0.32829459514298914,-1.466876452392812,-0.564443087149458,0.2659202789088075,Osmancik,1
1.0045169436258643,0.6148410617640245,0.3481143182476996,1.5355572610578396,-0.648656402800563,0.9581566197846996,0.018493620209965166,Osmancik,1
-0.0036795662846760306,-0.247419064611371,-0.4743993034429929,0.697934164294805,-1.0037848411071442,-0.036240226950529565,-0.4756786165138919,Osmancik,1
0.8829777547158679,0.7787034360826973,0.702948631709726,0.8378206859539448,0.2339706278257532,0.8786725180898768,-0.6008578505299148,Cammeo,0
1.2840570781188556,1.5480358300702959,1.7649195867135858,0.19469337295931374,1.4721044723648802,1.3335921639602453,0.6628159921214117,Cammeo,0
0.9171244792191526,0.9825439207172478,0.9734885687823746,0.5544779096002482,0.6656255324933869,0.942936259885691,0.009524643907284712,Cammeo,0
0.5548219446588781,0.3439876544462246,0.2724239871609177,0.7058703969658245,-0.11087287354770972,0.49252635028169545,0.3782345700496663,Cammeo,0
-0.571441205907087,-0.7870808056824836,-0.7179543405595155,-0.23108885817379896,-0.5332833741993718,-0.5954475239807718,-0.5719678430121219,Osmancik,1
0.18210176533488964,0.3323892146569758,0.5864415810031504,-0.5249782003140011,1.017027544374925,0.14978639403735344,1.6072427176570157,Cammeo,0
-0.2444429119349543,-0.025480704887716487,0.06896772198527153,-0.5926445946669183,0.60606003933001,-0.22508543310489565,-1.0200425651373037,Cammeo,0
-0.0314599523212466,-0.07333132247024532,-0.030089889199773123,-0.010342143262829756,0.09252981314045469,-0.0486420016830551,1.896846241956724,Osmancik,1
0.3991360312455972,0.929454084571509,0.7866444279347578,0.02852038682724045,0.837310597340706,0.5641184135103655,0.7221278601787661,Cammeo,0
-0.41054647011194917,-0.3422234426823006,-0.6374326746673795,0.25960320087561295,-0.845638170110192,-0.3451571611970747,-0.902138475985994,Osmancik,1
-1.473724994053202,-1.5605315606066001,-1.4799564740208013,-1.1355815826895757,-0.7637599821064049,-1.4985222113219492,0.08369918863959172,Osmancik,1
0.3719344032514552,0.5496209983051619,0.6000912998599089,-0.0868590702104613,0.7509979618911179,0.44742898761796623,-1.26656677266018,Cammeo,0
0.2625491332324586,0.7184421630394054,0.598969942259459,-0.17805809593280184,0.8085425853393701,0.3549793941573213,-1.0551294040633987,Cammeo,0
-0.32315400570523756,-0.41072143759863017,-0.4034418507444379,-0.07544740449615246,-0.2749875597884611,-0.3547403507631171,-0.7752515266677579,Osmancik,1
0.04262107710960825,0.027384275761592147,0.1712421569938258,-0.13140146649318632,0.3846099828171766,-0.014818979685258192,-1.1651829393095932,Osmancik,1
2.7541025058873814,2.311960577613328,2.36936705648089,1.9521336262925564,0.9460821182058352,2.641415681208392,1.251498006742683,Cammeo,0
-0.2380765734682402,-0.4513433357046674,-0.752157054316828,0.6759991661253876,-1.3762898924818865,-0.25101641663653995,-0.4963948846199628,Osmancik,1
1.117374761899432,1.0049841572754352,0.9877917594342671,0.9110671798411762,0.4507597848254176,1.0556796665450139,0.7403596879106596,Cammeo,0
0.6618921825081605,1.0445980529849281,1.3345753003802412,-0.4942418695457608,1.5547021473168925,0.6249998531064,-0.10022190367392297,Cammeo,0
-0.7965780844117943,-1.0134179544902937,-1.2098757097962003,0.09721724776082706,-1.529586476162552,-0.7741458235357987,-0.5031964354487413,Osmancik,1
0.904970560328153,1.1588451643042206,1.2515225204016196,0.18177700737057928,1.1155284607162685,0.8933291609555888,-0.2780873171989664,Cammeo,0
-0.7612738438236526,-0.8715196018571423,-0.7359866769223059,-0.46056447235629994,-0.36447912362679724,-0.7983856559675533,1.668145830822078,Osmancik,1
-1.3845962555192046,-1.4732072613883982,-1.695258875898638,-0.5042732020419317,-1.7245531067207924,-1.3756318980632871,1.393678803853278,Osmancik,1
-0.5234042883855171,-0.5783935308986449,-0.4844941357342226,-0.39233637805025917,-0.1190308809366881,-0.523291743718805,1.7502688878350112,Osmancik,1
1.6457808546367014,1.4811066938457922,1.4228837361831919,1.5204364623197397,0.44871311677350945,1.5883922630103153,1.5070822070116277,Cammeo,0
0.7041415196054449,0.9491208183524359,1.0433063666702143,-0.04527277368103571,1.0894520751865597,0.7123759932673753,1.5588582220867677,Cammeo,0
0.7203467447934444,0.9618683295759118,1.1976494343150472,-0.124969933696595,1.2524087027536879,0.6768618201696885,-1.6592225079973253,Cammeo,0
-0.7844241655207947,-0.8947164814356365,-1.0722902728657846,-0.026647841902041586,-1.2010876543856999,-0.7532882933038241,-0.7676693941380581,Osmancik,1
-0.4614771778456619,-0.42554138123026886,-0.27829938808910004,-0.5489044316505765,0.22818606742134057,-0.48890500468771153,-1.0302472053578458,Osmancik,1
-0.11595862651581541,-0.4245051650261859,-0.7091612240841926,0.8734510496470854,-1.4937267880261782,-0.11854291381183538,-0.3445046384469203,Osmancik,1
1.05023882897772,0.9234308641443201,0.9729466228402751,0.7389314275400575,0.5481112419387286,1.0545522324784207,1.2079504952104563,Cammeo,0
1.2377564347245713,1.3505827804693193,1.299950008195407,0.7114163298363259,0.8405525883304878,1.2112655677348798,-1.2218067369838341,Cammeo,0
-2.237106852016464,-1.8673285037625058,-1.4038688320825812,-2.584950765899485,1.0003560858456566,-2.2319180716408455,0.9695522049002342,Osmancik,1
-2.216850320531465,-2.370009637827567,-2.1975155550471617,-1.7741701960629828,-1.2473469387298084,-2.229663203507659,-0.3445917982613513,Osmancik,1
-0.9065421124732195,-0.6925842146028621,-0.9328158667995683,-0.4460108402375365,-0.6288834108929127,-0.841228150498096,-0.6888707512861632,Osmancik,1
-1.0784332510744998,-1.1293732836113655,-0.9942927506943194,-0.9908488614348768,-0.24291449419630406,-1.0988468347146492,0.8437643948347776,Osmancik,1
-0.7525924731872243,-0.7777232261827556,-0.5351016054365786,-0.7957476443836687,0.13769410141197372,-0.8057139774004093,-0.849466180341219,Osmancik,1
0.5519281544467354,0.884237610656286,0.9394087077225455,-0.10432096875318275,1.043450774210344,0.5302953915125687,-1.4535299738950715,Cammeo,0
-0.9933558188375026,-1.0005302291929996,-0.9778252614569432,-0.6474629567587318,-0.5138801584523602,-0.9618635956235716,0.6991492935264482,Osmancik,1
0.13811615411031958,0.5283845508685474,0.6602054772378757,-0.5754683294336927,1.1078520222806751,0.19037402043470972,0.04731112310336424,Cammeo,0
-0.08065438592767366,-0.47482064343080094,-0.7915797007736708,1.1304841281964542,-1.8627977941261504,-0.07288183411480956,1.6167446800815701,Osmancik,1
-0.9412675950189328,-0.9924337213937816,-1.044773882516283,-0.5052244019625496,-0.7274129920529103,-0.9167662329598424,0.5116531061696823,Osmancik,1
0.49463110824630857,0.5479119255395194,0.4199360963072852,0.44837948512133347,0.22508453404295878,0.5257856552461957,-0.7490958690805637,Cammeo,0
-0.3028974742202382,-0.5630973723943384,-0.7986467804141131,0.553119443046952,-1.3322693304746691,-0.3248633479983965,1.818204178240488,Osmancik,1
-0.9916195447102168,-1.047792631636578,-0.8229184654768428,-1.006051660166131,-0.02374329076647767,-0.9810299747556566,0.5000739633888224,Osmancik,1
-0.5864889150102294,-0.6705364064585966,-0.9228717686690828,0.23134873656691585,-1.2195305987077965,-0.5593696338497884,-0.6757844379088603,Osmancik,1
-0.9053845963883624,-1.1569125246589433,-1.0657320299298199,-0.4311223748133831,-0.8222992747619623,-0.9421334994581901,1.267621029760823,Osmancik,1
0.18268052337731822,-0.012144978525290015,0.1942966419261559,0.02540165375418024,0.2973084111240195,0.10581646544021744,1.963323726616409,Osmancik,1
0.5467193320648783,1.0980230349656503,1.3114537256769438,-0.6251316252890543,1.610131307148477,0.6204901168400271,-1.7585067925436553,Cammeo,0
0.23534750523831657,-0.22601504425726493,-0.5476160259612578,1.3931492396091336,-1.7295293192391574,0.19995721000075217,1.7098267339390583,Osmancik,1
1.5688060349937039,1.875060363302408,2.181134941540409,0.1743327746585026,1.7442568601132247,1.5720444690447135,-1.1361695196651724,Cammeo,0
-0.8127833095997938,-0.771111790616616,-0.6489677587950845,-0.790440878159877,0.005709810400687727,-0.8034591092672227,-0.35081639739814446,Osmancik,1
-1.2613207924819227,-1.2787799289047845,-1.3249738753124654,-0.7264644834990116,-0.9206769323830929,-1.2285017523728705,-0.014632508554329422,Osmancik,1
0.12017465479503442,0.03203527918585167,0.06261597613656761,0.19444053964708055,0.04027958169762346,0.06522883904286116,-0.9077521850959791,Cammeo,0
-1.1640894413539258,-1.0964554648906213,-1.052213876727815,-0.9036801353761886,-0.38998794574714807,-1.0841901918489372,0.32748287562553763,Osmancik,1
1.0039381855834357,1.3356499816075347,1.3263659520419013,0.40018808914313486,1.0453254533503218,1.0494787791787512,-1.1175751688113096,Cammeo,0
-1.529285766126343,-1.443230518362408,-1.290872231859467,-1.523162750344082,-0.16267880030140122,-1.5272717800200766,-0.9171407626291943,Osmancik,1
1.1775655983120017,1.0880498814832997,1.0365477257170752,0.9377089776177914,0.4772604096712029,1.238887702366414,-0.8852834647917925,Cammeo,0
0.8314682889397267,0.8936225489996862,1.07280234091111,0.24493886876608795,0.9389675102158742,0.8217370977269187,-0.7974857639313515,Cammeo,0
0.5802872985257345,0.6769507666829138,0.7992895428184621,0.10914824676512841,0.7973518401367852,0.5923042651751963,-0.26534424379884736,Cammeo,0
-1.640986068315054,-1.9963399860622295,-1.9307640117948366,-0.9058490351951836,-1.710312424813398,-1.6574904147115948,0.5153685825069726,Osmancik,1
-0.500253966688375,-0.7385017588871847,-0.7528192390692304,-0.01650444274855653,-0.7615298592151101,-0.5435855569174832,1.5857528097821463,Osmancik,1
-0.24328539585009717,-0.18289921655773986,-0.11895159778926911,-0.26300872217660104,0.18470153752295623,-0.19633586440676826,0.5566098299228411,Osmancik,1
0.81410554766687,0.9827952800934855,0.6716952539877832,0.8637559171228596,0.18597712195306704,0.9615389219844792,-0.4564533211626441,Cammeo,0
-0.1460540447221002,-0.09204562650583663,-0.20398221906782954,0.18754297355604863,-0.2492064218908956,-0.10444998797942,-0.4899921092253506,Cammeo,0
-1.3290354834460636,-1.377282025690775,-1.1612704776741347,-1.335427866011452,-0.16021935886087296,-1.333353120566041,1.803664687072142,Osmancik,1
0.6769398916113029,0.594361257347717,0.42610312746189627,0.7762318577604898,0.00020903170095143512,0.7304149383328671,-0.9842869867500441,Cammeo,0
-0.30694878051723806,-0.38533927038182564,-0.21755613519635258,-0.3073666184747234,0.11291049920357352,-0.3586863699961934,-0.3642721758295394,Osmancik,1
-0.17441318880109932,0.29899432609970067,0.47497323348492276,-0.8045517103155941,1.1002243140368042,-0.16645886164204768,-0.4239751060631458,Cammeo,0
-0.5384519974886595,-0.5772171006207439,-0.5952140402230901,-0.14124556567164936,-0.45370697113351494,-0.5137085541527626,-0.12276312860250344,Osmancik,1
0.9408535589587234,0.9710848400379556,1.2712617250932983,0.07625668284341931,1.1912867099373892,0.8561238367580122,-1.0962603518910934,Cammeo,0
-0.7884754718177946,-1.0036679465766438,-1.0322542342172427,-0.1294840333198719,-1.0478856646065933,-0.8271352246656806,-0.6995266170946883,Osmancik,1
1.2429652571064282,1.6853387519303984,1.747847418241779,0.084556448817431,1.5191405732945276,1.2433974386327868,-1.5446860272513734,Cammeo,0
0.4263376592397392,0.27787073389323375,0.18240781173335327,0.6214514040109913,-0.14595001213482436,0.39218471835489793,-1.0583280921204348,Osmancik,1
0.6040163782653052,0.7835493712681206,0.7717156469509903,0.24006670250602674,0.6906671180696693,0.6903910289688073,-0.7347222129573739,Cammeo,0
1.9930356800938336,2.3708214198461537,2.5781321265202033,0.5584180092714282,1.7897937910272532,1.959318070919488,-1.9577078487852833,Cammeo,0
-0.8006293907087942,-0.6654938295842815,-0.5497106208885939,-0.936623632626897,0.22955337927114475,-0.8164246010330449,0.3727573856047632,Osmancik,1
-0.6767751696290838,-0.5184964724617365,-0.5903617943202886,-0.4585513725243027,-0.19001643785188846,-0.6608386998431791,-1.0065929573122403,Osmancik,1
-1.6786053410729098,-1.6578007994996142,-1.177230872798487,-2.1343086993410436,0.47408434776432024,-1.6958231729757645,-0.5416262003548685,Osmancik,1
-0.8752891781820776,-0.9789022083063281,-0.9877902706848729,-0.37421711289573145,-0.7656747919925039,-0.8609582466634775,-0.7517492298030629,Osmancik,1
-0.8845493068609345,-1.0498941328161409,-1.1844547856697616,-0.14537563199364234,-1.257551614170695,-0.87054143622952,0.8188752541971019,Osmancik,1
-0.27743212035338183,0.0008256782668882683,0.17965538853224572,-0.7654226802477646,0.8240903829774002,-0.2307226034378618,1.1398108034702523,Cammeo,0
1.3332515117252826,1.4204812061961138,1.6331909996590244,0.3907772232618497,1.2759597177599584,1.3307735787937622,-1.3355441242098707,Cammeo,0
0.650895779702018,1.0546832067335614,1.0441889892415102,0.1379999443573169,0.9806002928291988,0.6819352734693581,-1.207295784869771,Cammeo,0
-0.6015366241133718,-0.7301530367478659,-0.9359943536111,0.13550441123224768,-1.1509012898859694,-0.6360351503781281,0.5757695625818179,Osmancik,1
1.4165926698349942,1.2814127839552951,1.1650647167224848,1.3256618785746084,0.3434473032297805,1.4271691914874833,0.564048495855336,Cammeo,0
-1.0008796733890737,-1.1234347046067854,-1.181962879890984,-0.42649210853313424,-0.9912640483190002,-0.9990689198211482,-0.6035436069356538,Osmancik,1
0.24287135978988778,0.12210486737377746,-0.0826569029918026,0.7552835928420556,-0.5518782420603354,0.25858378146360017,-0.7830843400796705,Osmancik,1
-1.2786835337547795,-1.4546613852341617,-1.676710732465555,-0.2820819205848518,-1.925671207362219,-1.2504867166714386,1.4449827675440663,Osmancik,1
-1.2653720987789228,-1.357755505983668,-1.4826714315056513,-0.5228011004956904,-1.3548514746104285,-1.1704388979433193,-0.431099842398531,Osmancik,1
-0.9794656258192173,-0.8193821954567388,-0.9184438437852549,-0.5131469679680404,-0.5520158331898755,-0.8536299252306215,0.8731719619586162,Osmancik,1
1.0369273940018633,0.9920690731344676,1.0620453238674763,0.608854838395568,0.7070691273035885,0.9919796417824964,-0.5541571591623459,Cammeo,0
1.5965864210302745,1.6409627074942281,1.293083326572139,1.5228130954547316,0.3325919364054442,1.7022631037362315,0.8950814710640203,Cammeo,0
-0.6426284451257991,-0.6955261452614808,-0.8095100955364204,-0.21671425937342764,-0.6640924076458365,-0.6563289635768063,-0.7838232701878549,Osmancik,1
-0.8943881935822199,-0.635181085759443,-0.21757443240661634,-1.5543979144040259,0.9978708460683449,-0.9455158016579698,-1.4262111570144096,Osmancik,1
-0.7861604396480804,-0.8511800115146527,-0.894904918428802,-0.32331561714370355,-0.6850463900820388,-0.7938759197011803,-0.8217555299585136,Osmancik,1
0.12769850934660562,0.04553857846576984,-0.2149256933970066,0.6846638320689441,-0.6568459414900609,0.11427222093966667,0.2743539551122396,Osmancik,1
1.3726070586104242,1.3508067810018864,1.0063102788126357,1.3246396119932546,0.19708187269969465,1.4091302464219917,-0.9217301510881682,Cammeo,0
0.5148876397313079,0.8481256469368256,1.102555347391422,-0.4867949035005789,1.3897131841071888,0.5624272624104757,1.6237676014124873,Cammeo,0
1.457105732804993,1.3147230310899596,1.345672994053068,1.0016553056145017,0.7025544183655559,1.408566529388695,1.3712316806712512,Cammeo,0
0.16936908840146148,0.10255013385913338,0.20408826330444346,0.0610839507763227,0.2819096705429964,0.1599333006366925,1.488284226148829,Cammeo,0
0.920597027473724,1.307354952503513,1.4792670252588056,-0.13803253260645895,1.4589387211570282,0.997053095082166,0.4861353350119959,Cammeo,0
2.2523192831018255,1.8139578058161987,1.8415814125357972,1.7580109424930184,0.6543803241353537,2.138016370474515,-0.9072423387478478,Cammeo,0
-0.24270663780766863,-0.40186828677910674,-0.6537389741952894,0.5592216092043639,-1.1295603323979357,-0.24312437817038732,0.7984227795116982,Osmancik,1
0.2538677625960303,-0.07022096393027177,-0.8589404447118083,2.1303237114217484,-2.940837909861246,0.2754952924624986,-0.08829335030954792,Osmancik,1
-0.09801712720053025,-0.41817330264382246,-0.6669391044569958,0.7540139596146817,-1.3226092865882118,-0.13601814184403044,-0.44295126318376365,Osmancik,1
-0.2259226545772406,-0.46372663232175837,-0.5467647700361299,0.30286913059819853,-0.7628599068006638,-0.26285447433576886,1.8152446011787935,Osmancik,1
1.672403724588415,1.8232871715083898,1.9108799181704388,0.7888612233731783,1.252724015758889,1.7022631037362315,1.5562673387533739,Cammeo,0
2.0277611626395466,1.5561879105207213,1.2791652486315106,2.1315960779822296,-0.07821217917314208,2.0055428676498104,1.108812762564497,Cammeo,0
-0.2334465091288118,0.008922186066103158,-0.3935430599917483,0.10663221364177002,-0.40866307510034344,-0.14391018031018307,0.39129542967585207,Osmancik,1
0.046093625364179575,-0.08417311923918558,-0.4581731631219527,0.9226947788707952,-1.1763097851410305,0.11596337203955652,-0.1731407300177914,Osmancik,1
-0.30752753855966664,-0.5128092528333955,-0.6402818116941636,0.38471879043412144,-0.9577520088304036,-0.3062606858996082,0.318393572499395,Osmancik,1
0.43907033617316743,0.6090136280618641,0.8026814970830725,-0.2331046913389014,1.0125386337736813,0.41473339968676254,1.5748215806660828,Cammeo,0
-1.1125799755777845,-0.9606085464921956,-1.035030182402972,-0.8654941052296612,-0.40063119291344346,-1.1315424226458528,-0.8730587223235106,Osmancik,1
0.6051738943501622,0.7675247835510441,0.6926011236577111,0.31430402964390175,0.5727715854269159,0.6052697569410185,0.22124817437268424,Cammeo,0
0.5594520089983065,0.8390767093922735,0.957910672482104,-0.08809590344057502,1.0482922620810344,0.5680644327434419,-1.4921718533938404,Cammeo,0
-1.0489165909106437,-1.4012355482895762,-1.417878396074527,-0.19495966118895242,-1.5758342945791988,-1.0853176259155304,-0.4370012560287175,Osmancik,1
0.2411350856626021,-0.14087603267737148,-0.45577709987312653,1.1321910947206664,-1.357319515496553,0.1858642841683368,-0.32632757484621794,Osmancik,1
1.389969799883281,1.278387066837932,1.189188281511651,1.1433868271196623,0.48131934799263415,1.493687801416484,0.9042934149909994,Cammeo,0
1.5288717300661336,1.6124428228937795,1.7050336888160542,0.8519670514400299,1.070702417304869,1.5647161476118574,-1.5114881651884764,Cammeo,0
1.27421819139757,1.3589315026086382,1.6693741686034562,0.20436937215180556,1.402738477703646,1.2202850402676255,-1.1095865475895292,Cammeo,0
1.007410733838007,1.0448776261687025,0.8650288054089421,0.8281487867611108,0.3930919026569472,1.0945761418424804,-0.4481314871989685,Cammeo,0
0.6879362944174454,1.128420420213101,1.390924608922506,-0.39548791112058207,1.5389852272488134,0.6965919163350701,-1.6674224724859559,Cammeo,0
-1.0217149629165017,-0.7495957699962272,-1.030107361546296,-0.5830423954682675,-0.6389820265047788,-0.931986592858851,-0.47536237293940803,Osmancik,1
-1.6867079536669096,-1.776670700435631,-1.6294533948329193,-1.3528186978934376,-0.7764212325059543,-1.6958231729757645,-0.17637567038702445,Osmancik,1
-1.2109688427906387,-0.858071875228433,-0.4201881546144047,-2.0174737424248104,1.1310131957532543,-1.242594678205286,1.6316335818334313,Osmancik,1
1.585590018224132,1.4115442689178446,1.2083010245757295,1.437232435930181,0.3108267396013287,1.5867011119104255,-1.0320544216871528,Cammeo,0
0.9599525743588656,1.1185028393819594,1.0237945701632387,0.5973119726922084,0.6817953566962126,1.0680814412775395,0.6140311784654148,Cammeo,0
-0.14258149646752888,-0.03738693166827496,0.10165960895223593,-0.38750931178643416,0.49547116896220067,-0.13319955667754738,1.3368984270433777,Osmancik,1
0.8580911588914402,0.9612801144369614,1.0132126835607058,0.27836069931021046,0.870415596404408,0.8251193999266984,-0.8863293825649637,Cammeo,0
-0.7138156843445111,-0.7898543084597442,-0.9013969428895264,-0.07347667132728619,-0.9135336595744723,-0.6935342877743829,-0.6608199462294397,Osmancik,1
1.2846358361612842,1.3201016087631243,1.5303144993032183,0.42219142064018544,1.1848084609215455,1.2355054001666341,-0.050975837194654296,Cammeo,0
-0.8648715334183636,-1.0491657036033708,-0.992757527623618,-0.43873470751143107,-0.7154912939746387,-0.9105653455935797,-0.16876654145462483,Osmancik,1
1.020143410771435,1.1483949409853376,1.2139705458703103,0.49965134750911916,0.8986447098150454,1.0376407214795222,-1.58173434766506,Cammeo,0
-0.2195563161105265,-0.23175869150067951,-0.16590311062178384,-0.1721896297558866,0.06742516496312773,-0.2459429633368704,0.07739128631732471,Osmancik,1
-0.43832685614851974,-0.8969291279176189,-1.1570865155938237,0.8344340862365727,-2.1777066253790576,-0.44831737829035523,-0.04383953097239771,Osmancik,1
1.4698384097384212,1.5061520052998822,1.4568668834173395,0.9487803433604999,0.8245346876665399,1.5337117107805436,0.07207145233387209,Cammeo,0
-0.6599911863986557,-1.0005302291929996,-1.0228207153826885,0.0151680546082228,-1.1669507218504422,-0.6895882685413065,0.6612717978869805,Osmancik,1
-0.5853313989253723,-0.19189258145108445,-0.11945956319801992,-0.9979158941784326,0.7080523305834268,-0.5216005926189152,0.06279317438883053,Cammeo,0
-0.47536737086394715,-0.5932134745302821,-0.619873451884266,-0.043535740492666064,-0.5657290824340331,-0.447189944223762,0.7020517924795774,Osmancik,1
-1.6878654697517668,-1.6003976706561953,-1.5358527087851084,-1.4542308227634464,-0.5483954665938531,-1.59999127731534,1.1151800569727037,Osmancik,1
0.4442791585550244,0.6070241271485826,0.6446362938948736,0.03166235323169506,0.7135445098375668,0.47899714148257666,-0.7571454250398665,Cammeo,0
-1.1669832315660686,-1.2912752257881583,-1.4893333586331106,-0.3672976801398577,-1.5199780289496723,-1.144507914411675,-0.12028023087990898,Osmancik,1
-0.6860352983079406,-0.20228637715489223,-0.18456277990790132,-1.193265844542216,0.7820362275298539,-0.6557652465435097,-1.1951273491842629,Cammeo,0
-0.25370304061381116,-0.001723823977808525,0.12360057794565446,-0.4951958027994839,0.5906727646764486,-0.2307226034378618,1.2352068347020129,Cammeo,0
-0.015833485175675656,0.3695373945805208,0.6445047282401216,-0.9388335324424703,1.3150499309586576,0.01505802307946241,-0.8842691713760698,Cammeo,0
-1.2387492288272093,-1.4857025582717718,-1.2560596110933626,-0.9392790657386217,-0.6291413942608003,-1.286564606802422,1.6962753111095268,Osmancik,1
-0.10148967545510157,-0.2259030439909822,-0.6524355157879288,0.8499881182718505,-1.3883577811352943,-0.10557742204601323,-0.42803536502920275,Osmancik,1
-1.2451155672939234,-1.27180427873226,-1.020587584434784,-1.2600029056393574,-0.05123858481956287,-1.2809274364694558,-0.14782196091429245,Osmancik,1
-0.5477121261675163,-0.371247755962957,-0.7011932246621922,-0.03963390748495926,-0.6736635905944658,-0.5007430623869404,-0.3231720810335016,Osmancik,1
-0.011203420836247226,-0.25369449937866234,-0.5036312750786529,0.665995166960269,-1.0158269314237633,-0.06555351268195356,-0.5892301142241951,Osmancik,1
-0.15647168948581416,-0.4863626556049744,-0.5151759434593532,0.43276121975808535,-0.8315494117416647,-0.20648277100610735,-0.33018420380333885,Osmancik,1
-0.9586303362917893,-1.0398081241036443,-1.1507077595775892,-0.3109445515094612,-1.0525981607933397,-0.961299878590275,-0.7139473240911549,Osmancik,1
-0.5575510128888017,-0.6722454792242406,-0.9142781789152075,0.2582338009898959,-1.2316271521798585,-0.5385121036178137,1.4999582420020339,Osmancik,1
0.25039521434145895,0.3711062532723421,0.2743373525770716,0.2963104978122143,0.1861835086473771,0.2771864435623885,-0.5599428739238187,Osmancik,1
-0.004837082369533137,0.23923748173661333,0.08232729936499063,-0.03555577449196554,0.22777616051458585,0.04662617694407286,0.6568266473510029,Osmancik,1
-1.2399067449120664,-0.8126587596243151,-0.33193548173797194,-2.2473989899031204,1.3576917151886092,-1.2741628320698963,1.1385735969008077,Osmancik,1
0.4089749179668826,0.1807134952665023,0.22171457585852564,0.591092273211272,-0.08111879178467549,0.35554311119061793,-0.6430154329859952,Cammeo,0
0.020628271497323217,0.21055002421867142,0.4452184844131571,-0.5913722281064367,0.9412864940449917,-0.036240226950529565,-0.27220595803935693,Cammeo,0
1.7939429134984113,1.706098984494345,1.4432067090118588,1.6272223200746208,0.3997822713308318,1.8708144966919196,0.3086995499527758,Cammeo,0
0.38119453193031205,0.39912170919258766,0.45725979135815764,0.16062510913580588,0.45847635400712167,0.3572342622905078,0.4137788051700757,Cammeo,0
-1.4598348010349167,-1.2630631281790194,-0.6291597217409832,-2.3616892136983907,1.1807839203824992,-1.4866841536227204,1.1562732098366186,Osmancik,1
-0.4151765344513776,-0.7005969359433327,-0.7605990386142322,0.22108507075680095,-0.9794684754428069,-0.45959171895628753,-0.6652674107427916,Osmancik,1
-0.21087494547409819,-0.39861856912917837,-0.45262213804621965,0.2699188000147271,-0.6146054647212679,-0.2126836583723701,1.8426675470412976,Osmancik,1
-1.5663262808417706,-1.5894994462721797,-1.3340980841639896,-1.5591812473381672,-0.1864620003387707,-1.541364705852492,1.7181609091153967,Osmancik,1
-0.18772462377695606,-0.03598650085780858,0.18520379972079662,-0.6341297578714506,0.7416589639735929,-0.2042279028729209,-0.06245239364525478,Osmancik,1
1.5178753272599912,1.7132139937768245,1.8003342728269418,0.5468396102377007,1.3072531002847219,1.5365302959470266,-1.6146614743751673,Cammeo,0
-0.12000993281281529,-0.2521538544943764,-0.2153430440501655,0.07989884920612987,-0.17885722394981793,-0.15574823800941198,0.12087477780886328,Cammeo,0
1.105799601050861,1.1641955281698502,1.2288540194762836,0.5394063108580449,0.8867029463637213,1.0646991390777598,0.03439604405175764,Cammeo,0
0.8939741575220105,0.744608332120189,0.7209739977066985,0.711540696492611,0.33626676615690954,0.8324477213595544,-0.26522545962696803,Cammeo,0
0.22203607026245983,0.4216183733658504,0.6775355492448273,-0.5623127971982512,1.1136079178664442,0.17740852866888757,0.00997201286631074,Cammeo,0
-1.58253150602977,-1.3171053940700936,-1.0916940287026295,-1.8700609880604397,0.35963145984192807,-1.5515116124518311,-1.3439500326848115,Osmancik,1
-0.8752891781820776,-1.1061764040328712,-1.3147291801562182,0.11049441331945106,-1.7119635183678785,-0.8378458482983163,0.11012018229903583,Osmancik,1
0.856933642806583,0.9822634925696087,1.1630380828618427,0.12555917872889136,1.0809185586732117,0.8149724933273593,-1.4816393997119433,Cammeo,0
0.6925663587568739,1.0215413874802532,1.0488878870963836,0.16328600891374112,0.9691085670307398,0.7208317487668245,-1.123418733007139,Cammeo,0
-0.08644196635195918,-0.4632504174490906,-0.7938137030173021,1.0345824028665762,-1.7746420108370988,-0.07006324894832648,1.3403346834441725,Osmancik,1
0.5907049432894484,0.7383328973528976,0.52576541788137,0.6332935696893729,0.20132999882424346,0.6841901416025445,0.12427323924587826,Cammeo,0
-0.042456355127389114,-0.1880820075058777,-0.3004738643373131,0.3766185577767911,-0.5130861429756396,-0.059352625315690785,-0.8629852074875107,Cammeo,0
0.18731058771674663,0.16115876175185662,0.15194034275702495,0.24378266886257835,0.09821118019771229,0.20333951220053187,0.22010738352716788,Cammeo,0
-0.5465546100826593,-0.6094347039362534,-0.6535838835559109,-0.05609813944427407,-0.5981862565961561,-0.5593696338497884,-0.23111897578177332,Osmancik,1
1.7117592714735566,1.3953794671269484,1.3346232216452143,1.4465941018155721,0.41783537411923155,1.6701312328383244,1.0683027319988987,Cammeo,0
1.6660373861217008,1.685478966004218,1.4453352844725418,1.3327712779812952,0.5837330120802726,1.6785869883377738,0.4286121714649543,Cammeo,0
-0.34861935957209395,-0.290870893109741,-0.40266814013899926,-0.15322439800529214,-0.21254411883220506,-0.3581226529628968,-0.18834664666992784,Osmancik,1
-0.22418638044995493,-0.37589790442335175,-0.1470665683031135,-0.3104320515522318,0.1900704580568833,-0.2752562490682944,0.8764662944137889,Cammeo,0
-0.1796220111829563,-0.12653230391840212,-0.34437409953441395,0.15229527649763672,-0.3861726583842773,-0.13658185887732707,-0.6959769758025541,Osmancik,1
-0.1720981566313851,-0.5663470900442653,-0.8943525169379821,0.9940361395836882,-1.896281168796093,-0.18111550450775965,1.044493447469217,Osmancik,1
1.2053459843485723,1.264518697987764,1.2582515373000427,0.7419298939564852,0.7883682859705613,1.2586177985317955,-0.05327438805309837,Cammeo,0
-0.2380765734682402,-0.009792117969488139,0.1090795633620522,-0.6082300600329037,0.654300062643122,-0.1642039935088612,-0.13944073486467723,Cammeo,0
-1.476040026222916,-1.4189692087722952,-1.2448277378785997,-1.4628339887121378,-0.15636107427002094,-1.4551159997581098,0.12680164519016673,Osmancik,1
-1.9847683455176148,-1.797766078834561,-1.5095474194959217,-2.261325322074235,0.19591234809860428,-1.9404763654264956,-0.5804585973241193,Osmancik,1
1.8107268967288392,1.6567350808712022,1.743472642397287,1.0538045679290642,0.9851006693579097,1.7552525048661134,1.533923573227398,Cammeo,0
0.7996365966061563,1.1671374588284658,1.29118477318334,-0.08570697030660952,1.298137687952694,0.8363937405926307,0.1314141734228834,Cammeo,0
1.05023882897772,1.46987246866293,1.726728081118777,-0.26769912178516486,1.6893895307272726,1.0370770044462256,-1.5701829726126915,Cammeo,0
-1.0685943643532145,-0.960860760832298,-1.1953529526211426,-0.4229879754922375,-1.013923587465126,-0.990613164321699,-0.8430271526344099,Osmancik,1
0.8476735141277262,0.771362716339923,0.6410988332438833,0.8383072192466746,0.17347066157425023,0.8375211746592239,-1.0121580728973658,Cammeo,0
0.4043448536274542,0.5207086852907897,0.6382470823299187,0.04821268518382441,0.6972628928420057,0.4062776441873133,1.7131835437833363,Cammeo,0
-0.14200273842510033,-0.3331745051377486,-0.8510369211735945,1.1989896558126776,-2.0255595009264247,-0.11008715831238615,-0.42193880597378597,Osmancik,1
-0.2976886518383812,-0.5403767076885119,-0.6382499500591604,0.3198595291802689,-0.8987254142577252,-0.3440297271304814,0.6183089513046532,Osmancik,1
-0.7595375696963669,-0.875749963059943,-0.9625366353379886,-0.14947153165182003,-0.9308816078239793,-0.7696360872694259,-0.660485962161753,Osmancik,1
0.19194065205617505,0.25338542377055573,0.34284994946609865,-0.053373006338366065,0.49575495066687697,0.21686872099965063,1.4817734651434173,Osmancik,1
0.0657713988067504,0.21567638755173393,0.3264870157159454,-0.30144895230191415,0.6477329526894504,0.03817042144462363,-0.8866502540941962,Cammeo,0
-0.5141441597066603,-0.6176714258092896,-0.42384062630134023,-0.4939726362348963,0.028825120163414906,-0.5492227272504494,-0.7483353418502194,Osmancik,1
-1.0934809601776423,-1.1383948623122453,-1.0418132196364627,-0.7943932778300304,-0.47054181912911225,-1.0982831176813526,0.36359172122526956,Osmancik,1
-0.2780108783958104,-0.3348835779033926,-0.29116668338315155,-0.16404293043576743,-0.07660981581037367,-0.3231721968985067,0.6650335537717563,Osmancik,1
0.8546186106368688,0.732533677458274,0.6728479782343995,0.8322378530865254,0.208630928135462,0.8442857790587833,0.77321276734479,Cammeo,0
0.1404311862800338,0.6372530845146751,0.5103042752085,-0.2841264537475591,0.8000491995721432,0.3341218639253466,0.7958943735674097,Cammeo,0
-0.35961576237823645,-0.16622998608664075,-0.2751339707134694,-0.22138142565059707,-0.01482566568316365,-0.3772890320949817,0.9089244550427101,Osmancik,1
-0.7311784256173678,-0.7903023095248751,-0.8495931841542119,-0.19442529456688118,-0.7365742680947849,-0.7499059911040443,-0.8547135097002777,Osmancik,1
0.07503152748560725,0.3515797335652365,0.48029859296740124,-0.4694013382854881,0.8932098601982137,0.12498284457230237,-1.536291688663304,Osmancik,1
-0.9204323054915048,-0.6664180455220802,-0.23076323582387537,-1.6839128035953916,1.0729870033516067,-0.9590450104570886,-0.4410931393522228,Osmancik,1
-0.3943412449239497,-0.6923884278778352,-1.014342136664757,0.7415868606517823,-1.84473895837402,-0.4009651474934396,1.085946809477727,Osmancik,1
0.18268052337731822,0.07887703940797286,-0.08157039722042488,0.5366620444204003,-0.37889752740984756,0.20897668253349802,1.3088985294888884,Osmancik,1
0.7070353098175877,0.6027381932945728,0.5370722225286398,0.7396133941498108,0.13878049803896697,0.6746069520365021,0.7090315195661748,Cammeo,0
0.00789559456389504,0.30249625808973135,0.2537582188047139,-0.20119712733507283,0.5123490141857793,0.08665008630813253,0.6775390588281167,Cammeo,0
-0.8006293907087942,-1.0376228364653342,-0.841864791057094,-0.5860271952191718,-0.39202601435345996,-0.8389732823649095,1.3734361297831417,Osmancik,1
-0.695874185029226,-0.8290202031041061,-1.1233464598674658,0.3165029961270542,-1.6054335863215006,-0.6309616970784585,-0.49044256348754234,Osmancik,1
-0.1136435943461012,-0.16348469711691696,-0.20974845418809177,0.15009221001482645,-0.22676760184840697,-0.12418008414480153,-0.9026899739268622,Osmancik,1
-0.2837984588200959,-0.564833804003653,-0.9709733918610317,0.900169380750652,-1.9294922276888207,-0.24537924630357377,-0.5238363423014611,Osmancik,1
-0.1697831244616709,-0.27165216039394674,-0.6350618789946334,0.7021011306137236,-1.230202510692746,-0.13545442481073383,0.9589225641686174,Osmancik,1
-0.4475869848273766,-0.5918130437198172,-0.9132038712840073,0.5056674136737165,-1.4595411252992085,-0.4173129414590414,0.9010785290923433,Osmancik,1
1.2701668851005703,1.2674606286463812,1.2284863326795565,0.9260923119205907,0.6509921425704301,1.2574903644652022,-1.157069363309602,Cammeo,0
1.5063001664114202,1.5448416850715765,1.3666363692409662,1.1787069575053652,0.6119019293717309,1.53596657891373,-0.2874627821937274,Cammeo,0
-0.3410955050205227,-0.4169404447508462,-0.29616443567233625,-0.3079351517606099,0.027864848738500023,-0.3733430128619054,1.9678845760211001,Cammeo,0
0.19830699052288914,0.04489393571174564,-0.20893030750058403,0.8328009197062041,-0.7700977735108432,0.23434394903184572,0.4945034485231569,Osmancik,1
1.9270572632569785,1.8667398549706262,1.9461194738426955,1.023881403759628,1.1495994641686162,1.8888534417574112,-0.6543284683688138,Cammeo,0
0.13522236389817682,0.1502887511753795,-0.0018816900431530448,0.4565357511073209,-0.22603951545459092,0.13569346820493805,0.36282965134334244,Osmancik,1
-0.040141322957674905,0.5879173946990693,0.7989087865858306,-0.9207375006193369,1.419192083611143,0.13851205337142114,0.575829725993549,Cammeo,0
-0.29190107141409566,-0.5324759866143239,-0.8315826301845926,0.760927925704345,-1.5744899145843179,-0.27807483423477747,0.01842651486611126,Osmancik,1
-1.1565655868023546,-1.136629361931529,-0.9639429066411169,-1.1729831462349036,-0.054907681607297344,-1.1929875792751838,-0.92746110171845,Osmancik,1
1.6631435959095582,1.0816060188346535,0.539204283172232,2.6300697655488943,-1.3531917816103518,1.6752046861379941,-0.45282654729136756,Cammeo,0
-0.19987854266795568,0.2459891313765724,0.44745248665678683,-0.8620159388532641,1.113679579913069,-0.14616504844336953,-0.9113041403654876,Cammeo,0
-0.21261121960138385,-0.3633188210812322,-0.8097235629894974,0.7752109578456887,-1.554444606899453,-0.24030579300390426,-0.5587511755760683,Osmancik,1
-1.3469769827613487,-1.2712998500520554,-1.1531839820332834,-1.3349044327218016,-0.15061377812985874,-1.374504463996694,-0.8844149519506489,Osmancik,1
1.196664613712144,1.3990771858420077,1.803264440356321,-0.08636707025152104,1.6440131227977073,1.144746957805879,1.7478839484879276,Cammeo,0
0.9732640093347223,1.1229289873097872,0.9326735917540313,0.6633739005123594,0.5609129499496834,1.0489150621454546,-0.0638531212824811,Cammeo,0
0.27528181016588676,-0.07879368660215601,-0.5030457643502129,1.4151566711058419,-1.682152106967536,0.2614023666300832,-0.15814847060987947,Osmancik,1
0.3383664367905991,0.9389792369887288,1.465487483338747,-1.2131918428792967,2.0118601411411463,0.29691653972777,0.1553345288665303,Cammeo,0
1.796836703710554,1.56380820344727,1.7580590041604043,1.0451235019868688,1.000935115182471,1.7248117850680962,1.7532546899736143,Cammeo,0
-1.041971494401501,-0.8567552308767125,-0.5091361214808616,-1.5433675486578957,0.7195469228637564,-1.0988468347146492,-1.0648049147910237,Osmancik,1
1.3234126250039973,0.8161876168050904,0.8428220912188341,1.4146974711441644,-0.0231441960566054,1.232686815000151,1.4636696774929001,Cammeo,0
-0.6553611220592273,-0.6961990018230403,-0.7482902438810884,-0.2699336215986852,-0.5393001196348832,-0.6805687960085607,-0.7263795531973299,Osmancik,1
0.9674764289104367,0.4943740883286497,0.0650303365956592,1.9018061304926255,-1.2996229685094285,0.909113237887894,-0.13775076005566683,Osmancik,1
-0.8162558578543652,-0.7022777949014399,-0.9992138289595418,-0.10800413511247166,-1.0201180547762934,-0.7826015790352481,-0.6960811047843964,Osmancik,1
-0.13563639995838622,-0.23820169918546258,-0.3090744244570048,0.26754900021249817,-0.43594051653165694,-0.18844382594061565,-0.7492177385556087,Osmancik,1
-0.26527820146238223,-0.8216521245176597,-1.052410789562082,0.9897284066098557,-2.1552592058909728,-0.3265544990982864,0.766955772524757,Osmancik,1
1.3378815760647111,1.4963190658913512,1.4116649324043318,0.6740010996254691,0.9510124670143588,1.3268275595606858,-1.2491240112129132,Cammeo,0
-0.5205104981733744,-0.37536526193561026,0.17810796732137169,-1.3756051293251348,1.2169302567054148,-0.5898103536478057,-1.0182885702876052,Osmancik,1
0.00789559456389504,0.06775481449139184,-0.43000068709013817,0.8444845520644776,-1.069797051985845,0.10299788027373437,1.5672494753716715,Osmancik,1
-0.46552848414266174,-0.5751720270562534,-0.6938978655413165,0.11388647970303364,-0.7955005358021736,-0.4657926063225503,0.9313453531478284,Cammeo,0
-1.062806783928929,-0.5631529450455458,-0.5326654625843191,-1.3267153667385514,0.5391248212906447,-0.965809614856648,-1.5096539524564696,Osmancik,1
-0.4423781624455196,-0.6648209730227205,-0.9566423197458801,0.6521549347819688,-1.6656239725315383,-0.4223863947587109,0.6973297359844784,Osmancik,1
-0.09801712720053025,0.2839221681279596,0.7290787905578151,-1.2114520763578218,1.5364713226528421,-0.14729248250996274,-1.5221671707707443,Cammeo,0
1.7349095931706988,1.6237899033067875,1.484891239175592,1.309133413287321,0.6311847528803949,1.6892976119704095,1.5119492727555144,Cammeo,0
1.3685557523134244,1.2305646630629417,0.9849042853954985,1.496280631002328,0.06162053918565717,1.380944394757161,-0.977797051541001,Cammeo,0
0.47032327046430933,0.5874976074414753,0.565246441151913,0.22160577071334606,0.5180389806886331,0.47786970741598345,0.4709255617309024,Cammeo,0
-0.28727100707466724,-0.575367813781282,-0.4653517686154312,0.03452141965975903,-0.4375858771224066,-0.3513580485633374,1.494159414702107,Osmancik,1
-0.9534215139099323,-1.118783701182526,-1.0323134823266682,-0.5941820945386067,-0.6321683991106812,-0.9945591835547754,-0.7360265248706723,Osmancik,1
1.385918493586281,1.232329308479793,0.9729928015137979,1.3582760091861399,0.142899632479572,1.415894850821551,-0.627908246035161,Cammeo,0
-0.46031966176080474,-0.45260440740517893,-0.5653956865632631,0.027258953599179726,-0.5557737909154379,-0.4285872821249737,0.11435244691658035,Osmancik,1
-0.25428179865623973,-0.6184836414808055,-1.1576267189444678,1.404481638663391,-2.776807068215058,-0.2679279276354384,0.2608272147080336,Osmancik,1
-0.06329164465481704,-0.007578616523641099,0.19005604562359976,-0.4437476404264113,0.6177982825688949,-0.08641104291392832,-1.2379012209476914,Osmancik,1
-0.9418463530613613,-0.9252532257930405,-1.2477012711857356,-0.11910420085278499,-1.3795232840260774,-0.8699777191962234,0.39970442345395857,Osmancik,1
-0.10554098175210146,-0.1298102353758674,-0.43621999598835837,0.6036765388277218,-0.8725028381528854,-0.05315173794942802,0.2731499155518264,Osmancik,1
-1.2323828903604952,-1.1186434871087063,-1.0702087473743511,-1.0728092212615612,-0.26869849857573497,-1.1817132386092515,-0.5865543850537447,Osmancik,1
1.0566051674444341,1.3484530654822182,1.3409801952682776,0.27199476650814447,1.1306520190382117,1.0883752544762177,-1.4108548318329455,Cammeo,0
0.8187356120062985,0.9587861848434752,0.8924432541584029,0.49187501482475776,0.6351347648909402,0.8448494960920799,-1.0525539472458334,Cammeo,0
-1.3423469184219203,-1.2568723348343387,-0.8808064822727182,-1.7085428682065622,0.4635442939451799,-1.3835239365294398,-1.1498512965534546,Osmancik,1
-0.4996752086459464,-0.6798657721507877,-0.6261947023825287,-0.13169256646889263,-0.500278702000954,-0.5475315761505595,0.5659066196868768,Osmancik,1
-1.689022985836624,-1.53523317984854,-1.2218577686317769,-1.9469469149772765,0.2740583767136177,-1.664255019111154,-0.6290081566137319,Osmancik,1
0.21856352200788853,0.8765053174634546,0.9573783107930032,-0.6786215874917291,1.394663598288765,0.2974802567610666,-1.6307922106512212,Osmancik,1
-2.3013489947260335,-2.0498496094655625,-1.6013750187396023,-2.584950765899485,0.6893600023390388,-2.2775791513378714,-0.27525423756706535,Osmancik,1
-0.7300209095325108,-0.9833292111980223,-1.0624794829815065,0.016076887865709672,-1.2263040953557782,-0.7780918427688751,-0.4012541622251635,Osmancik,1
-1.2005511980269248,-1.26583663095628,-1.1187364341767274,-1.0724456879585664,-0.3305657766770421,-1.2313203375393538,1.5771617831172637,Osmancik,1
-1.1085286692807848,-1.2072288580274215,-1.1530297626896318,-0.8266397751389067,-0.5895724785905763,-1.1281601204460732,1.3569937778873522,Osmancik,1
-1.1166312818747846,-1.1752352552444758,-1.1789403550145576,-0.6852594869377647,-0.7511273965255097,-1.100537985814539,0.5908636369941979,Osmancik,1
1.0444512485534343,1.6346034862681909,1.5420099018446645,-0.024111308780394018,1.4397504915499229,1.09795844404226,-1.6843137359923541,Cammeo,0
-0.21029618743166964,-0.27319366024209746,-0.3190890975413631,0.009177955108125118,-0.24306068477144036,-0.24876154850335347,-0.6635627807437441,Osmancik,1
-0.8654502914607922,-1.1213332034272228,-1.0343279180471345,-0.45352067294413856,-0.7590044886916772,-0.9263494225258849,-0.588158742699907,Osmancik,1
1.6729824826308435,2.084755640482791,1.873693016548681,0.818392154242015,1.2107185905030549,1.8725056477918094,-1.2520195682339197,Cammeo,0
-0.1599442377403855,-0.4683212081309442,-0.7726743260925812,0.8476142184699587,-1.565626752656447,-0.2081739221059972,1.3392378581687674,Osmancik,1
0.4465941907247386,0.4650984156717573,0.6763558148306803,-0.08723763684553479,0.8169557096143812,0.43051747661906775,-1.2771339360026912,Cammeo,0
-1.2549544540152087,-0.962401405716584,-0.7449209433053777,-1.4352628576797466,0.39963321427383003,-1.2448495463384723,-1.1598615626745576,Osmancik,1
0.8436222078307263,0.9691517667397477,0.8352392045080979,0.6042587387791344,0.5122257554655663,0.8516141004916393,-0.9108243757232217,Cammeo,0
1.1769868402695731,1.1671656726360025,1.3690942944863969,0.4798797824924837,1.0315778063237793,1.1052867654751162,0.9253266979973455,Cammeo,0
-0.46957979043966164,-0.5480252144225974,-0.17466311785948493,-0.8180038091929525,0.5290491375337019,-0.5413306887842967,0.24106739058332874,Osmancik,1
-1.4667798975440594,-1.4212664966768882,-1.3301397876769312,-1.2965339025906717,-0.41086739965484953,-1.446096527225364,-0.0406693819696443,Osmancik,1
-0.3509343917418081,-0.059183380436302946,0.2260405591423126,-1.097245219222261,1.0798751592742104,-0.3507943315300408,0.41033329285978387,Cammeo,0
0.9836816540984363,1.0395272623030745,0.7964804853951144,0.8906573815444685,0.2877056968748707,1.0376407214795222,-0.28762167530676075,Cammeo,0
0.03278219038832284,-0.36404725029400226,-0.8008903669107397,1.3780380075369045,-2.118290189272683,0.05733680057670855,0.4526999046053402,Osmancik,1
1.1052208430084325,1.3501903520553975,1.4921865982964677,0.32128632906119564,1.21391185130113,1.104159331408523,-1.634375790278178,Cammeo,0
1.9079582478568362,1.9170835471827765,1.6933008205583553,1.3668477418041214,0.7657517440524274,1.8747605159249958,-1.226865091523994,Cammeo,0
-0.6715663472472267,-0.7190034529876144,-0.7324509588627677,-0.3873125118028581,-0.4208857537744839,-0.6822599471084505,-0.026470816801107855,Osmancik,1
0.6271666999624473,0.7674965697435073,0.9294637382963348,0.09346164807424974,0.9152789040800635,0.6407839300387053,1.2040838390180468,Cammeo,0
0.5779722663560203,0.8728067437845322,1.0638698171194902,-0.22760112513153355,1.2123696840575353,0.5128201634803736,-0.9935860904914542,Cammeo,0
-0.6067454464952288,-0.8084566122290527,-0.8945990936286794,0.1395702442262679,-1.095039291292712,-0.6754953427088911,1.54314785836704,Osmancik,1
-0.5124078855793746,-1.042581626880905,-1.468613946248729,1.2695738832554186,-2.940837909861246,-0.5311837821849577,-0.00948776552553009,Osmancik,1
0.7701199364423,0.9157823574102344,1.1356489016884606,0.033333786425539344,1.1141181516384886,0.7715662817635199,1.1344292634234856,Cammeo,0
1.4802560545021353,1.6926521128295007,1.9736776863870873,0.24143063572553336,1.5829943233285584,1.5342754278138402,-0.080234538440748,Cammeo,0
-0.4041801316452351,-0.5532635780219427,-0.4991284187623164,-0.17254632972611827,-0.31108229943779897,-0.4364793205911263,-0.6563470279649708,Osmancik,1
-0.0823906600549593,0.5819223880794171,0.9708711964189296,-1.460464188909909,1.8377242342988949,-0.09373936434678432,0.4200134315421574,Cammeo,0
-0.6756176535442266,-0.43148081519871206,-0.3522540980880013,-0.9054281018969791,0.4141232801035158,-0.6529466613770265,-0.07163194188899404,Osmancik,1
-0.5529209485493733,-0.7493999832711986,-0.7297020208445707,-0.12635710024749602,-0.6369783556808518,-0.5909377877143989,1.8068163242559012,Osmancik,1
-0.8249372284907934,-0.8823896124336194,-0.872482994194165,-0.40965887660461425,-0.5809128368751498,-0.7938759197011803,1.1589867339708488,Osmancik,1
0.04667238340660813,0.02634805955751239,-0.032669795846957214,0.11987247920347349,-0.006656192366723613,0.06635627310945438,0.1635175241877495,Osmancik,1
1.6064253077515598,1.303348591833278,1.129364245610727,1.5959830560150194,0.1338702146035067,1.5833188097106456,-1.0224375317196759,Cammeo,0
-1.2242802777664954,-1.2719444928060797,-1.215819689244739,-0.9645842636267825,-0.5519556370707017,-1.2301929034727606,-0.5834336009016424,Osmancik,1
0.34357525917245607,0.4909841566049017,0.7269772252646642,-0.40482497700802617,1.0567971137757284,0.2974802567610666,-1.2515536874558995,Cammeo,0
0.8262594665578697,0.8742353884025338,0.6371213682508345,0.9273100118189679,0.10817507116190371,0.8741627818235039,-1.1157201302829343,Cammeo,0
1.6151066783879882,1.6958445479004904,1.841801850354689,0.6006808057443966,1.3067084687302872,1.6323621916074513,-1.5614253395768611,Cammeo,0
1.6214730168547022,1.1178581966279335,0.7436686375038398,2.1862094400911514,-0.6827102073617235,1.5759904882777898,-0.0007216479059941974,Cammeo,0
-1.3782299170524905,-0.7887060919893786,-0.49792951584217726,-2.2776460540455257,1.2382511488203904,-1.3209513458335156,-1.2670874175693911,Osmancik,1
0.003844288266895165,0.39842149378735603,0.6222134983645112,-0.7551002477758875,1.1873223655175167,0.043807591777589784,0.43304729476564335,Cammeo,0
-0.5974853178163719,-0.525780764589437,-0.6236897271678484,-0.33434734955638634,-0.33038232183765537,-0.5988298261805515,-0.5218733181622865,Osmancik,1
0.8957104316492961,1.0369777600583794,1.4288669239394403,-0.1898086949521584,1.4527614527370478,0.8561238367580122,0.025238864255969686,Cammeo,0
1.0647077800384337,1.0322985428265845,0.8563899082772709,1.0621029672365208,0.2298084961571669,1.0782283478768786,1.0207103880164434,Cammeo,0
-0.8666078075456494,-0.9514476086813609,-1.012375622209267,-0.2755096211333415,-0.8875404020188659,-0.8784334746956726,1.6819456205564483,Osmancik,1
-0.40070758339066376,-0.6186802831696988,-0.9343293074770985,0.5754097745200512,-1.5576407341793936,-0.3863085046277276,-0.046827647088375016,Osmancik,1
1.6249455651092737,1.0735377248429723,0.8912826882502449,2.017789654146584,-0.3964145980894142,1.5354028618804334,-0.7929912485447228,Cammeo,0
0.5183601879858792,0.7503237655560667,1.0109394730093648,-0.3563342810548056,1.2477420702767934,0.5105652953471871,1.9044993364592346,Cammeo,0
-0.7774790690116521,-0.7785636556618083,-0.9145517657734369,-0.23160955813034406,-0.7917024473304953,-0.7589254636367901,0.0559198902614496,Osmancik,1
-0.36829713301466477,-0.3520008094396242,-0.3761014621317606,-0.2454333903100128,-0.10972341431967729,-0.3733430128619054,-0.28002180228385826,Osmancik,1
-0.28090466860795316,-0.5720060958650709,-1.0444122947896421,1.1176839292646916,-2.271357454404115,-0.22903145233797195,-0.4887711004975261,Osmancik,1
0.7243980510904443,1.1457334384743596,1.4140165595710872,-0.3546792478595926,1.532389452476477,0.901784916455038,-1.4597939106472273,Cammeo,0
-1.0599129937167862,-1.1184759141912146,-1.32350051423837,-0.25193598976733994,-1.3691666850463238,-1.0238724692861993,0.2235937761044052,Osmancik,1
1.13821005142686,0.8611527313440743,0.7075107361354863,1.2837790154032687,-0.06917129536961511,1.0849929522764379,-0.20752103451894172,Cammeo,0
-1.058755477631929,-1.2293330937867608,-1.1864840334175843,-0.6733544545979631,-0.7723594277026576,-1.0932096643816829,-0.6896266505617589,Osmancik,1
-0.021042307557532634,0.23629555107799624,0.5505354840998552,-0.8362857076672411,1.1803596810664174,-0.0486420016830551,-0.7306480701270714,Osmancik,1
-1.3394531282097775,-1.0441786993802646,-0.9725574074924365,-1.4389555907049039,0.15064199999806482,-1.255560169971108,-1.1806487927534395,Osmancik,1
-0.5361369653189453,-0.7203756699905438,-0.9423731096273344,0.4747042162577427,-1.4748768032791923,-0.49736076018716074,-0.16102705846347454,Osmancik,1
-0.511829127536946,-0.553460219710836,-0.7034228704271894,-0.055688139478490516,-0.6629056841535537,-0.48157668325485553,-0.829071555090172,Osmancik,1
-0.030881194278818046,-0.16914370293772096,-0.38037255378475465,0.59045813993086,-0.7886439111800948,-0.07400926818140278,-0.6802866665534033,Osmancik,1
-1.1241551364263556,-1.0526676355934015,-0.7210779357402558,-1.3918711946343207,0.3920169719574156,-1.1467627825448614,1.7554514258275904,Osmancik,1
-0.34919811761452246,-0.6696677631720069,-0.7183621069596791,0.3762372578086124,-1.0579384165086125,-0.4037837326599226,1.8101731341001794,Osmancik,1
0.04088480298232259,-0.30641926595415137,-0.6618097865130574,1.164760125335959,-1.692073000703746,0.03591555331143717,1.0049583727039786,Osmancik,1
-0.4151765344513776,-0.16275626790414532,0.023801494097066087,-0.8288906749510584,0.7254948727345032,-0.388563372760914,1.1770588972639178,Osmancik,1
-0.26875074971695356,-0.28246659831921483,-0.45040991819576265,0.22753710355168144,-0.576891162817969,-0.24763411443676026,-0.47360375013496087,Osmancik,1
-0.46031966176080474,-0.7072083715094738,-0.995218938051956,0.6109800048848794,-1.6870021942838225,-0.4426802079573891,1.309552613760016,Osmancik,1
-0.33299289242652297,0.05576394628822276,0.05839280574855164,-0.6543577895166585,0.6384770827460171,-0.2713102298352181,-0.432081740131014,Osmancik,1
-1.2265953099362097,-1.2126912221593322,-1.6393931364847705,-0.05198310645435983,-2.103974978836787,-1.1698751809100227,-0.46226988895577387,Osmancik,1
-1.123576378383927,-1.1178876990522641,-1.04528010533358,-0.9392653990730956,-0.3506942123360042,-1.115194628680251,-0.6554276076215932,Osmancik,1
-1.3029913715367787,-1.2948045166218611,-1.3823687387269463,-0.8160973093520589,-0.920616736263919,-1.2826185875693457,1.7167262431433477,Osmancik,1
0.9119156568372956,1.0333911866457381,1.0851442448818738,0.394085922985723,0.8584795659168146,0.9260247488867925,-1.2012886996061594,Cammeo,0
1.8130419288985535,1.6810246042688517,1.711212918110841,1.209256054955895,0.8714905271039396,1.7873843757640204,2.021698433837183,Cammeo,0
-0.40707392185737784,-0.5452790704890089,-0.697950261966874,0.15611237617908158,-0.8373597704828661,-0.4218226777254143,1.2665581428202404,Osmancik,1
-1.1073711531959276,-1.1401595077290967,-1.3686188208616006,-0.290644086536965,-1.4023089483742817,-1.0357105269854283,-0.6953745703594519,Osmancik,1
-1.4337906891256318,-1.430679648827825,-1.286460861594449,-1.3298532331433484,-0.32423371823633473,-1.4274938651265758,-0.6824525493757225,Osmancik,1
-0.2195563161105265,-0.483057365303837,-0.7856383352123126,0.8324674530673617,-1.5712421906307998,-0.23297747157104826,-0.5048786969998375,Osmancik,1
0.6757823755264458,0.7063392945699536,0.47058713079598347,0.8064119552418195,0.02459705941192401,0.6965919163350701,0.713221361265191,Cammeo,0
-0.19061841398909882,0.37233911116531676,0.7951055807381525,-1.3862541951030862,1.6811999920377692,-0.22113941387181935,-1.4788780533786445,Cammeo,0
0.823365676345727,0.6987472154509418,0.5895033141872864,0.8179876209424418,0.1365475086658067,0.7997521334283507,-0.5532855610180366,Cammeo,0
1.2811632879067127,1.3717619453269954,1.1909936062576745,0.9653853419747362,0.5947087711429565,1.3381019002266181,-0.0877858179387908,Cammeo,0
0.872560109952154,0.8316522031907518,0.7097107578457708,0.8679023834434839,0.2200796567059397,0.8995300483218516,1.3468338745627129,Osmancik,1
1.0658652961232908,1.1667450304145437,1.1227467545653351,0.7761184244366256,0.6544175883996042,1.1081053506415992,-0.9249859172537698,Cammeo,0
0.03741225472775127,-0.14412575032730146,-0.4464490078215239,0.7871036901865195,-1.0427001989120528,0.04493502584418301,-0.5573489052872592,Osmancik,1
-0.24212787976524008,-0.03183992611375368,0.11897312634037904,-0.6060051268852517,0.6619765010787103,-0.2132473754056667,1.6289701938756436,Osmancik,1
-0.8174133739392223,-1.1106871933833111,-1.2754110891865968,0.24268796895393627,-1.7792742455316137,-0.8525024911640283,-0.5620462793570326,Osmancik,1
0.8876078190552964,0.8564743690761427,0.9273194795125669,0.5735401746760781,0.6135616223718078,0.8668344603906479,1.161467317716069,Cammeo,0
-0.8278310187029363,-0.9548931130563179,-1.0015663274220241,-0.2815065539662022,-0.8671052528003041,-0.8136060158665619,0.6886361229893364,Osmancik,1
0.8314682889397267,0.8238079097316376,1.0323080007102459,0.29644989780058073,0.8749532371973693,0.759728224064291,1.1027115755543317,Cammeo,0
0.21103966745631733,0.4757717845593427,0.6010662797782504,-0.33372688294150055,0.9092134284528399,0.25802006443030356,0.9575025533866055,Cammeo,0
-1.123576378383927,-1.1785687593531518,-1.3254164935417028,-0.4463593402084525,-1.1851213503953242,-1.097719400648056,-0.6255418185070717,Osmancik,1
-0.9621028845463606,-0.9322006621580282,-0.8911966838153484,-0.7320937830292198,-0.3313970564180132,-0.9370600461585206,1.5420880567296231,Osmancik,1
-1.7903056432616207,-1.5872021583675884,-1.4224030347840346,-1.9714635462645802,0.05635767848075054,-1.8068754285351978,0.8263671416092051,Osmancik,1
-0.6536248479319416,-0.8167771205608347,-0.8300430506352569,-0.11268633472171981,-0.7814891724440125,-0.6535103784103231,-0.4181747361116359,Osmancik,1
0.2527102465111732,0.18662471542740702,0.3571923484257009,0.06612011702269732,0.4278938589849817,0.23490766606514232,0.983671323512254,Cammeo,0
0.3036409542448859,0.4227948036437513,0.6040478537555135,-0.1834577954821712,0.8163566149045036,0.2630935177299731,-0.7878974130181575,Cammeo,0
0.3354726465784563,0.6083971991153784,0.3735256581211447,0.3315909948678889,0.2605199828632506,0.3487785067910586,-1.125962565467256,Osmancik,1
1.7754226561406974,1.3687362282096323,0.9199648722822656,2.3349792943422654,-0.5939008662073568,1.8076781889626985,1.1723414687235674,Cammeo,0
-0.37929353582080727,-0.3372928660742682,-0.4332026988862947,-0.178909529195079,-0.227914194594574,-0.3846173535278377,-0.7912349397176499,Osmancik,1
-0.13505764191595768,-0.38654391446726344,-0.23457776851600412,-0.018544875911606005,-0.12480397541363905,-0.20704648803940395,0.12758916882321084,Osmancik,1
2.1643480606526855,2.258479168017532,2.363721060170931,0.9625563422108272,1.4621606467737573,2.126178312775286,-0.20921563728270065,Cammeo,0
-0.6918228787322261,-0.4860548686136631,-0.17192812057291912,-1.3133917345171386,0.8758647784305721,-0.7324307630718493,-1.1306722807496923,Osmancik,1
-0.6356833486166564,-0.7190308118312865,-0.872234674912014,0.040387152503569036,-0.9743489388311712,-0.5881192025479158,1.1042133468702344,Osmancik,1
-0.43948437223337683,-0.563433373193185,-0.7536870496131683,0.2566976677847602,-1.0013454650396738,-0.4579005678563977,-0.6833611711580202,Osmancik,1
0.27180926191131544,0.7661517115842514,0.7283591002874392,-0.3353682494711874,1.0152589250639625,0.3425776194247958,-0.5007359061740981,Cammeo,0
-0.7751640368419379,-0.8517964404611417,-0.9739584510212037,-0.18916089500622038,-0.9112892042738504,-0.8079688455335957,0.21665261530737895,Osmancik,1
0.8366771113215837,0.902559486277957,0.8106956751785956,0.6201681041180888,0.479691186293077,0.9085495208545974,0.5212268018928393,Cammeo,0
-0.3520919078266653,-0.6025146264149379,-0.6605995567484694,0.17241124148553036,-0.8015430795744738,-0.3840536364945411,1.2982364930740318,Osmancik,1
0.21914228005031708,0.1623069782222207,-0.09335118674310028,0.6984439309189318,-0.5197220484940812,0.23716253419832878,1.1432748275995381,Cammeo,0
-0.9088571446429338,-1.4219667120821213,-1.4079377831269488,0.04109235244471674,-1.7972184220091276,-0.9629910296901649,1.7392319870855226,Osmancik,1
0.3221612116025996,0.3205385605276263,0.2730757163646012,0.3986970559342353,0.11203908871648657,0.3747094903227029,-1.2548071396441267,Cammeo,0
0.9252270918131523,1.0549636348812006,1.4010534217470827,-0.16038573074097814,1.4174521291188291,0.854996402691419,-1.551871698324281,Cammeo,0
1.0195646527290065,1.2255212312247588,1.2282597957905768,0.46116191738791196,0.9330281597907291,1.1013407462420397,1.473413836215962,Cammeo,0
-1.3029913715367787,-1.367056657868322,-1.0393709777141151,-1.4808179538779571,0.10709154101677587,-1.3395540079323038,0.17631381906747678,Osmancik,1
1.4206439761319942,1.368400227410784,1.588083148584516,0.5485766434260703,1.155759533697404,1.349939957925847,-0.9036371619987311,Cammeo,0
0.49463110824630857,0.4246440904832118,0.2074331675998026,0.8628224838674258,-0.2984869781211542,0.5579175261441028,-0.5284558124663006,Cammeo,0
-0.6819839920109407,-0.33732022491794034,-0.566674748690272,-0.4079232100827972,-0.2025773613861482,-0.5041253645867202,-0.963030019264185,Osmancik,1
0.18731058771674663,0.5070651719370519,0.5318383490974817,-0.11008556827209948,0.7061117223605498,0.2636572347632697,0.41789922754786374,Cammeo,0
-0.12348248106738662,0.23088875959729455,0.43867592480027245,-0.7742882461745576,1.0516030486355916,-0.09599423247997077,0.876079088866494,Cammeo,0
-0.8926519194549343,-0.7638283534527802,-0.7486108807085675,-0.8051872102625587,-0.0982488874124108,-0.8401007164315027,-1.1396551409166182,Osmancik,1
0.12248968696474864,0.23609976435296767,0.09022908031175234,0.23373766970088133,0.04073535231422485,0.1480952429374636,-0.9931641752835452,Osmancik,1
-0.8324610830423647,-0.4443676855321413,-0.13039519586565537,-1.5783583124044165,1.0899508430311478,-0.8299538098321637,-1.2581161272893364,Osmancik,1
1.4669446195262785,1.1498235856033407,1.0013648042670615,1.4543444678354338,0.10579875769547256,1.4384435321534157,0.5034886226674573,Cammeo,0
1.1833531787362872,1.01792745522394,0.9509533761032475,1.0901975315585624,0.30018635891689877,1.1548938644052182,-1.1937621025334422,Osmancik,1
0.81815685396387,0.3382440072028084,-0.2047123648869275,2.0908940147123416,-1.848631640747257,0.8285017021264781,0.018075561631013256,Osmancik,1
1.4241165243865654,1.5295173127597332,1.6315364090737452,0.6348802695569552,1.1389361516292684,1.3696700540912286,-1.4565304312237115,Cammeo,0
-0.7965780844117943,-0.9923217211275005,-0.9520723736585764,-0.4294318082878023,-0.6689310290346614,-0.8248803565324941,-0.5487933596087822,Osmancik,1
1.265536820761142,1.1401308602686293,0.8053868703149272,1.4076577717316607,-0.055991211752425184,1.2800390457970667,-0.7537809019376742,Cammeo,0
-0.9308499502552188,-1.1473591584341867,-1.1559372765301146,-0.3439140154246692,-1.0297408343985,-0.9224034032928086,-0.4639428945973729,Osmancik,1
-0.9563153041220751,-0.8226601269142042,-0.5027503950988124,-1.3186055674153527,0.5633895902814042,-1.0030149390542245,-1.3435751683501793,Osmancik,1
1.428746588725994,1.5588211992241623,1.39286237061901,0.945630176956727,0.7750018810321192,1.5528780899126284,-0.9538257885951201,Cammeo,0
0.47205954459159494,0.702389361514792,0.8144936532519143,-0.11866686755594921,0.9518466132371953,0.49478121841488193,1.4299126042312207,Cammeo,0
2.331030376872109,2.2202657031185056,2.2493809219370213,1.3961203726945117,1.160850405490391,2.295857139797567,-0.33896960456766034,Cammeo,0
1.0172496205592925,0.881127252116314,0.8968685651550519,0.7767511910504823,0.45574459678937873,1.0709000264440225,-0.6206685821568536,Cammeo,0
-1.6652939060970533,-1.74843124398282,-1.4768816714007642,-1.6913748029726523,-0.2553550254922163,-1.6913134367093916,0.029783515819040998,Osmancik,1
-1.3845962555192046,-1.010952238704346,-0.7774176600295272,-1.891614686261681,0.7079004070445649,-1.3621026892641683,-0.269834902556519,Osmancik,1
0.964582638698294,1.026612178162107,1.053889995864204,0.44735311854032195,0.8001781912560922,0.950264581318547,-0.9035422889263859,Cammeo,0
1.2568554501247136,1.2865673610958945,1.3883926235402952,0.5262138786256828,1.019378059504562,1.2174664551011425,-1.064105322298202,Cammeo,0
-0.9267986439582189,-1.038043478686793,-0.7312233031836426,-1.045608456864928,0.1131512836802686,-0.968628200023131,0.11504124084832215,Osmancik,1
-1.097532266474642,-1.1624877440210015,-1.3257449720307235,-0.37023327989486793,-1.2584746213313593,-1.0441662824848774,0.4176362054529881,Osmancik,1
1.1752505661422874,1.7222629313213764,1.939130810817671,-0.17593702944314826,1.7733373186378858,1.1143062380078619,-1.781246248200632,Cammeo,0
-1.6062605857693408,-1.5606435608728828,-1.470783472608574,-1.304345768605401,-0.5950617913628509,-1.585334634449628,-0.8802999288534009,Osmancik,1
0.32794879202688515,0.6096856296595604,0.9239597631898514,-0.5831585621252396,1.315078595777312,0.3222838062261177,1.7752343897260379,Cammeo,0
-1.279262291797208,-0.7469069086415772,-0.37454445666788805,-2.129171399769776,1.24483832414712,-1.2922017771353882,-1.585518471997787,Osmancik,1
1.4733109579929926,1.583082508814275,1.3951460367190716,1.0586125008611476,0.708786149940979,1.5342754278138402,-0.29652200361400444,Cammeo,0
-1.1513567644204976,-1.0679355802901727,-1.0357638134049756,-1.0620480888262958,-0.23467049235136317,-1.1681840298101327,-0.4596874902060857,Osmancik,1
-0.16804685033438524,-0.39012963291603997,-0.7720574487179748,1.0422521355598338,-1.7477630103850785,-0.119106630845132,-0.6336222274980314,Osmancik,1
-0.03840504883038924,0.25831600037858965,0.5093214536286185,-0.7231188837782179,1.0774472491342018,-0.02552960331789388,-1.01445122447527,Cammeo,0
-0.34861935957209395,-0.051310873169651904,-0.023077701190118843,-0.6483403566855086,0.5569457390479455,-0.33670140569762547,0.5619520323542451,Osmancik,1
-0.26527820146238223,0.31689641446377603,0.651573550472016,-1.3205366672541934,1.5439614397671728,-0.2121199413390735,-1.1395625818216473,Cammeo,0
-0.5563934968039447,-0.41027258156963453,-0.3838786477895818,-0.6796247207413462,0.21362147306315396,-0.5633156530828647,-1.3065152780496214,Osmancik,1
0.1392736701951767,0.5666544433826476,1.0944531684274843,-1.2439609736447994,1.800955871411184,0.125546561605599,-0.3709071202873703,Cammeo,0
-0.7635888759933668,-0.8832582557202074,-1.00060354564386,-0.08929993667342605,-1.0390941647253575,-0.7324307630718493,-0.03627899556485782,Osmancik,1
-1.275210985500208,-1.215325365826638,-1.0223754832662706,-1.2294866081860876,-0.07857622237005012,-1.2544327359045149,1.6626308514133952,Osmancik,1
-0.08933575656410195,-0.290366464429538,-0.5540993374647137,0.6722435664388077,-1.0903239286241002,-0.1230526500782083,-0.21710090084843015,Osmancik,1
-0.02335733972724685,0.005224467351043888,-0.06817596801163521,0.10232721400104272,-0.03209335244043901,-0.03511279288393634,1.3736698414979431,Osmancik,1
-0.6964529430716546,-0.19312543934405912,-0.17753055209653285,-1.1165083842813248,0.7355848889007623,-0.6461820569774671,1.2485854805542653,Osmancik,1
0.5663971055074492,0.7632662085407065,1.0420882952440844,-0.3394600491297072,1.2611428729976097,0.5116927294137804,-1.2307093792684523,Cammeo,0
0.32331872768745673,0.32577692412697157,0.5219900934969476,-0.1261357002659729,0.7078516768528529,0.2709855561961257,-0.9061709672235595,Cammeo,0
1.1868257269908586,1.1924631984301965,1.1852561238963963,0.801334788998864,0.6916187900489932,1.2214124743342187,-0.6517884925376539,Cammeo,0
0.6636284566354462,0.8075593214819973,0.9702482199742368,0.10190354736973306,0.9432099033766922,0.5968140014415693,0.9982223845674713,Osmancik,1
1.6498321609337014,1.5308339571114538,1.0442674058569246,1.8942088311266614,-0.15059084627493538,1.7073365570359011,-0.8114598732945836,Cammeo,0
-1.1478842161659264,-1.3425995615531794,-1.3814512643265782,-0.4241988420578516,-1.2924080336541726,-1.1467627825448614,-0.648470248982947,Osmancik,1
-0.11017104609152988,0.43293638500745685,0.6840981486594261,-1.1405084156117413,1.4631725148722445,-0.018201281885037883,1.063979450937966,Cammeo,0
1.4646295873565642,1.7737556949677555,1.8551666555087691,0.4946534479262176,1.3727694098007002,1.515672765715052,-0.351299247343576,Cammeo,0
-1.5599599423750565,-1.448750165073257,-1.2213018819580497,-1.7282201332310676,0.09543355927012268,-1.5656045382842465,-0.8478340549665654,Osmancik,1
-0.9100146607277908,-1.0755003005655124,-0.775238549416687,-0.9414944322204055,-0.019930869885472317,-0.9624273126568682,-0.6788466013008144,Osmancik,1
-1.1027410888564992,-1.3034900945238912,-1.2222786044678433,-0.6753087877681979,-0.8207972382644835,-1.1461990655115648,-0.4804130142216536,Osmancik,1
-0.9690479810555033,-1.1807822607989988,-0.982698418457189,-0.6839611537127834,-0.48881277453928373,-0.995122900588072,0.4721997919383351,Osmancik,1
-1.2879436624336362,-0.920546649717572,-0.9580938984268044,-1.3590233640422953,0.10309279881451838,-1.2758539831697864,-1.080006974814203,Osmancik,1
-0.8695015977577921,-0.757580277529161,-0.6913510681317476,-0.7669150801232167,-0.06186463309466576,-0.8603945296301809,-1.0555760016966333,Osmancik,1
-0.17499194684352787,0.0380584996130407,0.0034846203384872047,-0.22196089226890447,0.28132777472431664,-0.14785619954325938,-1.2745044863797261,Osmancik,1
0.8795052064612966,0.8832851809109521,0.9330935562943707,0.5205558790978698,0.6522161303269635,0.8172273614605458,-1.250145246560759,Cammeo,0
0.5559794607437353,0.7855670859889391,0.6836677285703645,0.2363425361501595,0.6155538272682729,0.6075246250742049,0.8780536828925399,Cammeo,0
-0.3468830854448083,-0.2347561948105056,0.1090795633620522,-0.945900565186026,0.8810416446795108,-0.283148287534447,-0.25587004910278405,Cammeo,0
1.3488779788708536,1.3479212779583414,1.2749019986400547,0.9579643425940514,0.6703810259081145,1.3561408452921098,-0.6041961485551987,Cammeo,0
0.3418389850451704,0.11540879038502735,-0.30600310701987343,1.2407413189949668,-1.2420611461699784,0.3690723199897367,-0.6690415078402301,Osmancik,1
0.4662719641673094,0.4060691455575753,0.3802982398059116,0.42457215377483526,0.20229600321288918,0.46321306455027145,0.7967405179606021,Cammeo,0
-0.5616023191858016,-0.5801863901230332,-0.25468466000441164,-0.9246434336267015,0.5261883886320152,-0.6067218646467041,-0.6566139066888036,Osmancik,1
-0.25891186299566815,-0.1068937839450122,-0.06973035958832237,-0.42554910861183204,0.3533681969659907,-0.25947217213598917,0.5786342665711673,Osmancik,1
1.9287935373842642,1.9805372552970584,1.9518996496945888,1.0691891333118158,1.128897732136576,1.8792702521913687,-1.369257231901439,Cammeo,0
1.7227556742796992,0.9673315486716889,0.6163148262937685,2.6175594707596046,-1.1661968371198375,1.6436365322733835,-0.37125653087088545,Cammeo,0
-0.8052594550482226,-0.9653151225676642,-1.0652667580116846,-0.1230074005270444,-1.1015892023551912,-0.7933122026678837,0.09380972711357996,Osmancik,1
1.6677736602489865,1.3613125769719785,1.4389434590204047,1.2014510222739263,0.6583905322650729,1.5923382822433916,1.5689078258232334,Cammeo,0
-1.4841426388169159,-1.5690760694709458,-1.5841747697959492,-0.9967378276100812,-1.0498119404201538,-1.4990859283552458,0.156492288879458,Osmancik,1
0.05882630229760775,-0.16006655158563213,-0.3898958160791739,0.7690814583572297,-0.951440015762754,0.04155272364440332,-0.7128605260510382,Osmancik,1
-0.15299914123124284,-0.027777992792307787,-0.011478141178627263,-0.19487492786269048,0.24653155136001292,-0.13714557591062368,-0.9610986194824588,Cammeo,0
2.4624084525033907,1.8923733815636683,1.8597679682422392,2.0930779478634176,0.4703607878211428,2.394507620624475,1.4791177904435437,Cammeo,0
-1.3197753547672066,-1.3642275824398524,-1.5152474361409436,-0.720157317358708,-1.2124876527644655,-1.3000938156015407,-0.22938889203160887,Osmancik,1
-0.4597409037183762,-0.5472685714022906,-0.9500065314902262,0.500560180766606,-1.5109600770010687,-0.439861622790906,-0.4252431656642472,Osmancik,1
0.14621876670431933,0.17258877365974734,0.23666775312264318,0.027394253587888297,0.33784906414662,0.19037402043470972,-0.7166909299312507,Cammeo,0
1.2921596907128554,1.1126189780647235,1.0733277322343961,1.0742321328909508,0.4225020065961313,1.2219761913675153,-0.7464440510096474,Cammeo,0
0.10975701003132046,0.013573189490362679,0.1611874043060342,0.0170499544511693,0.27009689877561066,0.06635627310945438,1.6085485722218968,Osmancik,1
-0.716709474556654,-0.8018725355065854,-1.0309899841175902,0.12804924518775013,-1.2837913891667272,-0.6473094910440604,-0.6507348615065685,Osmancik,1
0.2365050213231737,0.4044447142145435,0.5437977542441621,-0.27622985440656794,0.8239298599929368,0.2952253886278801,1.4236779778591389,Cammeo,0
0.1068632198191777,0.07890525321550813,0.39611574243106135,-0.3426662488621346,0.73779494641901,0.033096968144954095,1.891198594511916,Cammeo,0
0.3609380004453127,0.7932711653742354,1.1782151831277627,-0.8356160410564613,1.6356143309320392,0.48632546291543266,-0.8685256406473106,Cammeo,0
-1.2294891001483523,-1.32948783572332,-1.3265718316754997,-0.7242176836865177,-0.9250884479739705,-1.19693359850826,-0.28760779144251514,Osmancik,1
0.6155915391138762,1.106035756306121,1.361561071632094,-0.2735101879668704,1.4524318073225249,0.7371795427324264,-1.0251132608901263,Cammeo,0
-1.526970733956629,-1.6714443128533536,-1.7632060018609423,-0.8311074080993948,-1.5011595755032061,-1.5408009888191954,-0.46688395984007336,Osmancik,1
-0.6628849766107985,-0.8350989961825042,-0.8307331168509183,-0.17729276266333918,-0.7262492004155509,-0.6715493234758149,0.9578558205990778,Osmancik,1
-0.8868643390306487,-0.7960459567682897,-0.5117491373656707,-1.2272616750384355,0.4872959626820298,-0.9370600461585206,-1.053086162041916,Osmancik,1
1.365083204058853,1.3193176068991455,1.1501481338788933,1.0552368344761989,0.5028179619832659,1.4023656420224322,-1.0848215904042728,Cammeo,0
-0.4336967918090913,-0.4056224331092398,-0.6713870691425411,0.2752474329033607,-0.9048166882217376,-0.39589169419377,-0.9152587276981193,Osmancik,1
0.5241477684101647,0.6634756812105325,0.8607228619268694,-0.17667776271466387,1.024695383364917,0.5145113145802634,0.17964517516063783,Cammeo,0
-0.7687976983752238,-0.23710905536630747,-0.051870539779450504,-1.4339317244575027,1.0624870802785822,-0.6726767575424081,0.10511196393531859,Osmancik,1
-0.04303511316981767,-0.0462118686802615,-0.34526282117579776,0.6039020388089027,-0.7547506296033976,-0.010872960452181885,0.9657981622733727,Osmancik,1
0.3898759025667404,1.6840785351937515,2.4962887050104463,-2.2260625916837444,2.9515043625524884,0.3499059408576518,-0.9010246815431774,Cammeo,0
1.7134955456008423,1.2540975434402826,1.0973223452559875,1.769221708224096,-0.012724534475812581,1.6520922877728328,0.5737926545783977,Cammeo,0
1.6654586280792723,1.5726613542667935,1.6181872872427483,1.1391870608034862,0.8398588997190568,1.5878285459770187,-0.7120552619247914,Cammeo,0
-2.417679361254173,-2.3350749593498716,-1.9909522493095837,-2.584950765899485,-0.05547811149851544,-2.382430519531042,-0.29242086438100207,Osmancik,1
0.17168412057117569,0.26548829224000753,0.43743258579806743,-0.24175705728348695,0.7083361122881084,0.22194217429932017,-0.6899606346294456,Cammeo,0
0.456433077446024,0.6687986862324883,0.9110611012496335,-0.22714055850330334,1.0949815187049556,0.43277234475225423,-1.483915582122436,Cammeo,0
-0.5841738828405152,-0.6240588608428635,-0.7700822213052165,0.07663388281194018,-0.8656290146396141,-0.6078492987132973,1.5187392536974214,Osmancik,1
-0.11074980413395843,-0.4833651522951483,-0.8309422278253612,1.0758379660902697,-1.873228921634405,-0.08810219401381816,0.42726852193629333,Osmancik,1
1.1457339059784313,0.8910166191399173,0.7493520995300517,1.2170296543071488,0.019724040240714162,1.0866841033763277,-0.18306229367288074,Cammeo,0
-0.5998003499860861,-0.7401270451940812,-1.0097992007449854,0.20688813860826918,-1.325699354039132,-0.5740262767155004,0.9566533236902475,Osmancik,1
-0.036668774703103584,0.10815271206486365,-0.21249390702338133,0.31740909605143586,-0.36061223959034894,0.02802351484528456,-0.5275903849283227,Osmancik,1
1.083806795438576,1.337387268180714,1.1094272567890509,0.7943224229174127,0.6316863872068429,1.1261442957070908,-1.3512776277033411,Cammeo,0
-0.4371693400636626,-0.4604487008642931,-0.2149091387781949,-0.5907134948280778,0.3250129583532802,-0.491159872820898,1.2927330835522202,Osmancik,1
-1.018821172704359,-0.8932869818537685,-0.6828402514719226,-1.219869375655358,0.30180018820712884,-1.0407839802850978,1.7653074267904088,Osmancik,1
0.3406814689603133,0.2985745388421066,0.28563631556280317,0.43439028628879867,0.09943230147238016,0.326229825459194,0.025488002486599697,Osmancik,1
0.16184523384989027,-0.2431049169498244,-0.5682910022635701,1.2991417141211756,-1.6740772275526548,0.1458403748042771,0.6410121546494328,Osmancik,1
0.3817732899727406,0.22859147169270325,0.3137721971740886,0.3526431264443216,0.18614911086499208,0.380346660655669,1.0438231653564691,Cammeo,0
0.12885602543146274,0.5863211771635743,1.1889992103389222,-1.27986193731536,1.8795490711971972,0.14358550667109066,0.26354922342596954,Cammeo,0
-0.5783863024162297,-0.425513167422732,-0.41892564710620744,-0.5173440009511113,0.05225000996760718,-0.5723351256156106,-1.228728614636075,Osmancik,1
-0.6935591528595119,-0.6037474843079126,-0.7880457253055861,-0.2373960243141026,-0.6182573626178098,-0.6377263014780179,-0.9266126433478834,Osmancik,1
0.5183601879858792,0.5279929774184919,0.5201612437663009,0.36330995888745704,0.3807832295268442,0.5156387486468567,-0.2742453434318825,Cammeo,0
1.200715920009144,0.9850652091544062,1.0679466098253996,1.001867138930154,0.46412618976385966,1.1385460704396164,1.8406381888840606,Cammeo,0
-0.6021153821558004,-0.09428648679535578,0.35818562555430455,-1.6990090023355422,1.5528561329955635,-0.6320891311450518,-1.5767616102877482,Cammeo,0
0.4199713207730251,0.3877472699359059,0.15903268997354575,0.7388425942141377,-0.25932510287581956,0.47335997114961054,0.570314746584866,Cammeo,0
0.44948798093688136,0.4058733588325483,0.4523326140228458,0.2813673657259565,0.3717996753606256,0.431644910685661,-0.09715434100142899,Cammeo,0
-0.873552904054792,-0.6324075829821824,-0.017665212134957416,-1.9166164841751618,1.399866262874503,-0.9201485351596221,-1.6019160869976738,Osmancik,1
0.3707768871665981,0.38822348480857527,0.2377655857384683,0.5237648121634024,-0.014880128838606585,0.41135109748698284,0.42413462524573686,Cammeo,0
0.03220343234589429,0.3342658603401099,0.5688631897140479,-0.7390323491168301,1.1352842537327263,0.03196953407836087,-0.35573437064426505,Osmancik,1
-0.01699100126053276,0.15605975726246782,0.09556750923013355,-0.11898393419615515,0.3007768541811748,-0.04413226541668218,0.4625080833690902,Osmancik,1
-1.0616492678440719,-1.1685391782557273,-1.0125943174367051,-0.8814841038952197,-0.3583104546524186,-1.0813716066824541,2.000826357921244,Osmancik,1
-0.9806231419040744,-1.0471206300388818,-0.9733285042106945,-0.6998677857186326,-0.46303163664171826,-0.995122900588072,1.0949774918437214,Osmancik,1
-0.2739595720988105,-0.4487664746163001,-0.8181228537962862,0.7008984640474201,-1.497828723575591,-0.26680049356884517,-0.5689727849640217,Osmancik,1
0.91017938271001,1.0549918486887375,0.8042306608854034,0.8226315538882168,0.3403429033695333,0.9547743175849198,-1.3207840338651775,Cammeo,0
1.1874044850332872,0.8217346223596101,0.4389913338533937,1.8759938993134457,-0.8035524833621315,1.150947845172142,-0.12092043128679106,Cammeo,0
-1.9130023482564742,-1.998216631745362,-1.6779026650198794,-1.9101453180485448,-0.32715752973906065,-1.9416037994930888,0.7952341186899506,Osmancik,1
1.7858403009044115,1.6660644465633936,1.3362690992732236,1.7100245464977142,0.2518603411478242,1.8567215708595042,-0.7472030355884087,Cammeo,0
-1.0309750915953586,-0.9474694618186609,-1.1788357995273362,-0.5106528015095237,-0.9094718547711756,-1.0092158264204873,-0.2794440792660815,Osmancik,1
-0.7994718746239371,-0.9923499349350374,-0.9019650277034297,-0.35472708118893403,-0.6671595432418334,-0.8355909801651299,-0.5112143670505956,Osmancik,1
0.5750784761438775,0.3804629778082053,-0.29732587287622103,1.9803019906084416,-1.8882521530910583,0.5990688695747557,-0.6028756388002805,Osmancik,1
-0.04419262925467478,0.32336763595609597,0.3250101694589426,-0.28333515381359686,0.6342690873675841,0.042116440677699936,-0.15768798911239923,Cammeo,0
1.7349095931706988,1.6050465304997947,1.544611590885023,1.2811413489567252,0.6971339011580566,1.7203020488017233,1.5119492727555144,Cammeo,0
0.04377859319446536,-0.10227099432828954,-0.1425227610876136,0.4126438881036391,-0.3532883784242071,0.0556456494768187,1.8012257549196589,Osmancik,1
0.6375843447261613,1.206163139399008,1.8820330592460441,-1.1574755808624173,2.2164552842853187,0.5894856800087133,-1.444984455451883,Cammeo,0
-0.8619777432062209,-0.7537141309327436,-0.6749550251439727,-0.8928616029457133,0.056767585387505246,-0.8694140021629267,-0.8195641933850775,Osmancik,1
-1.7949357076010493,-1.3960245435339032,-1.2483791392612213,-2.160823397128266,0.41635340299481066,-1.7527585933387226,-0.6493850413715762,Osmancik,1
0.34473277525731316,0.46728284834620276,0.5052821266389637,-0.012214476439907973,0.61817665817513,0.36681745185655024,-0.5003548712331346,Cammeo,0
1.8425585890624097,1.489679416517675,1.4909092787609124,1.502269363835873,0.5183772255487523,1.7665268455320458,1.8879667394458486,Cammeo,0
-1.3828599813919191,-1.3401620595747685,-1.0574773742136876,-1.618588875713651,0.197468847751526,-1.3767593321298803,-0.49220118629198945,Osmancik,1
-0.26354192733509657,-0.25033278146245125,-0.21322928061683877,-0.18669406187875603,0.02695330750529724,-0.28427572160104025,1.7286694516977597,Cammeo,0
-0.2716445399290963,-0.23772548431279483,-0.22198580267163412,-0.24940765664500802,0.06466474292673062,-0.3079518369994981,-0.582949208304628,Osmancik,1
-1.5692200710539133,-1.5171917323745112,-1.2290720972500562,-1.6928822361801832,0.056807716133621095,-1.5988638432487468,0.02847534727678558,Osmancik,1
-0.24097036368038297,-0.31398398622949114,0.10942459646988131,-0.7682229800140663,0.762842264959018,-0.3158438754656507,-0.5729420274866905,Osmancik,1
0.28801448709931493,0.1111784291822266,0.26118514358034167,0.18534264040634357,0.25135297385764527,0.22757934463228632,-0.2817757971335568,Cammeo,0
-0.7323359417022249,-0.9083035671743006,-0.9957330025307948,-0.07423380459743315,-1.0458217976634925,-0.7194652713060271,0.47728591420698624,Osmancik,1
-0.12290372302495806,-0.15457597364618297,-0.43225298654403327,0.4073056885491373,-0.7026379892901063,-0.10444998797942,-0.755135350027415,Osmancik,1
-1.9205262028080452,-1.5403603981454688,-1.0137261305858771,-2.584950765899485,1.2091936221506527,-1.9342754780602327,0.3864646162441624,Osmancik,1
0.7782225490362997,1.0448220535174935,1.2788324136638556,-0.16343203048674995,1.333114499674519,0.7315423723994603,-1.595648293616561,Cammeo,0
0.4662719641673094,0.7399299698522573,0.881887506427672,-0.27092445484932876,1.0984184304615965,0.48632546291543266,-0.05026467481496119,Cammeo,0
-0.5604448031009445,-0.7091140859640096,-0.5984047251747976,-0.3450251153319426,-0.2910857219446461,-0.596574958047365,-0.8935721317464369,Osmancik,1
-0.7213395388960824,-0.845997220566518,-1.0334566223202892,0.08091428245472046,-1.2435459837762648,-0.7115732328398745,-0.02904858759604749,Osmancik,1
0.29206579339631483,0.23413847724722453,0.09498112720596502,0.5194570791895698,-0.16571440459687842,0.2980439737943632,0.33227049481290755,Osmancik,1
-0.033774984490960815,0.12641901503532407,0.2931068051247732,-0.4169568759955614,0.6944365417226986,-0.05540660608261448,1.16583842097607,Osmancik,1
-0.8556114047395068,-0.734215825033175,-0.7226619513716607,-0.7257128168950752,-0.1316720659631795,-0.8682865680963335,-1.0119266751599385,Osmancik,1
1.2690093690157132,0.9313315852185079,0.8809456357469522,1.3230747787905142,0.0773976553729154,1.1853345842032355,1.3023715706418568,Cammeo,0
-0.4568471135062334,-0.37615011876345406,-0.5579461080987358,-0.08845123674425409,-0.4509666144701758,-0.4392979057576094,1.3113667720214457,Osmancik,1
1.1353162612147174,1.31531124622891,1.2292914099311616,0.7018400973021722,0.789016110872151,1.2146478699346595,-0.9822637991991385,Cammeo,0
-0.6611487024835129,-0.771056217965407,-0.9464098227298088,0.11933811258140227,-1.1512309353004924,-0.6050307135468143,-0.7319400408277069,Osmancik,1
-1.3446619505916346,-1.4485817371919005,-1.6486210295277892,-0.5265649001815834,-1.6221509085606156,-1.3209513458335156,-0.341465614828709,Osmancik,1
-0.230552718916669,-0.2787962384478277,-0.34580912359652816,0.05411121802489711,-0.309778050189034,-0.22508543310489565,0.012240482018889276,Osmancik,1
0.4633781739551667,0.6343111538560581,0.6446580762880464,0.04237701900417187,0.7066563539149737,0.46321306455027145,-0.058830247728726796,Cammeo,0
-1.1698770217782113,-1.1636368154552303,-1.0072175515063428,-1.0776349208588336,-0.18625848012632606,-1.1755123512429888,0.8071711566380313,Osmancik,1
1.2036097102212866,1.278499067104215,1.0005179048205664,1.130526494859585,0.31965263726494936,1.2411425704996004,-1.0358262048072169,Cammeo,0
-1.3782299170524905,-1.603871388838689,-1.595164422798649,-0.7264166501696702,-1.3323151941845157,-1.3959257112619654,1.5822494480374976,Osmancik,1
-1.0940597182200709,-1.1057001891602034,-1.094158053018148,-0.7458274152164162,-0.5818387105176798,-1.0605140764504792,-0.18280158555537934,Osmancik,1
-0.7850029235632233,-1.078273803342773,-1.0871903010905661,-0.10915760168287604,-1.1464553765127068,-0.8186794691662314,-0.6235556545941544,Osmancik,1
-0.18193704335267052,-0.3227242818188671,-0.765494849303376,0.9301062115856117,-1.6318166854108036,-0.16082169130908153,-0.5765387196521016,Osmancik,1
-0.020463549515104082,-0.1409880329436558,-0.2275620953234441,0.2821299656623139,-0.35057382009765664,-0.034549075850639724,1.418314178305575,Osmancik,1
0.947798655467866,0.9696561954199523,0.8942599057488754,0.66912483336575,0.523118386554153,0.9959256610155728,-1.2716320691324625,Cammeo,0
-0.7844241655207947,-0.9613925483561747,-1.0727346336864756,-0.00937864334323841,-1.2178221755160077,-0.7769644087022819,0.7343996535203249,Osmancik,1
-1.2532181798879232,-1.2421917503126547,-1.319421978941007,-0.6916609530701986,-0.9449990310111608,-1.226246884239684,0.8164471206056986,Osmancik,1
-0.6096392367073715,-0.6707048343399546,-0.7097894283032481,-0.045458640332190915,-0.6799239869885377,-0.6349077163115349,-0.8495163165176616,Osmancik,1
-0.3688758910570933,-0.7587849216145988,-0.8346983837037913,0.4484628517810428,-1.2893924947317532,-0.3795439002281682,-0.3593796563345358,Osmancik,1
1.173514292015002,1.3708659431967336,1.3659018669432341,0.4787946492497099,1.0297690562667061,1.1892806034363117,-0.8602940518012318,Cammeo,0
2.2060186397075414,1.8474638396758918,1.3274576855876385,2.6300697655488943,-0.4398561307598173,2.2034075463369223,-0.4280546481739883,Cammeo,0
1.9768304549058342,1.557784983020081,1.5294153221131157,1.6485382182957076,0.46125110845284584,1.9384605406875133,1.2468307143787754,Cammeo,0
-0.679090201798798,-0.2796084541193436,-0.08755097108949107,-1.2482318066217115,0.9078661819760937,-0.6873334004081201,-1.335326610336689,Osmancik,1
-0.5112503694945175,-0.22946140359608663,0.015963317738364076,-1.021993825502348,0.8487851242479725,-0.49792447722045735,-0.3834396217464305,Osmancik,1
-0.4938876282216609,-0.4741204280255662,-0.36588987621313196,-0.4929230363224904,0.09199951399535244,-0.5187820074524321,0.8745966006953767,Osmancik,1
0.03856977081260838,0.44627125640601856,0.9324270150633325,-1.236847474238455,1.6910119594630988,-0.01369154561866496,-1.672832551587005,Cammeo,0
-0.8272522606605077,-0.990949504124571,-1.283453148745379,0.21784333769400566,-1.76771659065025,-0.7730183894692055,-0.41913040876721047,Osmancik,1
2.6476110260805275,2.306216930369913,1.990762924294797,2.2447943352019655,0.4883995582002155,2.6571997581406976,0.13659516876387964,Cammeo,0
1.1567303087845737,1.2445441772155261,1.205454501436126,0.6912251981880361,0.7759191552290582,1.1813885649701592,-0.18887346218547055,Cammeo,0
-0.06965798312153113,-0.4089841510254509,-0.8748224232207445,1.2511307181279219,-2.11631518326741,-0.09035706214700462,-0.3048122132202316,Osmancik,1
-0.15762920557067125,-0.1305668783961743,-0.014613934499543525,-0.3396459157808624,0.3473543180123447,-0.2042279028729209,1.758427200730905,Osmancik,1
0.8470947560852976,0.4577303370853109,-0.4605064930784461,2.6300697655488943,-2.8992832388787537,0.9835238862830472,0.521504479177752,Osmancik,1
1.2597492403368562,1.1633268848832605,1.131021450083185,1.0772087326425395,0.47202621378495047,1.2552354963320158,-0.9295868755996151,Cammeo,0
1.7933641554559827,1.7176136378248463,1.70932133508786,1.2165499543471845,0.8658148930104181,1.7738551669649016,-1.2326261238601413,Cammeo,0
1.2360201605972856,1.3664115814613689,1.627011770364236,0.3160861628285076,1.3127051487927461,1.20957441663499,-1.518333681587366,Cammeo,0
-0.37987229386323584,-0.6483765980480499,-0.7144979104111201,0.27544286622038416,-0.9637630213021842,-0.4280235650916771,1.5903807645306913,Osmancik,1
0.948956171552723,0.6477024528696935,0.357467677875384,1.4654773335730098,-0.5840143702535316,0.913622974154267,1.273672851920337,Cammeo,0
-1.0437077685287868,-0.9915377192635199,-1.2603908221515108,-0.19420389458535806,-1.3269462736505886,-0.9190211010930289,1.290856447901685,Osmancik,1
-0.6281594940650853,-0.5318321988241644,-0.37758963523321076,-0.8172630759214369,0.32298635567443,-0.6309616970784585,0.39366339985552434,Osmancik,1
1.3164675284948546,1.3833330262725703,1.6182700603367985,0.3943045896341409,1.2634704562723287,1.276656743597287,0.7854004861750836,Cammeo,0
1.3019985774341407,1.2612134076866268,1.34990052091972,0.769256391675964,0.8459960373929212,1.2992054249291518,1.7468966514749047,Cammeo,0
0.8002153546485848,0.4587383394818554,0.08717606008488639,1.5390422607669998,-0.9707658364993993,0.7794583202296725,-0.5749790989018418,Cammeo,0
0.0918155107160353,-0.24475756210039148,-0.6032761395835897,1.310798013148402,-1.7383236856022584,0.13118373193856514,1.3003198440366686,Osmancik,1
-0.23113147695909755,-0.36830582530433986,-0.47276213877225054,0.29095589825908114,-0.6575310306558957,-0.24763411443676026,-0.8536992162845549,Osmancik,1
-0.7277058773627965,-0.37018247098747403,0.043313290604039906,-1.640327073899495,1.2748360568687094,-0.7634351999031631,-1.4319012273777458,Cammeo,0
1.1220048262388607,1.1507486565050058,1.0593748024646954,0.7691456916852,0.6044232781848565,1.1193796913075316,-0.3175190343081537,Cammeo,0
-0.6015366241133718,-0.5538244343172211,-0.5658722853258475,-0.3775531459506569,-0.22596498692609004,-0.5768448618819835,0.48009739671672735,Osmancik,1
0.5062062690948796,0.02284612756748169,-0.5369278412800463,1.9853695901855262,-2.2736907706425646,0.5145113145802634,0.7604951476957881,Osmancik,1
-0.5488696422523734,-0.687850279683723,-0.673246414223629,-0.21429115957564684,-0.490716118497921,-0.5999572602471447,-0.8710910702295875,Osmancik,1
-0.23460402521366888,-0.36934204150842126,-0.3805320009027706,0.032204919853081965,-0.33349245466163346,-0.2792022683013707,-0.5365979275205743,Osmancik,1
-1.0222937209589302,-0.8262467003268454,-0.965057293875752,-0.832448107987507,-0.3396840554909354,-0.9483343868244529,-0.6429598975290126,Osmancik,1
-0.3567219721660937,-0.6093509174775076,-0.7346936740636675,0.4244204537874953,-1.1237012434650222,-0.3643235403291596,-0.6021629337690045,Osmancik,1
-0.6565186381440844,-0.9113010704841251,-1.051661475236995,0.17980900753481824,-1.3634623861341428,-0.6563289635768063,-0.07683530567794161,Osmancik,1
0.4199713207730251,0.6116187029577683,0.8307232787558618,-0.3209553840073429,1.0883312807771814,0.44348296838488993,-0.35954857668285767,Cammeo,0
-1.2595845183546373,-1.443930733767641,-1.4925223009933644,-0.5551514644625652,-1.3385899229879148,-1.2211734309400146,-0.30083062948489997,Osmancik,1
-0.20277233288009844,-0.27086815852996765,-0.28180461079820035,0.03688985279543534,-0.2215821361538666,-0.17209603197501383,-0.47929227784671424,Osmancik,1
0.38524583822731195,0.42453209021693067,0.4525033879853075,0.17338430807098998,0.4453679324365672,0.3634351496567706,-0.8192178681047281,Osmancik,1
-1.0761182189047858,-1.1519263753997004,-1.3476990104600448,-0.32997948325423887,-1.331240263484984,-1.0560043401841064,-0.6848513725870516,Osmancik,1
-0.2571755888683825,-0.4027087162581595,-0.5748257202149099,0.3642789254732588,-0.8520648224524582,-0.2983686474334556,-0.4959320891451083,Osmancik,1
-0.7479624088477959,-0.11919243913949257,0.3824137458306904,-1.893571752765021,1.6839690135197627,-0.7623077658365699,-1.9357173504717795,Cammeo,0
1.5346593104904191,1.3257606145839285,1.1943297975957652,1.3361442110331387,0.36314576660892994,1.4953789525163739,-1.032920620550922,Cammeo,0
-0.23402526717124034,0.049012296648263676,0.32685121732976674,-0.9269517334340629,1.0554527337808475,-0.2267765842047855,0.6108062653314702,Cammeo,0
2.160875512398114,1.5126240817560686,1.2454661438043177,2.4326904861878016,-0.3161789041945114,2.139143804541108,0.8818794588180039,Cammeo,0
-0.13216385170381492,0.05173022677431693,0.13587539214545116,-0.39414447789936463,0.5328443595235147,-0.12643495227798798,-1.1684510466878575,Cammeo,0
1.3031560935189979,1.468191609704823,1.0754075151343743,1.0994730974511389,0.40812660004106227,1.3510673919924403,-0.6461369884638889,Cammeo,0
0.22435110243217404,0.6619350363262465,1.0708445394128887,-1.0565281226202965,1.684490713219274,0.21630500396635402,-1.3541076220320767,Cammeo,0
-1.39848644853749,-1.165625461404647,-1.262765974302891,-1.0905116531175425,-0.5033859683430666,-1.3587203870643887,-1.1211595197640576,Osmancik,1
-0.4371693400636626,-0.6174747841203962,-0.8294923917358906,0.307726263526181,-1.1538480332436185,-0.43817047169101614,-0.4909832628673307,Osmancik,1
0.9153882050918669,1.3073823113471852,1.1460138356550122,0.45668471776155556,0.8698938967049074,0.9993079632153524,-0.6375667875953748,Cammeo,0
0.9072855924978672,0.9676949083142076,1.255679472314397,0.08445258215943251,1.1749821610868942,0.8392123257591138,1.1079010554790336,Cammeo,0
-1.2613207924819227,-1.4314918644993395,-1.5021039401014822,-0.4762401377147577,-1.4319627032720261,-1.2487955655715488,1.067394110216601,Osmancik,1
-0.30637002247480954,0.033268137078826344,0.15316886973187682,-0.7801280123538681,0.8102252101943701,-0.25608986993620947,0.6701142767598675,Cammeo,0
2.735003490487239,1.8907763090643086,1.273340636697548,2.6300697655488943,-1.097730917764339,2.6915864971717913,0.28746880754382503,Cammeo,0
1.528292972023705,1.4470115898832823,1.111443435100971,1.5091887965917468,0.17426181056910547,1.6058674910425104,-1.148371893685503,Cammeo,0
-1.500926622047344,-1.183359121887366,-0.9022682386163718,-1.997867544061041,0.6605002629180202,-1.4731549448236017,0.4641448366984923,Osmancik,1
1.4409005076169936,1.41773591722639,1.374011016272985,0.9325771447127339,0.7675518946639043,1.3910913013565,-1.0195905682235291,Cammeo,0
-0.9858319642859313,-1.1664658908837,-1.1028074056985415,-0.5678669300680658,-0.7511847261628182,-1.0233087522529027,1.612844085554338,Osmancik,1
-0.5008327247308035,-0.6757191974067344,-0.9246849350766478,0.2889468984267417,-1.27519481005234,-0.49397845798738105,0.7125333386592406,Osmancik,1
0.13869491215274812,0.15278182580500096,0.26170966360790415,-0.06357243882050821,0.4254086192076647,0.12103682533922606,1.4785022724619872,Osmancik,1
-0.7473836508053673,-0.5485852157540111,-0.38008764008207624,-1.0650342552437526,0.5022274667189899,-0.7623077658365699,-1.2646184037110424,Osmancik,1
-0.014675969090818548,0.20298530394333167,0.40716290095173296,-0.5220658338903852,0.8643099900310739,0.004911116480123339,-1.1121812875518802,Cammeo,0
1.0004656373288643,1.1378609312077086,1.1412095110171856,0.402891355584201,0.8985300505404287,0.9874699055161236,-1.1476838710795527,Cammeo,0
-0.9817806579889314,-1.1990759226131313,-1.361976062240132,0.006626388654398817,-1.685838402646463,-0.9443883675913766,0.5351037242063519,Osmancik,1
0.9524287198072944,0.9211053624321902,0.4100913258896601,1.5096561965527426,-0.5567741930864686,1.0472239110455648,1.2288395402938062,Cammeo,0
-0.34919811761452246,-0.5523111482766072,-0.546240250008569,0.013787721390084844,-0.5205762600899757,-0.4144943562925583,-0.7681190770744585,Osmancik,1
0.20293705486231758,0.16928262839474523,-0.21786544517938103,0.8810128156826893,-0.8210810199691598,0.25125546003074417,1.2828130625487137,Osmancik,1
1.1885620011181441,1.2136150044442002,1.0680720764100635,0.8742970162431547,0.5455228088142566,1.1475655429723624,-1.0621446121364018,Cammeo,0
1.3182038026221403,1.0052363716155377,0.9009383874951447,1.3143909795152187,0.10281475007357288,1.2580540814984988,0.13382070989212685,Cammeo,0
1.0571839254868625,1.073201724044124,0.9506684624005641,0.7790130241950575,0.50264024010761,1.053988515445124,-1.0286806426754633,Cammeo,0
0.7191892287085874,0.8968722666496162,0.823448830732432,0.4342577196331953,0.6115321532110921,0.7721299987968165,-1.0644593608364656,Cammeo,0
-0.36829713301466477,-0.3830975551284401,-0.6653411480939615,0.32529202872690094,-0.9401317448036818,-0.3045695347997184,1.1548531990546067,Osmancik,1
0.8905016092674392,0.5026108102016874,0.45573415254044986,1.1625761921848852,-0.24746646739858713,0.8239919658601051,-0.8096997078385536,Osmancik,1
0.4107111920941683,0.3386364356167303,0.18124985971237426,0.7081226634445288,-0.21168417427257977,0.3831652458221521,1.1847883530197794,Osmancik,1
-0.46552848414266174,-0.5165633991635301,-0.6557098451294134,0.013599121405824411,-0.6597267557648056,-0.48890500468771153,0.776947526826866,Osmancik,1
-0.21897755806809793,-0.5526753628829922,-0.6359854524650894,0.4707873499179571,-1.027000477735161,-0.27751111720148086,1.589074138640019,Osmancik,1
2.006925873112119,1.5396588941234401,1.4193488894193789,1.8334277028658,0.2483403014170914,1.9390242577208099,-0.8499598288477305,Cammeo,0
-0.425015421172663,-0.5449148558826223,-0.33628934648501796,-0.4971419359704032,0.12742063040631718,-0.49285102392078783,-0.5855177231900706,Osmancik,1
-0.8284097767453648,-0.9856820717538242,-0.8518263151021164,-0.6187943924845932,-0.37705724605224944,-0.8598308125968843,0.39179833409186066,Osmancik,1
2.0323912269789752,2.1091853779542604,2.034148223717334,1.1990538891406477,1.1163855387940285,2.0100526039161832,-1.6515670995174403,Cammeo,0
-0.4151765344513776,-0.26114636442385464,-0.3608468165461513,-0.23715822433394812,-0.09880498489430181,-0.3350102545977356,-0.6494822284212955,Osmancik,1
-0.576650028288944,-0.8684938847397793,-1.1627996016747484,0.5303138782835183,-1.8799794864274633,-0.564443087149458,0.6905852632642654,Osmancik,1
-0.6530460898895131,-0.7712802184979725,-0.8895037562180881,-0.04328154051388026,-0.923884525590495,-0.6754953427088911,-0.6302376499252621,Osmancik,1
-0.6449434772955134,-0.7365686855889768,-0.9607051717201597,0.07691678278833083,-1.1331749660302273,-0.6343439992782383,-0.591348174847446,Osmancik,1
-0.39723503513609243,-0.6504490304562126,-0.8829742660411093,0.568100841796683,-1.4721192477246607,-0.3891270897942106,1.3944339318030823,Osmancik,1
-1.1646681993963544,-1.0632007904071656,-0.8490843474497343,-1.42522332518426,0.2788425349469996,-1.205953071041006,-0.87617796382403,Osmancik,1
0.2625491332324586,0.4882944402863869,0.6163061133365001,-0.2553321561505803,0.8724995287205719,0.25858378146360017,1.1805753715470206,Cammeo,0
0.1890468618440323,0.37612061633912347,0.6396298286484238,-0.5467847318274756,1.0737609534552695,0.16162445173658235,-1.417132652449347,Osmancik,1
-0.5245618044703741,-0.5683921636087574,-0.29549876573702805,-0.7752736127589908,0.37705107013807054,-0.5790997300151699,-0.14810966543449366,Osmancik,1
-1.8736468013713325,-1.9620490953746927,-1.4010893987139446,-2.335618682540767,0.3848822985943913,-1.9156728159614445,0.8030954711561459,Osmancik,1
-1.1964998917299248,-1.1198481311941457,-1.006157184606772,-1.1725717796025676,-0.10603998512261573,-1.1783309364094718,0.6661488908661557,Osmancik,1
1.1630966472512878,1.4790051926662264,1.3121899705661297,0.5192548125397833,0.9645508608647259,1.2952594056960753,-0.21247988803200782,Cammeo,0
0.299589647947886,0.5774962401515878,0.6405612437804198,-0.13534429949747145,0.8169614425781121,0.2811324627954648,-1.371440855216961,Cammeo,0
0.05014493166117945,0.16729398244532998,0.4355244481562746,-0.4504716398652615,0.8425906569368051,0.09848814400736146,-1.139949016043151,Cammeo,0
-1.338874370167349,-1.0655827197343708,-1.0950154080133638,-1.2131207762185607,-0.1811360770328249,-1.2854371727358287,-0.8991202781641511,Osmancik,1
0.34994159763917015,0.6419596605901436,0.5428811511395208,-0.010437809921512584,0.6508430855134285,0.3673811688898469,-0.6639785253453218,Cammeo,0
-0.7878967137753661,-0.9587310458451952,-1.0928362974005237,0.005483855416415321,-1.2617022799118196,-0.8372821312650197,-0.6335265830998948,Osmancik,1
0.996993089074293,0.778871009000189,0.8170561339845663,0.8845306153891122,0.3111936492801022,0.9265884659200891,0.69957275138594,Cammeo,0
-1.2167564232149242,-1.0465042010923944,-0.7635858403658579,-1.6046857768739309,0.5082929423462134,-1.260069906237481,-1.2490206535568624,Osmancik,1
-0.7988931165815085,-0.49639223670239874,-0.3119950077333886,-1.2217608421641728,0.6814542453542226,-0.7408865185712985,0.8200422701195268,Osmancik,1
-0.4568471135062334,-0.7767990102449569,-0.9419034812305649,0.5426056772577091,-1.5382604502873054,-0.45226339752343153,-0.6582853696788198,Osmancik,1
0.08139786595232133,0.5131166061717795,0.7754752880123277,-0.932634332959823,1.408984541688391,0.09736070994076822,-0.10973157935639179,Cammeo,0
0.5976500397985911,0.8079791087395897,0.8632252232543707,0.03818818602041659,0.8950128772915614,0.6385290619055187,-1.3067181367327658,Cammeo,0
-1.0755394608623572,-0.8290757757553151,-0.5708726515022128,-1.493091986186964,0.6223760541079667,-1.0616415105170725,0.6782039416603243,Osmancik,1
1.5126665048781343,1.5719047112464866,1.7641833418244,0.4871326818871947,1.3146629559068264,1.4356249469869327,-1.5431696007454334,Cammeo,0
-1.0205574468316445,-0.9746162744523185,-0.9833396921121471,-0.6416518905770262,-0.5260885047171736,-0.968628200023131,1.5658857713724335,Osmancik,1
-0.7236545710657966,-1.001819514701048,-1.1753906962233898,0.15846440931612657,-1.5345397568259935,-0.7752732576023921,-0.44194545435174654,Osmancik,1
-0.6513098157622275,-0.6134410646064887,-0.6166313604846746,-0.42102134232302907,-0.2514709425645755,-0.6309616970784585,-1.0468646482082884,Osmancik,1
-0.5176167079612316,-0.4553779101824396,-0.40001852983366265,-0.4781671375539404,0.043151796526771855,-0.5542961805501189,1.828801423288865,Cammeo,0
0.7591235336361575,0.8312879885843668,0.9498494444173312,0.2212859707400349,0.8534116259787511,0.7614193751641809,-0.9271949943204086,Cammeo,0
0.21740600592303141,0.674569692319575,0.8254737220016173,-0.5970233943014867,1.249390297349403,0.20559438033371832,1.7784924698690137,Osmancik,1
0.18788934575917518,0.678323838649708,0.5206430703032464,-0.15801729760530184,0.7274154155843277,0.24674572376437123,-0.95234175777242,Osmancik,1
-0.6530460898895131,-0.9395687407444746,-0.926407486728621,-0.1794780624809655,-0.8539738993748263,-0.6935342877743829,0.4173585281680754,Osmancik,1
-0.9939345768799311,-0.9801632800068382,-1.0954397290323377,-0.38917117831441017,-0.9017122883614903,-0.9252219884592916,1.2436435962086108,Osmancik,1
-0.3515131497842367,-0.3696506834635957,-0.6122461290914621,0.24304466892416796,-0.7979829090976251,-0.2944226282003793,0.9779696832620464,Osmancik,1
-1.0946384762624994,-1.3580641479388422,-1.2207120147509753,-0.7114584847513337,-0.7857200996773689,-1.1321061396791494,0.7672295931807126,Osmancik,1
-0.4684222743548045,-0.5637411601844979,-0.6218704616901954,-0.04445550708257383,-0.5674948352631303,-0.4624103041227706,-0.5296914763841621,Osmancik,1
-0.39607751905123534,-0.2693275136456817,-0.30344672535731093,-0.3558901144252067,0.05629174939784593,-0.39589169419377,0.7990167003710948,Osmancik,1
-1.3244054191066352,-0.9407733848299124,-0.8403975290530865,-1.5710603130134693,0.4012929072739068,-1.2826185875693457,0.8589062914462259,Osmancik,1
-0.2207138321953836,-0.38587105790570236,-0.8814695383208474,1.0074035051347872,-1.8884126760755218,-0.16138540834237813,0.7728193911911637,Osmancik,1
-0.2866922490322387,-0.1038962806351861,0.01772159251513791,-0.466662538514054,0.4693403202770542,-0.30005979853334547,1.9100012033294635,Osmancik,1
1.560703422399704,1.7103002769257443,1.5552082895149157,0.9320605447558492,0.9116155402560598,1.5872648289437221,-0.8391458412519633,Cammeo,0
-0.5071990631975176,-0.6814064170350753,-0.7702137869599701,0.04468395214498065,-0.8379302003740843,-0.5300563481183644,-0.5329942934230405,Osmancik,1
-2.0397503595483273,-1.9806231853364644,-1.7385012828219706,-2.1233753669201487,-0.21525581067689006,-2.0396905632866997,1.1008133427816367,Osmancik,1
1.3239913830464258,1.0188798849692753,1.077848885760998,1.0300970032409043,0.4548731863022918,1.2366328342332273,1.6357470622790964,Cammeo,0
-0.7670614242479381,-0.6414283067191975,-0.3860560158109666,-1.1376233825191777,0.5488278624050831,-0.7809104279353581,0.70133291684197,Cammeo,0
1.3205188347918544,1.5787965749602653,1.690571051046149,0.294815364603657,1.368289098645058,1.2800390457970667,-1.0891857517321508,Cammeo,0
-0.5644961093979444,-0.905501850589503,-1.299219244922645,0.8439310521106698,-2.440823862287601,-0.530620065151661,-0.11233943185719697,Osmancik,1
1.018985894686578,1.0112313782351898,0.9173170045683812,0.830228853254186,0.4394945110943266,1.0432778918124885,1.668722011188272,Cammeo,0
1.4356916852351367,1.7021199826677818,1.558784087177887,0.8261520869277449,0.9757559384766431,1.5337117107805436,-0.15180585862699839,Cammeo,0
0.7122441321994447,0.5951461141755608,0.6192031716282591,0.632420269762254,0.2928137675590448,0.7197043147002313,0.8467548249281293,Cammeo,0
2.053226516506403,1.7736445496653375,1.6169500473106277,1.7061678134862435,0.500450247962431,1.9739747137852,-1.026181547111249,Cammeo,0
0.6705735531445888,0.8185969049759645,0.8877879210898684,0.15683534278541325,0.8418511046155274,0.6622051773039767,-1.2037384303197227,Cammeo,0
-0.48404874150037547,-0.3491990928548267,-0.06078650895225691,-1.0032472604001714,0.7662849096793845,-0.5187820074524321,-0.3885689382594013,Osmancik,1
-0.3439892952326655,-0.5519187198626837,-0.6416976672502872,0.29242369813658625,-0.8796489774433713,-0.3626323892292697,-0.4558293185973819,Osmancik,1
-0.2583331049532396,-0.39141806346022207,-0.7471488464789211,0.653513401335265,-1.3483732255945848,-0.24763411443676026,1.4244007101257032,Osmancik,1
0.6427931671080183,0.474259353482592,0.557316778741889,0.41185258816967685,0.3831853413300641,0.5979414355081625,-0.40218360980382967,Cammeo,0
1.6480958868064157,1.6813888188752368,1.607700371874438,0.9701522749102464,0.9300011549408481,1.6752046861379941,-1.0559346681896455,Cammeo,0
-0.14142398038267176,-0.46162513114219406,-0.31603172083586295,0.10683994695776701,-0.31641108922561023,-0.20253675177303104,0.8097142177723569,Osmancik,1
-0.8168346158967937,-0.9106572826939673,-1.0510681228470133,-0.07214280477193705,-1.1277515823408573,-0.7826015790352481,1.0135054337987501,Osmancik,1
-0.39086869666937835,-0.5842209646008054,-0.5831709906866342,0.0034051555898927163,-0.5583822894129679,-0.447189944223762,1.3462422676806904,Osmancik,1
-1.6647151480546247,-1.6125278979693192,-1.2489812046084714,-2.0235991419136163,0.3051224406891478,-1.7003329092421375,-1.1810275137170287,Osmancik,1
0.3568866941483128,0.5986480461655916,0.598273776973708,-0.0591034391934675,0.7315173511337402,0.380346660655669,-0.6010869342899677,Cammeo,0
1.2568554501247136,1.2345983825768476,1.4274144739627876,0.4612548507134896,1.0865454625750317,1.1875894523364219,0.4406695362364972,Cammeo,0
-1.1467267000810693,-1.30461009718672,-1.1731723773028417,-0.8591732724238315,-0.587915652072365,-1.2065167880743026,-0.8044307813573349,Osmancik,1
0.13464360585574825,-0.2134923885302191,-0.050889460791024306,0.32000439583484575,-0.177237661695857,0.060155385743191625,1.4058611234030316,Osmancik,1
-0.6096392367073715,-0.9240759405512748,-1.201896383529751,0.5461453436289738,-1.961387571405322,-0.5977023921139583,0.41196850353760317,Osmancik,1
-1.934995153868759,-1.836931973478923,-1.6335040486670231,-2.015038342628056,-0.17347970397029458,-1.9325843269603429,-0.5061467566009388,Osmancik,1
-0.2837984588200959,-0.5186649003430944,-0.38432823638463237,-0.1133095346697108,-0.22264560092593652,-0.3389562738308119,1.3371221115228908,Osmancik,1
0.9483774135102945,1.2533126866124389,1.028741787300268,0.611128971539114,0.6773637757322717,1.0432778918124885,1.8348879551089932,Cammeo,0
0.8251019504730126,0.37614883014665873,0.04177458235043109,1.6539748178419975,-1.123761439584196,0.8144087762940627,1.6467585092774681,Osmancik,1
-0.6397346549136563,-0.20872938483967526,-0.13787265579344019,-1.1234127837051198,0.7773065324519256,-0.6089767327798905,-1.1672840307654326,Osmancik,1
0.7243980510904443,0.8541206535564777,0.9426926213170255,0.14720444358915763,0.8931152662966549,0.7698751306636301,1.7726519909763498,Cammeo,0
-0.7479624088477959,-0.6328555840473132,-0.6787364485984813,-0.5535879979263773,-0.21855226482212026,-0.7053723454736117,0.23988726212244973,Osmancik,1
-0.5129866436218031,-0.29313996720679864,-0.1465263649524694,-0.9283744333153319,0.6340655671551395,-0.5368209525179238,-0.48016927527156356,Osmancik,1
-1.2451155672939234,-1.429531432357461,-1.4671632388635316,-0.46100180565313575,-1.3911554674359419,-1.2623247743706676,-0.35466531309735116,Osmancik,1
2.1545091739314,1.868701142076371,1.3898015087305993,2.3516717596158667,-0.1170558749314154,2.151545579273634,0.8303371554576654,Cammeo,0
-1.0813270412866427,-1.094606178051161,-1.1282553399925124,-0.7133280845953066,-0.6564446340289025,-1.0909547962484965,0.46135495131091103,Osmancik,1
1.3679769942709958,1.340244557416719,1.3322323861707541,0.8739785829363962,0.7688676098401309,1.3820718288237541,0.5133099139696615,Cammeo,0
0.5710271698468776,0.5082416022149528,0.6156029776849359,0.22766147020796912,0.5600329400170003,0.5522803558111367,0.6338210842959852,Cammeo,0
-0.48520625758523256,-0.9590679016079097,-1.2467724699409186,0.8181953542584388,-2.318877990769007,-0.5317474992182543,1.7361968200962683,Osmancik,1
2.7569962960995245,2.3925614409991076,2.2743513861726807,2.109871546461912,0.7891479690379601,2.66847409880663,-1.1153753476541677,Cammeo,0
-0.6744601374593696,-0.44122996814849724,0.05475427479324564,-1.5634999136444205,1.2354419965922867,-0.6924068537077896,0.2820456159043216,Cammeo,0
-0.13679391604324334,0.14457331773950177,-0.07163152686430045,0.13857257764286127,-0.06307715492373739,-0.013127828585368345,-0.9687895089487494,Cammeo,0
-1.5975792151329125,-1.55260348068874,-1.5586187948318495,-1.1679729466530286,-0.8476246420429264,-1.5188160245206275,-0.5221864764336047,Osmancik,1
-0.008888388666533012,-0.3666249663462343,-0.45033324417179865,0.6397387691514903,-0.9217633290100861,-0.07400926818140278,0.6986972966126735,Osmancik,1
1.4466880880412791,1.6912226132476327,1.7455646234374442,0.46529745037611536,1.313648221326463,1.5072170102156026,1.619192096817759,Cammeo,0
-0.4464294687425195,-0.1768759961305524,-0.026318921293981765,-0.7437473487233409,0.6201516641804027,-0.45564569972321123,1.279494818994007,Osmancik,1
-0.7850029235632233,-0.5371552038461187,-0.4759284274436064,-0.7530570812797328,0.16984169553263162,-0.7408865185712985,-0.039307220621989186,Osmancik,1
-0.14836907689181442,0.7794874379466764,1.1677378520124464,-1.7154882676269356,2.0911011658287544,-0.10219511984623354,-2.1270377711024273,Cammeo,0
-1.0552829293773578,-1.0381836927606125,-1.2234112889127422,-0.3912088781443544,-1.0845852319295342,-1.0312007907190552,-0.7454744944898272,Osmancik,1
-1.603366795557198,-0.6052881291921985,-0.03286932256840641,-2.584950765899485,2.2326509068249334,-1.5554576316849074,-0.6569085531411276,Cammeo,0
1.0259309911957206,0.9201811464943916,0.7155571521729044,1.1331518613071523,0.04394007903976168,1.0212929275139204,-0.19632601198221106,Cammeo,0
0.12827726738903417,-0.32745907170187244,-0.4387119017671359,0.9311899781618329,-1.1567861771556716,0.08326778410835284,1.618912105555472,Osmancik,1
-0.6808264759260837,-0.6900911399732407,-0.5995382809154234,-0.5588783641515377,-0.12067624152743776,-0.7042449114070185,1.4385437398372571,Osmancik,1
-0.3046337483475239,-0.004552899406278149,0.5787942184086291,-1.4493039898412807,1.5663257312811607,-0.3530491996632273,1.5920445142627935,Osmancik,1
0.16242399189231882,0.025003201398253405,-0.4313154723419461,1.080857732338013,-1.277316006632749,0.23152536386536263,-0.5208906491040122,Osmancik,1
-0.31968145745066623,-0.6001899796666713,-1.0825576217109296,1.079316132466667,-2.2986922254727364,-0.2752562490682944,1.1571147262750625,Osmancik,1
0.30248343816002876,0.20015622851486206,0.2353581956451947,0.254293701318716,0.17649479994226577,0.2501280259641509,-0.3563321481326188,Cammeo,0
0.00789559456389504,-0.1768759961305524,-0.3751630766339466,0.7200987624450663,-0.8905788727962085,0.019567759345835333,0.9400497647040504,Osmancik,1
-0.46031966176080474,-0.3875245580201358,-0.08896159887125363,-0.7870788784404519,0.5904864433551964,-0.5114536860195761,-1.2983878181853847,Osmancik,1
-0.6333683164469422,-0.5500976468307601,-0.45200700326306686,-0.7577228808903496,0.19932059503658575,-0.6208147904791195,0.2496152230038916,Osmancik,1
-0.4134402603240919,-0.19242436897496118,0.15306170035747485,-1.0996560190210682,1.0198940262403426,-0.4500085293902451,1.1936532003406177,Osmancik,1
-0.8573476788667925,-0.698271434231203,-0.6022122875011116,-0.9200828673406358,0.1594392328430313,-0.8474290378643587,-1.2113244194783794,Osmancik,1
-0.2878497651170958,0.07181674781283613,0.3478520582339192,-1.0978725191699097,1.1801188965897171,-0.2679279276354384,-1.0035454491103233,Cammeo,0
0.08834296246146398,0.024302985993021806,-0.08543459376898706,0.2968024977711546,-0.19835790008025356,0.06748370717604762,-0.5942900114159378,Osmancik,1
-0.7959993263693658,-0.8522170826826004,-0.852313369413423,-0.544065065387778,-0.44054695288938295,-0.8102237136667821,-0.553362693597179,Osmancik,1
-1.7110157914489088,-2.258648884515684,-2.4838381429158862,0.11477891296188918,-2.940837909861246,-1.7617780658714686,2.0273568798430706,Osmancik,1
-0.922747337661219,-0.5387240625379431,-0.44821163907693035,-1.2262325751243188,0.5508888628663182,-0.8530662081973249,-0.7052853354534613,Osmancik,1
-1.073224428692643,-1.0634530047472694,-1.0212610960316355,-0.8385735074763132,-0.4059943804836397,-1.0813716066824541,-0.9309027573997847,Osmancik,1
0.6919876007144453,0.9089187075039926,1.0874313961648412,-0.16542053032080017,1.1938292793520147,0.6492396855381545,-1.2040469606362922,Cammeo,0
-1.4447870919317742,-1.3874800346695557,-1.1788183736127993,-1.527082350016973,-0.020710552952865894,-1.4630080382242625,1.6861763425224099,Osmancik,1
0.00789559456389504,-0.31465598782718746,-0.3329278875708471,0.4547932512527408,-0.6164973427524434,-0.06498979564865694,-0.3132358621883752,Cammeo,0
1.1277924066631462,1.224232800680575,0.9721040798724141,1.077404165959563,0.32821768507881705,1.1988637930023542,-0.7365973059563262,Cammeo,0
0.9981506051591501,1.027760394632471,1.0801987703362965,0.6143570379363833,0.7189621605632113,0.9829601692497506,-0.8482837379029657,Cammeo,0
-1.100426056686785,-1.2635393430516855,-1.3490338355135718,-0.32843925004944535,-1.3348118998892944,-1.1146309116469544,1.863941483694568,Osmancik,1
0.6445294412353039,0.5997406899847467,0.4535707252506946,0.7045939304056876,0.07922933728491723,0.6870087267690277,1.4341417835455994,Cammeo,0
-0.7207607808536538,-0.7690111444009149,-0.7363090563412387,-0.39689147767011446,-0.41773549020439,-0.7019900432738321,-0.7106915579255534,Osmancik,1
-1.1756646022024968,-1.2114310054226838,-1.067934665527285,-1.0021293271601348,-0.3259163430913348,-1.2036982029078196,1.8653692077344943,Osmancik,1
-0.44353567853037673,-0.41290672523694033,-0.5016752161718853,-0.19902002751676218,-0.2928543412556087,-0.4184403755256346,-0.7567528202120316,Osmancik,1
-1.3110939841307785,-0.7565996339762886,-0.27335914131788713,-2.504958235075242,1.5681803450480805,-1.337862856832414,1.409111490288093,Osmancik,1
-1.1467267000810693,-1.275558425062393,-1.4211405272758357,-0.32757278345508944,-1.4494453761692079,-1.1101211753805815,1.238054569523951,Osmancik,1
-0.6889290885200834,-1.0644900759152156,-1.048293917252738,-0.0492320066839522,-1.144830081295015,-0.7335581971384425,1.17461765113406,Osmancik,1
0.4257589011973107,0.7259778145433435,0.6121021114544715,0.07687168279209465,0.6555785135550983,0.5460794684448739,-1.3896888807904744,Cammeo,0
0.12480471913446285,0.7202905949150027,0.23174144708305983,-0.08667867022551654,0.4124320558029194,0.09961557807395469,-0.5152414590076214,Osmancik,1
1.472732199950564,1.6958445479004904,1.8046985931227069,0.5414535773538574,1.3131781183005347,1.424914323354297,-1.4514481655840177,Cammeo,0
-0.7977356004966515,-1.0898440293244833,-1.2956469324425792,0.23759303604579932,-1.8077871406469221,-0.7809104279353581,-0.6445927942294577,Osmancik,1
0.3557291780634557,0.44520682639440035,0.5251049757204213,-0.06048513907815807,0.6677295301826033,0.3318669957921601,0.6640262022881563,Cammeo,0
0.03278219038832284,0.5232299737279481,0.6807114221691783,-0.8387921741247312,1.2829367346203848,0.09905186104065807,-1.6153803500127746,Cammeo,0
-0.7873179557329375,-0.7457296233998115,-0.7530884694488256,-0.4537571062577404,-0.3913695900062793,-0.7532882933038241,-0.9442088986276433,Osmancik,1
0.049566173618750896,-0.1351888130490306,-0.16132358028148328,0.3270304285818232,-0.308405005375499,-0.008054375285698809,0.8007498694244249,Osmancik,1
-2.149135629567324,-1.9860864044322382,-1.8542982275111657,-2.1024052353368727,-0.39303501597008694,-2.0560383572523016,-0.5455406787463463,Osmancik,1
1.5554946000178471,1.5245585223441622,1.2910209695866979,1.35317560961179,0.43834505186629413,1.568098449811637,-1.266235873895659,Cammeo,0
-0.4724735806518044,-0.5063662451486125,-0.6602675930765413,0.005601388739939939,-0.6588610782414495,-0.4612828700561774,1.2825893780692008,Osmancik,1
-0.07486680550338812,-0.1548281879862869,-0.7375924749468818,1.1579910259008726,-1.8034988837762573,0.013930589012869182,0.03293592432859165,Osmancik,1
-0.9320074663400759,-0.8517126540023958,-0.95631645514404,-0.6141272262074238,-0.5145566481725988,-0.9252219884592916,-0.7394126450950245,Osmancik,1
-0.19756351049824147,-0.2284525462356774,-0.46945818537605316,0.24705583525608368,-0.6169359144778523,-0.1895712600072089,-0.6407739602361165,Osmancik,1
-1.0425502524439296,-0.8348467818424002,-0.7512482928737283,-1.1429424487419428,0.1669838131128103,-1.021617601153013,-0.6012512266835411,Osmancik,1
-0.32257524766280904,-0.4071348641859889,-0.3024246954697181,-0.2954451861362904,0.011448507095253675,-0.3242996309650999,-0.1773722233095445,Osmancik,1
-0.89033688728522,-0.6885504950889563,-0.546262903697467,-1.1351852493893182,0.38317387540260245,-0.9122564966934695,-0.9490335414530017,Osmancik,1
-1.7688915956917644,-1.417596991769364,-1.030410572459238,-2.4161850424837876,0.8434076042684491,-1.729082477940265,0.5235376939639462,Osmancik,1
-0.4881000477973753,-0.6538953897950327,-0.47402464628044944,-0.4065059768677387,-0.09586110801851798,-0.5345660843847374,-0.38071992700586876,Osmancik,1
-0.1257975132371008,-0.0078026170562049465,0.1799376883477452,-0.4930638029774094,0.6418509319016136,-0.15856682317589504,-1.3061666387918975,Cammeo,0
0.5935987335015912,0.49549494595534166,0.18299680764469908,1.158394192533893,-0.5517951140862383,0.6413476470720019,1.0996941490582801,Osmancik,1
0.9223333016010096,0.9337126595818467,1.0869460844449867,0.2961833978228214,0.9193579077745527,0.8713441966570208,-1.0279687089699787,Cammeo,0
-0.6408921709985135,-0.6080342731257871,-0.2888019867804966,-1.0485508899527012,0.5810786498728959,-0.6895882685413065,-0.0028690189093191357,Cammeo,0
1.2041884682637152,1.1046344705317899,1.0861375220104743,0.9443701103952215,0.5168981209061969,1.2073195485018033,0.5619481757252879,Cammeo,0
-1.4511534303984883,-1.510888083799683,-1.3447252781443217,-1.2891033365441211,-0.4368692566560522,-1.479919549223161,-0.5060565114833422,Osmancik,1
0.009631868691180701,-0.18323521735658962,-0.5527932651701726,0.9063207469039553,-1.2950107991879716,-0.009745526385588656,-0.704937467521529,Osmancik,1
-1.2555332120576372,-1.3816526009673953,-1.271028471680565,-0.9428774987716487,-0.6464578112097877,-1.2640159254705574,0.15514092609288282,Osmancik,1
-1.371284820543348,-1.6202884049696875,-1.5719914416474712,-0.801904477203185,-1.2209982374228903,-1.4015628815949315,0.5837072763013642,Osmancik,1
-1.464464865374345,-1.2928158706724442,-1.14419221013224,-1.6606220722057807,0.1309636019919733,-1.4404593568923978,-1.0247939320124768,Osmancik,1
0.7845888875030138,1.0465866989343466,0.9559772672642375,0.34721746023045263,0.7805083926955917,0.8363937405926307,-1.3785902739776716,Cammeo,0
-0.4499020169970908,-0.5108206068839803,-0.8102907765076738,0.36420375881286515,-1.1773273862032538,-0.4466262271904654,-1.0268047783507197,Osmancik,1
-0.19409096224367015,-0.30148868934611744,-0.6475100810440723,0.7151855961884268,-1.2596814101967002,-0.14221902921029322,0.006692335601175094,Osmancik,1
-2.033384021081613,-2.065145767969869,-1.8325454583947456,-1.9478270482371585,-0.5073904435090549,-2.0284162226207676,-0.10457372378913825,Osmancik,1
1.2962109970098552,1.2858107180755876,1.2368864947820704,0.8592623174978719,0.699189168655561,1.251853194132236,-0.2810515222154095,Cammeo,0
1.0172496205592925,0.9137099250020717,0.8984525807864566,0.7972511893396624,0.4438400976022996,0.9835238862830472,-0.2664063594136385,Cammeo,0
0.48074091522802326,0.7309648187664528,1.0491693156161563,-0.4430930071477102,1.326183346523934,0.43277234475225423,-0.8645486848667275,Cammeo,0
-0.5396095135735166,-0.6316791537694123,-0.8098812675160565,0.16753087522615348,-1.0004941199256447,-0.48946872172100814,0.7299329058621874,Osmancik,1
1.089015617820433,0.9176316442496965,0.6838559284473648,1.220399854025892,-0.04891100154484382,1.0725911775439125,0.14243950428550073,Cammeo,0
0.7678049042725859,0.8707616702200399,1.0489802444434309,0.08272101563727331,1.017580775374956,0.7033565207346295,-1.2764065757813783,Cammeo,0
0.3418389850451704,0.8752160319554062,1.0483293865354775,-0.5534718312694052,1.3887156484180234,0.43784579805192375,0.677148767977656,Cammeo,0
1.3147312543675689,1.1909225535459105,1.0883201178062234,1.1993613891149828,0.3553145381526092,1.3854541310235338,-1.075641270834742,Cammeo,0
-0.9337437404673615,-1.072725942824387,-0.946859411324861,-0.7575192475740105,-0.3800555860834762,-0.9821574088222498,-0.5766783296203494,Osmancik,1
-1.2179139392997813,-1.0762843024294915,-0.9169896512171501,-1.3851048285323395,0.17112014644460785,-1.2025707688412264,0.1336942124623333,Osmancik,1
-0.9123296928975051,-0.8623304502387706,-0.8508513351837765,-0.7262690501819882,-0.2861496401723971,-0.9201485351596221,-0.9175557359049805,Osmancik,1
-0.2930585874989528,-0.5820638907700321,-0.8259070098199222,0.7669029918723639,-1.5713998471333979,-0.3175350265655405,-0.3105254233573106,Osmancik,1
-2.1190402113610394,-2.117507174902838,-1.9068155774467666,-2.088549969826494,-0.4804340480466682,-2.07125871715131,0.02129430415862639,Osmancik,1
-0.19177593007395594,-0.05839852360845915,-0.10662363455013485,-0.21206075976178435,0.16018738460990528,-0.17209603197501383,-0.7401862848638229,Osmancik,1
-0.9418463530613613,-0.8236125566595397,-0.4506094449172086,-1.4592683556763737,0.7162160709361413,-0.9720105022229107,-1.2214141321559993,Osmancik,1
0.7238192930480157,0.9415287392334256,0.8103279883818669,0.2789551992605966,0.6993611575674914,0.7337972405326467,-0.09207670331648356,Cammeo,0
1.435112927192708,1.6627591562622561,1.7162742749880855,0.5298656116542616,1.2579438792358144,1.4807223096506619,0.5087745183160872,Cammeo,0
0.03278219038832284,-0.3821733391906431,-0.7718509516307125,1.3769761076255251,-2.0693134801201585,0.04098900661110671,1.7760149714269593,Osmancik,1
-0.11306483630367264,-0.38545127064810836,-0.6920559463747655,0.9428749771866616,-1.532091781312927,-0.12248893304491168,-0.5417210734272138,Osmancik,1
-1.928628815402045,-1.9787465396533301,-1.7538326024315405,-1.8684934215245939,-0.4703239665073405,-1.930893175860453,0.2144828758561027,Osmancik,1
0.7122441321994447,0.5529545024138377,0.4964985944166361,0.6735965663258985,0.14426694432937617,0.7118122762340787,1.041971983457051,Cammeo,0
-1.9986585385359,-1.864443000718964,-1.4479921189857543,-2.4484083064612694,0.423399215420007,-1.996848068756157,-1.0015816536453572,Osmancik,1
2.3842761167755357,2.092824789438336,1.943344396952695,2.018761354065494,0.5831138519973424,2.372522656325907,-0.3140712080204876,Cammeo,0
-0.5320856590219454,-0.7014091516148503,-1.1097281076568737,0.6070289718812786,-1.8684218315460996,-0.5373846695512204,0.1040884146100987,Osmancik,1
-1.0234512370437874,-1.1564645235938125,-1.3066409419239133,-0.23772402428672942,-1.3566458922581799,-0.9703193511230208,0.5857327778296442,Osmancik,1
0.01773448128518045,0.0504135824225964,0.14903979928235692,-0.12071413405176173,0.3552686744427625,-0.017073847818444652,1.5576912061643429,Cammeo,0
-0.8961244677095056,-1.1476678003893612,-1.143020317379633,-0.20222622724918957,-1.1422416481705429,-0.9269131395591815,1.635171653238694,Osmancik,1
0.12075341283746298,0.4050611431610308,0.5139053404475484,-0.48178333725215133,0.9295711826610408,0.1559872814036162,-1.3674870392101206,Cammeo,0
-0.5558147387615161,-0.42500873874252737,-0.37108541263231215,-0.6839461203807048,0.2305136506960596,-0.5621882190162715,-0.1760740820025776,Osmancik,1
-0.05692530618810295,0.6959737126736811,1.122635228712299,-1.5536776811307993,1.981386572429892,-0.04807828464975848,-1.156574172151508,Cammeo,0
-0.5604448031009445,-0.8372004973620685,-0.8549926037734722,0.015266454600010852,-0.9280294583678889,-0.611231600913077,0.9103467798020963,Osmancik,1
1.8732327653111231,2.0670493388437445,2.4457126019542548,0.3864407902904124,1.7960255226026658,1.8527755516264277,1.9486546527151039,Cammeo,0
2.0347062591486895,2.066040481483335,2.1761894669948347,0.9353296111496942,1.3546245795926177,2.0066703017164036,-1.4289825305829968,Cammeo,0
1.4646295873565642,1.1819856162676428,1.4439054881847886,0.826262786918504,0.8867230117367685,1.3702337711245252,-1.20444110811571,Cammeo,0
-0.4730523386942329,-0.4406699668170836,-0.6194229919934869,0.009376121758253834,-0.6094572632909779,-0.4590280019229909,-0.9452879834098458,Osmancik,1
-0.8677653236305064,-0.9991580121900702,-1.0081184712879008,-0.330915649842778,-0.8320567790318437,-0.8592670955635877,0.9467710976505208,Osmancik,1
-0.7682189403327953,-1.0276496829829835,-1.0113919293336586,-0.1549545978608987,-0.9948786819512917,-0.7978219389342567,1.0457661350250667,Osmancik,1
-0.689507846562512,-0.7364011126714851,-0.8455860951064503,-0.16588109694903036,-0.7560405464428355,-0.7155192520729509,-0.17892875875663852,Osmancik,1
-0.9933558188375026,-1.1030951142642993,-1.0658043474751482,-0.6319868247169553,-0.6439152417951624,-1.021617601153013,-0.544414543090867,Osmancik,1
1.532344278320705,1.4288855009866415,1.1040957982364845,1.6021467221672987,0.10571562972137545,1.533147993747247,-0.9864520982465719,Cammeo,0
0.2613916171476015,0.24943549071539572,-0.25406342615117095,0.9889890400048902,-0.9576918127112297,0.2935342375279903,0.6203653058645902,Osmancik,1
-0.29132231337166714,-0.6344526565466729,-0.5827675807651048,0.2471938685778975,-0.7627395145623164,-0.349103180430151,1.782629861414213,Osmancik,1
-0.16862560837681378,-0.2454295636980894,-0.7499483196492751,0.8773118826582165,-1.558755795625041,-0.09881281764645385,-0.09477634358646822,Osmancik,1
-1.2850498722214936,-1.6328110606967332,-1.5538083711239365,-0.5810456956349017,-1.410802334141514,-1.3091132881342866,0.42877106457798764,Osmancik,1
-1.4418933017196316,-1.3841465305608815,-1.6294908605491736,-0.7317029163951728,-1.3822378423526278,-1.3953619942286686,-0.5974717303055626,Osmancik,1
0.3007471640327431,0.39449891957586497,0.6696738479015004,-0.3084708850492338,0.9505480969521611,0.27662272652909187,0.899088508550469,Cammeo,0
-2.2972976884290337,-1.9848253327317282,-1.4029443873163983,-2.584950765899485,1.142785836774524,-2.306328720035999,1.3658385707376133,Osmancik,1
-0.20392984896495556,0.1486916786760198,0.31849113483068764,-0.7764024793314481,0.9521905910610401,-0.1568756720760052,-0.5578564376580163,Cammeo,0
0.8974467057765818,0.8613203042615661,1.0183646551935372,0.41336548804341816,0.7916360752971373,0.840339759825707,1.0705249216039918,Cammeo,0
-1.2098113267057815,-1.21694979716967,-1.0812367373890321,-1.073887521171572,-0.2816807949442111,-1.2296291864394637,1.5700995241709839,Osmancik,1
-0.22650141261966913,-0.0887394812408345,0.07742974608439478,-0.56101446397327,0.5922951934122749,-0.20591905397281074,-0.9373132460523111,Osmancik,1
0.6543683279565893,0.9706650527803615,1.43108437156426,-0.7021405521956261,1.728786457485566,0.6233087020065101,1.8545297663876101,Cammeo,0
-1.062806783928929,-1.0846330245688085,-1.1036935134527432,-0.6766795543204677,-0.6556162207697968,-1.0210538841197163,0.9138647967367821,Osmancik,1
-0.7792153431389377,-0.1432853208482487,0.34366983874506174,-1.9783980123525327,1.7057886734793264,-0.7290484608720695,0.14543147703043516,Cammeo,0
-0.24849421823195417,-0.3918951332967561,-0.5810171476498727,0.402469055619444,-0.893081311464718,-0.24030579300390426,1.433239332369633,Osmancik,1
-0.26585695950481075,-0.5089995338520552,-0.5326062144748936,0.27232413314732395,-0.718698887182041,-0.2989323644667522,-0.7639678016650134,Osmancik,1
-0.39318372883909253,0.31611155763593224,0.34380314699126907,-1.070398421462754,1.1597038127442132,-0.3383925567975153,-1.6231684265287845,Cammeo,0
1.4588420069322787,0.9852892096869716,0.9451636159983587,1.5038068637075614,0.017562712914189323,1.383762979923644,1.3142029369565125,Cammeo,0
1.4964612796901346,1.4649692508985668,1.1419170031473855,1.670128816493872,0.09668621184531015,1.5489320706795522,-0.7107170116766705,Cammeo,0
0.7701199364423,0.7732957896381308,0.5574091360889378,0.8328747197000426,0.09413504298508851,0.840339759825707,0.28154811076885294,Osmancik,1
-0.48636377367008965,-0.3955364243967417,-0.42483564602140084,-0.4613229722929995,0.002542347939401326,-0.4505722464235417,-0.788334754741895,Cammeo,0
-0.05113772576381742,-0.19169593976219113,-0.4989994669947433,0.6378650693078595,-0.9853132319663933,-0.050333152782944944,0.0862877579956113,Osmancik,1
0.7504421629997292,0.7904412349818993,0.8367099516950143,0.4036607888533215,0.6427768055441435,0.7388706938323163,0.1320944827709195,Cammeo,0
0.3829308060575977,0.48367250563352904,0.4937400721454422,0.1812959407440599,0.47872518190443125,0.42149800408632193,1.3350557297276655,Cammeo,0
-0.9134872089823621,-1.0650782910541645,-1.610551505334737,0.6605394340822425,-2.8343774900001044,-0.8502476230308419,-0.3389742325224089,Osmancik,1
-0.1310063356189578,-0.2604179352110846,-0.5560048612193244,0.6229137372222859,-1.0499180002491741,-0.14334646327688644,-0.5755784190417784,Osmancik,1
0.3059559864146001,0.42935066655868187,0.44106066120464965,0.16574874204154766,0.43973529557102164,0.3279209765590838,-1.1375046846101275,Cammeo,0
-0.9250623698309333,-0.6991682913253311,-0.7735752458741393,-0.7587875141348341,-0.16547935308391418,-0.951152971990936,-1.2021232741124803,Osmancik,1
-1.0871146217109282,-1.3417027044590544,-1.4477647108010478,-0.21901025918181552,-1.6006494280881185,-1.129851271545963,-0.41133924694803475,Osmancik,1
-1.6820778893274813,-1.6638804475418787,-1.911216492163062,-0.7338636162148521,-1.860392815841065,-1.5842072003830348,0.3732255803601576,Osmancik,1
-2.112673872894325,-1.7910990706172125,-1.3286106636763177,-2.584950765899485,0.9463630334286461,-2.088170228150209,1.421414136661309,Osmancik,1
1.1816169046090015,1.1342752127589335,1.0466312311638544,0.9109154798538337,0.5033511276102335,1.1875894523364219,0.5378103064084594,Cammeo,0
0.6862000202901598,1.038574832557739,1.0346962222975273,-0.011302909849315878,1.0625530093614868,0.7084299740342991,0.6926423891499937,Cammeo,0
1.971621632523977,1.8583064914086969,1.6406893706842551,1.6107252881180432,0.5781462389245738,2.0010331313834375,0.5210594241961003,Cammeo,0
1.1787231143968588,1.2097770716553213,1.3288604717078611,0.553858809651915,0.957158204133814,1.200554944102244,1.7139486989684292,Cammeo,0
-0.8145195837270796,-1.3982662587872872,-1.7001599143621429,0.8825571488871381,-2.940837909861246,-0.8468653208310621,0.0990184901830675,Osmancik,1
0.17747170099546122,0.3294754978058956,0.45126179157455615,-0.3082194184035532,0.7640576532699603,0.1447129407376839,-0.9518473379401171,Cammeo,0
-0.1396877062553861,-0.551975147477759,-0.7878331291482359,0.9780201742536301,-1.7115536114611238,-0.16589514460875104,0.8565113248638537,Osmancik,1
0.9107581407524385,1.085304592513576,0.7932096412365371,0.8770166826828523,0.29373390823784384,0.9372990895527248,-1.276957302396455,Cammeo,0
0.7203467447934444,0.23324247511696278,0.04353372842293177,1.4530256346121633,-0.956361765125676,0.6886998778689175,0.8735375703837512,Osmancik,1
-0.37466347148137885,-0.2068809529640796,-0.5809291467814612,0.4348904862470546,-0.9208747196318067,-0.30400581776642177,-1.0610447015578308,Osmancik,1
1.4970400377325632,1.4210694213350643,1.2950385141831815,1.201690188920636,0.5367599737516752,1.5077807272488992,1.0205538088807844,Cammeo,0
-1.2161776651724956,-1.4625330375369496,-1.4944705182385905,-0.43893697416121763,-1.4567864362265424,-1.2363937908390232,1.271719855016451,Osmancik,1
-0.2143474937286695,-0.4968402377675296,-0.7894171447796408,0.7527921597166467,-1.5027189416379931,-0.23692349080412456,0.3116174754217335,Osmancik,1
1.7516935764011268,1.2491943256759208,1.1293398493303752,1.8313558363720404,-0.023241656440029596,1.7163560295686469,1.439030446411646,Cammeo,0
-0.6594124283562272,-0.859612520112719,-0.9266043995628881,-0.06337017217072166,-0.9576975456749606,-0.6749316256755945,-0.2684704272314896,Osmancik,1
-0.43427554985151984,-0.4049777903552156,-0.44130574914595444,-0.21295319302063986,-0.21044298762485397,-0.4206952436588211,-0.9295490806358353,Osmancik,1
0.5015762047554512,0.7945595959184174,1.1443060960303955,-0.5568433976546987,1.4587094026077947,0.44799270465126284,-1.6808489405372766,Cammeo,0
-1.4401570275923459,-1.5853528715281264,-1.558057680383761,-0.8416321072210585,-1.160400810787963,-1.4026903156615247,1.6023432562298892,Osmancik,1
1.839664798850267,1.7074720564611392,1.7816824452023643,1.2074452217736844,0.9264409844639995,1.7727277328983084,0.47516708225794396,Cammeo,0
0.01947075541246611,0.04741522414890397,-0.14862183117553238,0.4454261187011393,-0.3860723315189877,0.07199344344242053,-0.22720064076133845,Osmancik,1
-0.5262980785976599,-0.7862403762034308,-0.7222576701544043,-0.09164103647805012,-0.6568402085263301,-0.5841731833148395,1.6661133873616754,Osmancik,1
-0.5262980785976599,-0.7453380499497544,-0.9767474686428356,0.3529260264207123,-1.4126798797633624,-0.5396395376844069,-0.4385840165527199,Osmancik,1
2.037600049360832,1.6748055971166342,1.6483524166018613,1.6311077530836962,0.5722212209087557,1.9790481670848696,0.5855083220243397,Cammeo,0
0.975000283462008,1.2549935455705443,1.226661839427539,0.30417566382249545,1.024850173385655,0.9609752049511826,-0.7193774576627812,Cammeo,0
1.7563236407405551,1.7951605702857263,1.7132622056603812,1.077558599280008,0.9487766111593331,1.7327038235342487,-1.0213368498153135,Cammeo,0
-0.6119542688770858,-1.4613848210665854,-2.008725810841501,1.8314446696979603,-2.940837909861246,-0.6580201146766961,1.9108836000348528,Osmancik,1
0.4471729487671672,0.8736471732635833,0.981361596970147,-0.3757587127670776,1.2369182347529712,0.5060555590808142,-0.8086391348753453,Cammeo,0
0.03104591626103718,0.3114331953680006,0.21072405156009733,-0.22052725905521467,0.4846702652933073,0.07932176487527653,-1.1966653728123628,Cammeo,0
0.7272918413025871,0.8087913244111056,0.4581110472832855,0.9501374432472459,-0.0909508245830577,0.8251193999266984,-0.8956554827090736,Cammeo,0
1.3459841886587107,1.4727579717064718,1.7039184302856922,0.3003407974758666,1.374434835764513,1.3037151611955247,0.6786266281940248,Cammeo,0
0.5154663977737365,1.0132482379921435,1.204046487541544,-0.5387145658343027,1.4901661745988817,0.6182352487068407,-1.7134050595417087,Cammeo,0
0.1815230072924611,0.1266156567242174,-0.30506297893060735,1.0098935715936408,-1.0428693213421125,0.22983421276547278,1.46846269596081,Osmancik,1
-0.5129866436218031,-0.7449738353433694,-0.45061815787447707,-0.563000230474215,0.05216114902977923,-0.5869917684813226,0.7231282697302432,Osmancik,1
-0.19177593007395594,0.5887586791419869,1.0468717087844652,-1.6718861379324075,1.9967709806015828,-0.06048005938228402,-1.8310438126207689,Cammeo,0
0.9726852512922938,1.4488044491076706,1.9698518268505096,-0.7044023853401987,2.049680502873471,0.9773229989167844,-1.6120567071775276,Cammeo,0
-0.4516382911243765,-0.8966769135775166,-1.2863536922200471,0.9790998408301934,-2.5612734302724465,-0.5080713838197964,0.0041916973853778775,Osmancik,1
0.9350659785344377,0.8354063495208848,0.9344667183598773,0.4635194171911674,0.6894345308675504,0.8893831417225125,0.543597563821515,Cammeo,0
-0.7728490046722236,-1.0619405736705205,-0.9755581499756917,-0.2708465548558299,-0.8405816960995954,-0.8299538098321637,0.9356385525028955,Osmancik,1
1.2111335647728578,0.49126458475254087,0.29362086960361516,2.0815911154887177,-1.1471289997510798,1.1340363341732436,-0.6163075061321412,Osmancik,1
0.083134140079607,0.14866346486848292,0.08789487905953376,0.17870474096030786,0.07850125089110116,0.11427222093966667,-0.0843673020311988,Osmancik,1
-0.16283802795252825,-0.5889557544838108,-0.979515575167023,1.177679224257796,-2.2201563553240264,-0.18788010890731904,-0.3581524770003799,Osmancik,1
1.1989796458818582,0.8342299192429838,0.7128343530265095,1.5128446296199836,-0.22563534151156703,1.1289628808735739,1.5299489314241892,Cammeo,0
-0.4556895974213763,-0.6744307668625508,-0.7849465264051975,0.28241286563870455,-1.067853577281092,-0.4477536612570586,-0.6736131558060012,Osmancik,1
0.6792549237810172,1.0058801594056987,1.4402286202174999,-0.6175097259251381,1.6900803528568382,0.6729158009366123,0.8525443963185592,Cammeo,0
-0.9817806579889314,-0.9235159392198612,-0.6260038886183495,-1.339247699026002,0.4524911398721298,-1.0131618456535636,-0.8847844170047411,Osmancik,1
-1.2723171952880654,-1.108446333093792,-0.6228140749623688,-1.9974288440976524,0.9337791780394631,-1.3006575326348373,-0.4154666112579456,Osmancik,1
-0.717866990641511,-0.573098739684226,-0.5945239740074286,-0.5134039012799314,-0.15105521633713304,-0.6749316256755945,1.0426754325788299,Osmancik,1
0.7955852903091564,0.7762941479118217,0.891653860229881,0.3269839619190344,0.7387896156263045,0.7619830921974775,0.6587696170196005,Cammeo,0
-0.5025689988580891,-0.2807857393611093,-0.05458462596857039,-1.0649044219212545,0.8139029064277008,-0.5565510486833053,-1.1564461320701314,Osmancik,1
-0.5210892562158029,-0.6196327129150343,-0.872341844286416,0.24091950243485655,-1.1549229639431502,-0.4849589854546352,0.03273306564544709,Osmancik,1
-1.101583572771642,-1.103151541879373,-1.3152902946043066,-0.38378787876367215,-1.2294830237445262,-1.0870087770154202,-0.36215102990312287,Osmancik,1
0.7029840035205878,0.5535709313603234,0.6836503026558276,0.49373094800320466,0.4465632553744463,0.6531857047712307,-1.2048421975272507,Cammeo,0
0.3829308060575977,0.5689235174797036,0.7207326487903639,-0.09406823627548874,0.858843609113728,0.3600528474569909,0.5075172572760658,Osmancik,1
1.6405720322548445,1.908679252392249,2.0278086760088057,0.4659110836582381,1.501818423381804,1.6926799141701891,-1.2458728730020603,Cammeo,0
-0.667515040950227,-0.618455427673267,-0.6650701751229127,-0.4934287029469568,-0.2509578423106657,-0.6597112657765859,-0.226096102228019,Osmancik,1
-0.12290372302495806,-0.42559695388147784,-0.6477566577347695,0.6454992686707492,-1.1977682683855464,-0.14503761437677629,-0.6801740529878554,Osmancik,1
0.6283242160473044,0.7033135774525906,0.6014113128860795,0.6412885690221521,0.26965259408647096,0.6779892542362819,1.4843072703682456,Cammeo,0
-0.8642927753759351,-1.1260397795026913,-1.0703664519009102,-0.41256030969580915,-0.8454117180428241,-0.8987272878943507,-0.5223299430308097,Osmancik,1
0.28280566471745794,0.34429544143753427,0.47746601055942717,-0.03534530784286332,0.608250031475189,0.2726767072960155,-1.0540510906069878,Cammeo,0
2.4953976609218183,2.2682565347748542,2.017035975642092,2.1941689060935627,0.5397239160005168,2.484138628918637,-0.7963449730858352,Cammeo,0
-1.2757897435426366,-1.4263937149738153,-1.1922119315258652,-1.1151184843973185,-0.38856330426003555,-1.3265885161664817,1.6339105355697154,Osmancik,1
1.2522253857852852,1.4386355089002913,1.495562869237995,0.40254558894639025,1.170544847159233,1.3240089743942027,-1.526261368071624,Cammeo,0
-0.7207607808536538,-0.9220035081431122,-1.1426308481897332,0.19940563923271937,-1.5225607291104135,-0.7251024416389933,0.866179893659356,Osmancik,1
1.6660373861217008,1.5309741711852733,1.3230489292098029,1.4948319644565595,0.3771485305214947,1.7535613537662236,-0.25009744687976543,Cammeo,0
0.7180317126237302,0.5001733082232733,0.3382155274950101,0.9336404112906659,-0.2070347406868725,0.6791166883028751,0.5039406195812318,Cammeo,0
-0.511829127536946,-0.6722172654167037,-0.5891402377112515,-0.29158708645826714,-0.32325624792022734,-0.5120174030528728,1.1710456413939747,Cammeo,0
0.5779722663560203,0.36065602995345897,0.12839096185184998,0.9686134083720028,-0.4690799133777493,0.5280405233793822,-0.09595107276680725,Osmancik,1
0.4257589011973107,0.7151360177744033,0.8178411714344507,-0.12124440067417513,0.9561635349265141,0.43446349585214405,0.6677262521096181,Cammeo,0
-1.2954675169852075,-1.3660204416642407,-1.342819754389711,-0.7854621119087121,-0.8916996672055868,-1.267398227670337,-0.8285339410135494,Osmancik,1
1.0924881660750043,1.2229161563288544,1.111310998150489,0.7392443941806056,0.6676636010996987,1.1064141995417094,-1.3148872481897396,Cammeo,0
0.931014672237438,0.8972646950635365,0.6497699683174478,0.9996394724493968,0.07065855650731873,0.9525194494517334,0.6325854203781236,Cammeo,0
-0.7983143585390801,-0.9423422435217352,-1.0245389105560274,-0.27729175431794734,-0.9029620744548124,-0.8322086779653501,-0.2571396513554683,Osmancik,1
-0.5436608198705165,-0.5531797915631969,-0.549056277797733,-0.35020478156634144,-0.22795145885882442,-0.5255466118519915,1.467893457526739,Osmancik,1
0.20467332898960325,0.14726303405801655,-0.1307515558179351,0.6880627317852948,-0.5564789454543306,0.1593695836033959,1.7864371255206828,Osmancik,1
0.1525851051710334,-0.3538500962790862,-0.7539684781329393,1.5891292232536711,-2.2478437036620944,0.19488375670108266,0.5078990635428208,Osmancik,1
-0.49273011213680373,0.023714770854071338,0.34381447383571806,-1.4298631581303773,1.3810048122000502,-0.4240775458586008,1.3916887833114036,Cammeo,0
1.7545873666132696,1.7564426767064953,1.4838840213153588,1.582384723816534,0.46297959701769265,1.8572852878928008,-0.7097651956500529,Cammeo,0
1.800888010007554,1.7399128053453494,1.6937704489551249,1.1683353250375916,0.8816780036536389,1.8223348318284105,1.135040924776085,Cammeo,0
0.25444652063845885,0.7203188087225395,1.047563517591582,-0.8433541070773495,1.5513913607623353,0.387674982088525,-1.2122623516407514,Cammeo,0
0.10570570373432059,0.04178443213563684,0.17469771584649754,-0.020678242400233082,0.31027924156503395,0.052827064310335625,-0.9798564914041036,Cammeo,0
-1.0604917517592147,-0.9951798653273718,-0.9453991196866682,-0.8456487402191848,-0.30387883051000464,-1.068406114916632,0.2626452295984204,Osmancik,1
0.9553225100194371,0.8937627630735058,1.0169148191040667,0.5013323473688317,0.7358715370873095,0.9153141252541568,1.9452315088527632,Cammeo,0
-1.0749607028199286,-1.0189923188884886,-0.696925618192104,-1.312320267939891,0.3572551463754969,-1.115194628680251,-0.932187014842506,Osmancik,1
1.1549940346572882,1.1970577742393822,1.1233610180527596,0.8371305193448784,0.6168494770714417,1.1751876776038963,0.25682171987316776,Cammeo,0
-0.16283802795252825,-0.5161991845571451,-0.8297738202556617,0.9821352072435469,-1.7813610443296377,-0.11459689457875907,-0.2507754422504273,Osmancik,1
-0.22534389653481202,-0.07840211315209726,0.05493463300870262,-0.5975645942563209,0.5961821428217811,-0.17773320230797998,0.33367122245013386,Osmancik,1
1.429904104810851,1.5341956750276649,1.4414719592197114,0.8723727497370772,0.8575766241292081,1.4384435321534157,0.5779416160104685,Cammeo,0
1.016670862516864,1.0514052752760978,1.0677540534697683,0.5896846066620818,0.7237950489882999,1.0584982517114971,-1.0930423806892717,Cammeo,0
-0.19293344615881303,-0.39721728335484724,-0.47816242968723777,0.31225129648187877,-0.6821426439523709,-0.21042879023918365,0.9219282365603305,Osmancik,1
1.223866241706286,1.3147503899336317,1.304067751800478,0.6625744005790815,0.8730814245392516,1.1751876776038963,0.02694195160343429,Cammeo,0
-1.360867175779634,-1.4281865741982036,-1.295180789228717,-1.1562633476302506,-0.48851179394341493,-1.3463186123318631,-0.506414406650563,Osmancik,1
-0.3081062966020952,-0.3397577268963528,-0.6998984792121001,0.5979174059750154,-1.2295260209725074,-0.2605996062025824,1.4618478059735562,Osmancik,1
1.3129949802402832,1.4645494636409726,1.4607066836855467,0.5576690760005969,1.0561292235010806,1.3527585430923301,-1.2869097190832013,Cammeo,0
-0.05750406423053151,-0.2377536981203301,-0.19888426777006088,0.0838977155390721,-0.16326929556567724,-0.09599423247997077,-0.12246771082438797,Osmancik,1
-0.7271271193203679,-0.9656229095589755,-1.1837899870301787,0.33622672781434826,-1.7218614802491654,-0.7200289883393237,-0.5741769200787608,Osmancik,1
1.6098978560061312,1.476483904229068,1.4166252189772621,1.2794261824331974,0.5922263978475049,1.60924979324229,-1.0382790208239459,Cammeo,0
-0.08817824047924484,-0.4245051650261859,-0.6022628226532686,0.7148657962151156,-1.1950651759864577,-0.08190130664755539,0.08413807301491208,Osmancik,1
1.5207691174721338,1.9697800999507287,2.228007166461779,0.11263871314049904,1.8021741262039863,1.6193966998416292,-1.940291312414925,Cammeo,0
-0.39665627709366386,-0.27481809158512766,-0.09024327488544308,-0.6758909877196105,0.5111508247660347,-0.3879996557276174,-0.9714521255807457,Cammeo,0
0.4315464816215962,0.19875494274053093,-0.1288530024291408,1.1210117623203015,-0.904888350268373,0.4158608337533558,0.16926313000806828,Cammeo,0
2.0723255319065457,1.9119845426933861,1.5272222707686427,1.9718341246484585,0.2576277026610443,2.121668576508913,-1.010562199834909,Cammeo,0
0.7475483727875865,0.7706907147422267,0.7257147177564653,0.5523513764443841,0.4465632553744463,0.7586007899976978,-1.2236370930868838,Cammeo,0
0.8650362554005828,0.7370444668087139,0.7521628995448547,0.686299731932423,0.382319663806708,0.8764176499566904,-0.839597838165738,Cammeo,0
1.6237880490244165,1.41322512787595,1.2861905060770658,1.443458968743883,0.37694214382718466,1.5957205844431712,0.21584272322638354,Cammeo,0
-0.2120324615589553,-0.18651314881405487,-0.5597392347045834,0.3768577244234982,-0.8428003530634287,-0.2093013561725904,-0.5709805459990989,Osmancik,1
-0.6044304143255146,-0.7639677125627351,-0.9956728831256425,0.3318902948429109,-1.4216577009658502,-0.5621882190162715,0.611444151760978,Osmancik,1
-0.5540784646342304,-0.33687222385280946,-0.143380116082831,-0.9233341670692994,0.6335524669012298,-0.571771408582314,-1.0955052239412892,Osmancik,1
-2.358067282884032,-2.260609316657564,-2.0090333782330774,-2.5264873332785363,-0.2120625498788149,-2.3548083848995076,-0.7748920888489542,Osmancik,1
-0.7022405234959401,-0.5670190916419632,-0.4527118815060863,-0.7898737115405431,0.22287734300658724,-0.6974803070074591,-0.15316956262623635,Osmancik,1
0.05361747991575077,-0.1432853208482487,0.09102370201463526,-0.08746313682671573,0.27375166315401805,-0.014255262651961576,1.470401037674659,Osmancik,1
-0.9244836117885047,-1.1288970687386977,-1.1280052781189078,-0.37392737958657774,-0.9618912086440665,-0.9443883675913766,1.6496378684568547,Osmancik,1
-0.791948020072366,-0.844849004096154,-0.8847229565648879,-0.3455676819533295,-0.6522280392048733,-0.7527245762705275,0.6307704907909024,Osmancik,1
-0.9916195447102168,-0.5770204589318491,-0.5383558949763458,-1.3532983978534043,0.5528610023897256,-0.9410060653915969,0.011594111005675806,Osmancik,1
-0.7959993263693658,-0.7806369430338358,-1.0085218812094303,-0.14941413165661033,-0.9958160215212832,-0.7561068784703071,-0.1807012654253313,Osmancik,1
2.1851833501801132,1.785550776445896,1.6179755623811247,2.0361849859447396,0.2978616421240451,2.214681887002855,1.7437141612594886,Cammeo,0
-1.7359023872733368,-1.5275855280783206,-1.154821146704026,-2.20599309335864,0.5546525535556115,-1.7178081372743326,-0.4832908307494573,Osmancik,1
0.5148876397313079,0.6705915454568766,0.8739804977065508,-0.1620421306027437,1.0263923406292443,0.48181572664905975,-1.2180619502664698,Cammeo,0
1.008568249922864,1.4968790672227665,1.4345181480237557,0.08285221562632404,1.3060921751292278,1.080483216010065,-0.1488185138368125,Cammeo,0
-1.9425190084203303,-1.9319047794312105,-1.7936560449227321,-1.8023125937143656,-0.5891339068651674,-1.9156728159614445,-0.33532200490001535,Osmancik,1
-1.8140347230011915,-1.899770962574447,-1.5425904386408031,-1.9441999152065266,-0.11805341062058071,-1.860428546698376,1.9243771734300275,Osmancik,1
-0.7867391976905089,-1.130718141770623,-1.3694308684790204,0.37538992454599307,-2.0745390765608147,-0.7899299004681041,1.0901466784120317,Osmancik,1
-0.133321367788672,-0.29151553586376683,-0.09480973578984095,-0.13689136603502805,0.11724175330221945,-0.1935172792402852,-0.4736461730534892,Osmancik,1
0.9009192540311531,1.4419690130089657,1.4499880036538957,0.19097603993620957,1.2566568288782365,0.9711221115505217,0.2604531216991929,Cammeo,0
0.47958339914316617,0.388420126497467,0.4994034943699383,0.27154103321267736,0.4232358259536782,0.43446349585214405,-1.1028220203987391,Cammeo,0
-0.07486680550338812,0.07173296135409028,0.264275629523462,-0.48587103691101335,0.7142496643764649,-0.03342164178404649,1.7421044043327862,Cammeo,0
1.311837464155426,1.0851361646322195,0.7585137740978302,1.5523002929938872,-0.20570755958318418,1.3488125238592539,1.0036108665463606,Cammeo,0
-0.7936842941996516,-0.7498206254926574,-0.7245369797758318,-0.746320781841909,-0.11727659403505254,-0.8299538098321637,-0.07535667413578144,Osmancik,1
0.7353944538965869,0.7011565036218174,0.6470611099026857,0.6593777675125224,0.3012211588703145,0.7450715811985791,-1.04684922169246,Cammeo,0
0.6260091838775902,0.5550833624370725,0.5497844271833146,0.4715335498556832,0.3355759440273439,0.5776476223094843,-0.371301267766788,Cammeo,0
0.1369586380254625,0.04960051178721414,-0.40055786188858156,1.0179774042523448,-1.1795374437214907,0.18022711383537066,-0.7304614092855468,Osmancik,1
0.9460623813405803,0.8012556729071675,0.9111508447094985,0.6042587387791344,0.5797801335878618,0.9344805043862418,-1.1535821994065734,Cammeo,0
-0.19351220420124157,-0.32701107063674156,-0.5154835108509297,0.4507315182583784,-0.847223334581768,-0.2002818836398446,0.7314963832414043,Osmancik,1
0.7440758245330151,0.718637949764434,0.6315293922759413,0.6541434346160191,0.2898985555019151,0.7518361855981384,-0.060756248229913,Cammeo,0
-1.4222155282770608,-1.3748453786762256,-1.1494234696762191,-1.499531718982871,-0.00809229978129781,-1.4635717552575591,-0.7728064239089433,Osmancik,1
0.5623457992104494,1.0267515372720633,1.2511827150681483,-0.4877269700894602,1.4944630309151425,0.5900493970420099,-1.6027630027166577,Cammeo,0
-0.9615241265039322,-1.048969061914479,-1.164558747747249,-0.39653614436643536,-0.9937120238320668,-0.936496329125224,0.9625431674335626,Osmancik,1
0.347626565469456,0.5564282205963299,0.6727320959027291,-0.25178428978,0.9176408851371729,0.4468652705846696,0.8547488454304495,Cammeo,0
-0.8185708900240793,-0.6956663593353004,-0.6320872753831835,-0.7939873778639047,0.027755922427614155,-0.8181157521329347,1.721589452258277,Osmancik,1
0.6838849881204455,0.8515993651193178,0.6859749196550525,0.43477158625697737,0.48770300310691905,0.7180131636003415,-0.02021690728424054,Cammeo,0
-0.4556895974213763,-0.2232133276724674,0.01668213671301308,-0.8061247435176504,0.7033885645883924,-0.4731209277554063,-1.4303207808311178,Osmancik,1
-0.14836907689181442,-0.28826581821383845,-0.32141894231494744,0.09645191449136443,-0.3145450095312234,-0.17265974900831044,-0.5051640875426644,Osmancik,1
2.2592643796109684,2.184741954537994,1.9754472880083103,1.672372882973258,0.808972557619188,2.325170425528991,0.6711941328678613,Cammeo,0
1.6984478364976998,1.5516771211702813,1.228519441917175,1.7215646788679686,0.14475711272836256,1.697189650436562,-1.162676901813256,Cammeo,0
1.273060675312713,1.4468995896169996,1.3372118412496719,0.7209925623704745,0.8646568343367894,1.28116647986366,-1.1215629231529725,Cammeo,0
-0.23113147695909755,0.029149776142308306,0.16502371939133245,-0.7054246519215523,0.7710776673583679,-0.2341049056376415,-0.9110133505421206,Osmancik,1
-0.5477121261675163,-0.7337669690041793,-0.9022194460556685,0.10267434730540613,-1.0725689399497038,-0.5999572602471447,-0.4057093399964296,Osmancik,1
-1.0622280258865004,-1.1768596865875076,-1.1699363849733382,-0.44263244051948003,-0.9590705904884956,-1.0610777934837758,1.6174974940540001,Osmancik,1
1.6318906616184161,1.6341264164316585,1.5443048947891735,1.112463263033712,0.7972199819709707,1.6628029114054685,-1.0812603792252673,Cammeo,0
-0.8370911473817931,-0.7548632023669725,-0.4754317888793046,-1.047583290033452,0.3918593154548176,-0.8682865680963335,-0.823791058722082,Osmancik,1
-0.6443647192530848,-0.7252788877549057,-0.45937816511217977,-0.8213904089103247,0.23951727023533617,-0.6918431366744929,1.3151501250283815,Osmancik,1
0.4894222858644516,0.5143768229084247,0.18971711158585533,0.8892182816645707,-0.3382766128950153,0.5539715069110265,-0.8559900538850848,Osmancik,1
0.37598570954845506,0.2208036058486612,-0.0875553275681253,0.9357218444502912,-0.7019443006786753,0.3617439985568807,-0.6807564039603807,Osmancik,1
-1.0709093965229288,-1.0792535919317807,-1.2223683479277083,-0.5057492019187525,-0.9765675957950044,-0.98046625772236,-0.11305753616901289,Osmancik,1
0.04898741557632234,0.014777833575800486,-0.20202093238670074,0.5859358403082675,-0.5613605640711367,0.06579255607615778,-0.5142186810081929,Osmancik,1
-0.2554393147410968,-0.6159059254285734,-1.0915764037795055,1.2533788846069709,-2.494865644896318,-0.21832082870533626,0.5451679831328547,Osmancik,1
-0.1396877062553861,0.23399826317340336,0.2945052347663599,-0.5538886645679518,0.7864162118202119,-0.06949953191502986,-1.119323764380468,Osmancik,1
0.3673043389120268,0.46316534237354945,0.5396991791450817,-0.025364542009139072,0.6577742386640081,0.3358130150252364,-1.106089356451212,Cammeo,0
-0.6576761542289415,-0.7836070874999882,-0.7701379842317346,-0.3505300482058631,-0.4992381690838074,-0.6912794196411963,-0.4550055426521409,Osmancik,1
-0.8550326466970782,-0.8710989596356835,-0.7836090874644899,-0.5332547329566183,-0.3632551358702639,-0.8897078153616049,-0.9032337586098163,Osmancik,1
1.4993550699022775,1.185459334450135,1.2384400150630372,1.1277193617605203,0.5341142109898948,1.4147674167549578,1.8666318680550558,Cammeo,0
-1.2005511980269248,-1.2568723348343387,-0.9399212834519918,-1.3425727987485065,0.1108666976335308,-1.2454132633717692,-0.9868994672055978,Osmancik,1
-0.011203420836247226,-0.016991768674578106,-0.04128516799400361,0.052624284815655425,0.034047850122205695,-0.043568548383385565,0.024543899717896493,Osmancik,1
0.8667725295278684,1.6465934995074953,1.78576533697836,-0.5343234662007608,1.8608424105434929,0.9643575071509624,-1.5354887385144314,Cammeo,0
-1.2179139392997813,-1.560279346266498,-1.7675642230866226,0.0798687825419724,-2.4883071343882426,-1.2036982029078196,0.40265705858353035,Osmancik,1
-0.01814851734538987,-0.09296984244363525,-0.4807336233771583,0.8982314475790458,-1.1862794090689528,0.08777752037472576,-0.049801108014315254,Osmancik,1
0.5646608313801635,0.6599173216054296,0.6060631607717066,0.22644240364303936,0.55217018026016,0.5353688448122382,-1.1218251739220568,Cammeo,0
-0.8486663082303642,-1.1432690113052055,-1.0897893762437458,-0.3186703175313759,-0.9577405429029419,-0.8818157768954523,1.8950984177133567,Osmancik,1
0.9385385267890091,1.400842686222724,1.3610112840284545,0.19284973977984038,1.1908682035850382,1.019038059380734,-1.578830306060348,Cammeo,0
0.9611100904437226,1.062724141881569,0.9712833192977274,0.795858556122551,0.5101733544499273,1.0449690429123784,-0.45254887000645483,Cammeo,0
-1.3788086750949191,-1.082055308516578,-0.9381987318000186,-1.6754148709712513,0.3760048042571931,-1.3812690683962534,-0.6670915962395098,Osmancik,1
0.9570587841467229,1.1981222042510005,1.0154597552402365,0.7784567909081419,0.5602937898667533,1.0517336473119376,-1.24064636943937,Cammeo,0
-0.6993467332837974,-0.7613626376668309,-0.8407713149199031,-0.23435929123419907,-0.6901888585485979,-0.6749316256755945,-0.2932631521452373,Osmancik,1
0.8991829799038674,1.4430898706356576,1.4469201713996718,6.912253496722133e-05,1.3608333793131069,0.979577867049971,-1.7654132436800676,Cammeo,0
1.2811632879067127,0.8953871944165376,0.8168827461349225,1.3813275739290412,-0.026142536087832166,1.2101381336682866,1.6782046904680408,Cammeo,0
-0.9250623698309333,-0.8294117765541632,-0.7755278195979997,-0.9096702348762863,-0.04579800223900035,-0.917329949993139,-1.0291866323946375,Osmancik,1
1.8101481386864107,1.6660918054070657,1.8517398494150865,0.9343128112345483,1.1314804322973173,1.735522408700732,-1.1332855325310374,Cammeo,0
0.6526320538293037,1.1110227605292287,1.348935125254377,-0.44479314033915934,1.5374946566787961,0.7230866169000111,-1.666973560875347,Cammeo,0
-0.09280830481867328,0.5325593394201392,0.8655829494912157,-1.1475276150259557,1.5958734263498902,-0.10501370501271662,0.23141424830365503,Cammeo,0
0.7336581797693011,0.7778630066036446,0.8276258224469267,0.33400316133324875,0.6793101169188902,0.7151945784338585,-1.1767350856877532,Cammeo,0
1.0681803282930051,0.7238489545201071,0.6378035928049527,1.2357188194141182,-0.10712638174960898,1.039331872579412,-0.6620972617400381,Cammeo,0
-0.6374196227439421,-0.9977567264157391,-1.1691295651302795,0.5177856459957256,-1.8779930144947288,-0.6867696833748235,1.8588291363490086,Osmancik,1
-0.8318823249999361,-1.0426098406884403,-1.1143607870365102,-0.1710593965168766,-1.1289870360248522,-0.8874529472284184,-0.43677680022341303,Osmancik,1
-0.5616023191858016,-0.8526086561326576,-0.8468860683309035,-0.08734697016974373,-0.8264327416118944,-0.5898103536478057,-0.6615735315276612,Osmancik,1
1.0959607143295758,1.2096086437739648,1.2743365277133354,0.4112785882175799,0.9987279241460941,1.1058504825084128,-0.46395600713582713,Cammeo,0
1.8118844128136964,1.7952443567444722,1.8447903946977684,1.0422917688898596,1.0665259532269502,1.75581622189941,1.9717674300551296,Cammeo,0
-0.9898832705829312,-1.3329897677133506,-1.5561904936411315,0.2656889670343935,-2.293552623488043,-1.003578656087521,0.40497566391255146,Osmancik,1
0.6607346664233034,0.9964387934472232,1.0415716168780653,-0.031637541485627405,1.080009883921885,0.6937733311685871,-0.2981934666040207,Cammeo,0
0.4141837403487396,0.7339341082687404,0.9500420007729656,-0.4679718050714561,1.2673488062362441,0.41416968265346593,-0.15851407903501455,Cammeo,0
1.363925687973996,1.4505699494883868,1.6086553119910605,0.5330089447252688,1.1794309409420223,1.3910913013565,-0.6877584994949295,Cammeo,0
-1.014769866407359,-1.0981927514638006,-1.032146193547114,-0.7469357817905843,-0.4989343220060731,-1.019926450053123,-0.7260424838264776,Osmancik,1
2.479771193776247,2.28770012298708,1.8023582928004003,2.3280051949242875,0.27860175047030455,2.5382554641151116,-0.9105937493115859,Cammeo,0
-0.10206843349753013,-0.646079310143457,-0.9059215815990341,1.1019481305779188,-2.0208011410298314,-0.16082169130908153,1.8854776711169228,Osmancik,1
0.3678830969544553,0.5522542870086029,0.8670650235225812,-0.4927699696685979,1.2193037036899803,0.37358205625610963,1.0960072117752726,Cammeo,0
0.9877329603954361,1.1935558422493515,1.4564373346240032,-0.06815623843796831,1.4050660609783652,0.9243335977869026,1.4729541260442731,Cammeo,0
0.8858715449280107,1.173777108202142,1.1454274536308469,0.24080880244409497,0.999031771223839,0.9598477708845894,-1.251475012225174,Cammeo,0
-0.12695502932195793,-0.5627331577879534,-0.774410818476184,0.869680416628432,-1.5888882529943102,-0.17660576824138674,-0.33141755374382614,Osmancik,1
0.5374592033860215,0.18704450268500103,0.09998584986096609,0.9492327099894143,-0.48721614414024617,0.45532102608411884,-0.6897662605300067,Osmancik,1
-1.1293639588082127,-1.342543133938107,-1.1305816995831894,-0.9117544013690193,-0.48494302402097006,-1.1817132386092515,1.7513981087936563,Osmancik,1
1.2423864990639997,1.2765377799984716,1.2281273588400945,0.9691354749951006,0.6240558124811014,1.3020240100956348,1.4529089113767413,Cammeo,0
-0.06039785444267427,-0.27296880474566726,-0.8110122093695017,1.2232329537894564,-1.9837002662457321,-0.0001623368195461973,-0.0998778923709478,Osmancik,1
-0.5743349961192298,-0.3695386831973146,-0.4606485142819202,-0.5303519331988708,0.015768295266437932,-0.530620065151661,-1.1045791005516032,Osmancik,1
1.0415574583412917,0.4142502947794024,0.11902191890108238,1.9578134924852113,-1.2741227458346738,0.970558394517225,1.332643793977882,Cammeo,0
-0.52224677230066,-0.6735339097684242,-0.8675967677580164,0.18855567347153399,-1.1007378572411621,-0.5373846695512204,-0.5922930489419406,Osmancik,1
-1.2925737267730648,-1.3665522291881158,-1.216512369347581,-1.0585931557812929,-0.46990832663685494,-1.2876920408690151,-0.36968919686271146,Osmancik,1
1.3864972516287095,1.1991592754189466,0.9636690659408262,1.4703986998289675,0.05839861356892784,1.449717872819348,0.7591345289997158,Cammeo,0
0.3742494354211694,0.3915296300735758,0.007961337783016772,0.7914018564944811,-0.4725082256887887,0.3826015287888555,-0.6444439283517128,Osmancik,1
1.560703422399704,1.1189790542546256,0.896913001237116,1.8930430645572809,-0.3017289691109415,1.5032709909825264,0.9930599010454692,Cammeo,0
-0.6877715724352262,-0.8352109964487868,-0.9339964725094436,-0.09413793626967196,-0.9405043874461861,-0.6940980048076795,-0.6233427686757212,Osmancik,1
1.09422444020229,1.2885560070453113,1.5934869246824122,0.007849555218986412,1.457359289649183,1.0353858533463358,1.8667791912812177,Cammeo,0
1.9397899401904066,1.638302059947115,1.22677249398485,2.0094215548449443,-0.04759815285048258,1.8837799884577415,-0.8365349034479924,Cammeo,0
-0.9192747894066478,-1.0746872299301318,-0.7910734779563736,-0.9043033353241796,-0.06836294748356736,-0.951152971990936,1.0257232343349092,Osmancik,1
0.1676328142741758,0.41929287165372064,0.6362056364419201,-0.6051960602861055,1.106908949746958,0.15711471547020942,-0.27425691331875385,Cammeo,0
0.434440271833739,1.0366417592595312,1.1503311059815324,-0.4606560390153249,1.4089673427971985,0.49196263324839884,-1.6742340505500228,Cammeo,0
-0.5575510128888017,-0.7062285829204662,-1.0086177237393832,0.48250378227349844,-1.5846487263153577,-0.5063802327199066,-0.16705342687187172,Osmancik,1
-0.6588336703137986,-0.7579727059430829,-0.8382750526624914,-0.17838882923853389,-0.735367479229444,-0.6399811696112044,1.0707879436988674,Osmancik,1
0.21682724788060287,0.7445519045051169,0.9815193014967061,-0.8523317396614566,1.5105525936257314,0.289588218294914,0.2735486909859927,Cammeo,0
-0.8029444228785084,-0.6087344885310203,-0.6709732036722896,-0.6890355866226312,-0.10030128842804978,-0.7769644087022819,-0.12661821490804154,Osmancik,1
1.104642084966004,1.2207026548830076,1.3089870874742464,0.4477371518416059,1.0041427083898677,1.1058504825084128,-0.17803170686121217,Cammeo,0
0.03741225472775127,-0.5198695444285323,-0.7224632959459398,1.0861453652300657,-1.7119721178134748,-0.03793137805041941,-0.3927526093520861,Osmancik,1
0.7180317126237302,0.7837177991494771,0.8868355948604265,0.22218250399854825,0.8003702455410753,0.7383069767990197,1.1198126396759973,Cammeo,0
-0.701083007411083,-0.1594501226391448,0.18979988467990724,-1.6558934059337438,1.400333499418566,-0.6907157026078997,-1.1990156024988323,Osmancik,1
-1.9211049608504738,-1.6357247775478134,-1.1688263542173374,-2.584950765899485,0.9483495053613912,-1.9218737033277071,-1.1295114354335989,Osmancik,1
-0.7641676340357954,-0.9119739270456878,-0.9905487929560652,-0.07802357094782578,-1.0349606978754253,-0.7482148400041545,-0.247334557894884,Osmancik,1
-0.3578794882509508,-0.07789768447189424,-0.053254157393679225,-0.6363738243508393,0.5193833606835139,-0.33670140569762547,-0.8403753345634934,Osmancik,1
0.9958355729894359,1.0635919302042938,1.2206298591105924,0.3024891972965724,1.0211667441885934,0.9423725428523944,-1.4656837543905425,Cammeo,0
-1.0761182189047858,-1.266985702390509,-1.3874989279666115,-0.2669775218453858,-1.4554707210503155,-1.1140671946136578,0.7203252718042078,Osmancik,1
-0.8874430970730772,-0.9281943014877928,-1.0696554745878044,-0.3289271500087278,-0.9198599850514488,-0.8953449856945711,-0.34051225615050873,Osmancik,1
-0.28090466860795316,-0.5067860324062081,-0.3503747132051992,-0.20745509347948243,-0.10995846583264153,-0.3541766337298205,0.26706724036065527,Osmancik,1
-1.8279249160194768,-1.6664581635941107,-1.5673212965515804,-1.8360897575621673,-0.24585263810835706,-1.7544497444386125,1.4957977106830918,Osmancik,1
-1.2827348400517793,-1.081411520726417,-1.0844239371578324,-1.02501415858362,-0.32736678291523613,-1.226246884239684,1.079304151761982,Osmancik,1
0.6798336818234457,0.7101490135512956,0.26486811061771515,1.1546987261756305,-0.45407961377601924,0.774384866930003,-0.9844389379309547,Cammeo,0
0.06924394706132171,0.41808822756828123,0.7652759002338766,-0.8657510385415522,1.3624414756396062,0.10581646544021744,1.5259982007205144,Cammeo,0
-0.447008226784948,-0.5748360262574053,-0.8258852274267511,0.3294029617171573,-1.1682664370266689,-0.4426802079573891,-0.5382755611169219,Osmancik,1
-0.425015421172663,-0.3245735686583291,-0.34981795523574344,-0.4143738762111251,0.04983929871879101,-0.47142977665551644,-1.008065418248069,Osmancik,1
-0.10611973979453,0.11297214337047963,-0.06618679986724413,0.10962384672543733,-0.03539267306753462,0.016185457146055644,0.16159923694447756,Cammeo,0
0.2052520870320318,0.3295874980721783,0.5392522044372084,-0.33982358243270194,0.8607240212174312,0.1520412621705399,1.3824313311627305,Osmancik,1
-0.11306483630367264,-0.7347758263645885,-1.0544992854193302,1.4092690715971927,-2.5907523297764006,-0.1602579742757849,0.969650163275745,Osmancik,1
1.1584665829118594,1.3595752903987992,1.6234847652619677,0.10551974706794398,1.4249451127150359,1.1475655429723624,-1.0557850309861092,Cammeo,0
-0.7213395388960824,-0.7238502431369024,-0.9176344100550157,-0.19902412751642,-0.8246354574822776,-0.7149555350396543,-0.5122178619052385,Osmancik,1
-1.2474305994636377,-0.7092816588815013,-0.8496123526602025,-1.353686531154346,0.22223811755059913,-1.1056114391142084,-0.981902818728752,Osmancik,1
-0.5720199639495156,-0.6122919931722599,-0.3275720327379274,-0.7355145494104072,0.3146878906740462,-0.6303979800451619,-1.0809356510670778,Osmancik,1
-0.03493250057581792,0.09871220107025612,0.28849852202549,-0.5259963668956968,0.762661676601502,-0.06386236158206371,-1.0380707628602612,Cammeo,0
2.0694317416944026,2.1965096771724624,1.9862844642588122,1.3803490406773686,0.9817812833577508,2.0946101589106756,-1.4074000636131565,Cammeo,0
0.15721516951046186,0.29451175055679757,0.3234827880497828,-0.10599923527979009,0.5132748878283091,0.1824819819685571,-0.8054227063251065,Cammeo,0
-0.47941867716094705,-0.5533755782882254,-0.500313380950826,-0.2553116561522912,-0.2461507522223605,-0.5024342134868303,1.6780056884138534,Osmancik,1
0.38003701584545496,0.4297422400087374,0.601499313754491,-0.08980560329789243,0.7541224271244177,0.3904935672550081,-0.5907874209970806,Cammeo,0
1.1272136486207176,1.344250918086956,1.368795440052089,0.38865615677219617,1.084260876528294,1.1458743918724723,-1.0474068902396596,Cammeo,0
-0.4996752086459464,0.062431809469436,0.6479498315440679,-1.9025411853498126,1.8689774860775372,-0.48270411732144874,0.9228831378901137,Cammeo,0
1.2747969494399987,1.1554552325804726,1.0223700016498483,1.2378808859003476,0.26947487221081506,1.2744018754641007,-1.015360617583359,Cammeo,0
-0.055189032060817295,-0.5707176653208872,-0.9767875482462705,1.4422795355089766,-2.4851970015642646,-0.03793137805041941,1.0460916345090476,Osmancik,1
0.04262107710960825,0.14213581576108927,0.4377802327930771,-0.5919325613930075,0.9353500101017226,0.05339078134363224,1.659401310324702,Cammeo,0
0.11728086458289165,0.09551805607153671,0.22063068397432847,0.03360985306916693,0.31767476477781126,0.081576633008463,-1.1699967835738716,Osmancik,1
-0.0019432921573903697,0.3285230680605601,0.40227318933267714,-0.5391450657983754,0.8711150179795699,0.0071659846133098,-1.0636294142848932,Osmancik,1
0.267179197571887,0.35418480846113903,0.2199789547706449,0.5479343101463428,-0.051367576503506665,0.3414501853582026,-0.3044280929761024,Osmancik,1
-0.8880218551155058,-0.7635197114976042,-0.37383609324196115,-1.450140389771479,0.7831828202760263,-0.9201485351596221,0.2835219334691075,Osmancik,1
2.1568242061011142,2.0225895079488283,1.8757301059580453,1.6163026543192547,0.7639945906689211,2.1831137331382444,-0.046006185120508254,Cammeo,0
0.19309816814103217,0.32902664177689994,0.4261919996260345,-0.23179269144839404,0.6917305828417445,0.1565509984369128,-1.041874170337774,Osmancik,1
1.1671479535482878,1.4719731148786281,1.4470717768561445,0.44782598516752564,1.108961350762597,1.1960452078358712,-1.4989957726705703,Cammeo,0
-0.22650141261966913,-0.2857445297766785,-0.3907017646265042,0.23743176939259114,-0.510933415094711,-0.2572173040028027,-0.11265798940905515,Osmancik,1
1.6799275791399861,1.76378168652154,1.8955364004206912,0.6975186976628162,1.2914387198332131,1.6554745899726124,-1.4021743313762576,Cammeo,0
-1.8944820908987603,-1.809785160845267,-1.5071923071462587,-2.1452980650905955,0.10032377733252502,-1.8998887390291392,-0.7092383801345102,Osmancik,1
1.6185792266425596,1.6087168903711817,1.8108865353747639,0.6795374658300971,1.2424276128983092,1.5613338454120778,2.1336039223085868,Cammeo,0
2.462987210545819,2.2051379724955558,2.086442521946859,1.7978342391695774,0.8224220905317272,2.4570802113203993,1.166976897844212,Cammeo,0
0.20293705486231758,0.35054266239728876,0.5117941909014054,-0.3241916504039278,0.8271374532003337,0.1892465863681165,-0.677909440464234,Cammeo,0
-1.148462974208355,-1.3642831550910615,-1.4501337638823402,-0.30990725159602883,-1.513620172172176,-1.1687477468434293,1.134858891889309,Osmancik,1
-1.069173122395643,-0.8061028967093862,-0.3727487161748582,-1.8304686580312748,1.0464892449876815,-1.097719400648056,-0.9550514252776932,Osmancik,1
-0.885128064903363,-1.0501181333487077,-1.226031275163366,0.0512125182668074,-1.5104068460010431,-0.9252219884592916,0.3682050207837776,Osmancik,1
-0.5396095135735166,-0.09932906366967244,0.3099228126528893,-1.5530408145172823,1.4297120720572254,-0.5700802574824241,-1.387689604339103,Cammeo,0
1.5740148573755608,1.8033682233873607,1.5169374960089623,1.1910766564730526,0.7285218775843841,1.5720444690447135,1.756198069193689,Cammeo,0
-0.01872727538781842,0.5457822105524183,0.8718902592578489,-1.167218546715987,1.6112664339671772,-0.008618092318995425,0.17594589666496743,Osmancik,1
1.92242719891755,1.7091238466478433,1.5389359705203527,1.5299785281900782,0.5420600987208322,1.8741967988916992,0.14509672163695705,Cammeo,0
1.6961328043279857,1.0726690815563826,0.768973679298608,2.25675950087008,-0.7063500833058222,1.6458914004065701,0.2404055930542868,Cammeo,0
0.6601559083808749,0.6758581228637587,0.3975864896179762,0.9718483081020376,-0.17092853511007297,0.7648016773639605,-0.9598837813609657,Osmancik,1
0.5229902523253077,0.6018131223929094,0.3926497280296707,0.5078814134889477,0.1561915088895132,0.5218396360131194,0.7685354477455938,Cammeo,0
-0.8926519194549343,-0.9764373474842436,-0.91510329596853,-0.6331922246163589,-0.44509032664606973,-0.8970361367944609,0.5656058026282214,Osmancik,1
0.5449830579375927,0.714464016176707,0.8356077626005582,-0.0068052102246703204,0.900080817229625,0.5765201882428911,-0.3452335413198162,Cammeo,0
-0.6235294297256568,-0.2030148063676639,0.1495625767184641,-1.44147572382792,1.2352900730534142,-0.5858643344147293,-1.0842006731421763,Osmancik,1
0.47726836697345193,0.640698588889632,0.7085345086145296,0.16994167502496077,0.6804681755925136,0.438973232118517,-1.284432220641147,Cammeo,0
-1.0633855419713576,-1.1462391557713596,-1.0163173640775152,-0.848872706616796,-0.39085362327050416,-1.0678423978833353,-0.10290148947333061,Osmancik,1
-0.1524203831888143,-0.43083617244468786,-0.43707735098357414,0.3260655619956792,-0.6413956042354603,-0.2132473754056667,-0.7871168313172362,Osmancik,1
-0.20161481679524135,-0.5968838344016708,-0.8467405619445203,0.9043158470712738,-1.7337946442548986,-0.23354118860434486,0.2820594997685672,Osmancik,1
-0.43948437223337683,-0.5354461310804779,-0.9660462145257215,0.6391210358697097,-1.6679372233969303,-0.44888109532365184,-0.6627274349116318,Osmancik,1
1.483149844714278,1.5880977268449195,1.5192272611791087,0.8706917498773646,0.9194868994584965,1.4880506310835178,-1.5426412425783078,Cammeo,0
-0.7311784256173678,-0.43268545928414825,-0.2396086300428073,-1.1310920830642457,0.687015220173138,-0.6873334004081201,1.6643917881952166,Osmancik,1
1.489516183180992,1.3508067810018864,1.3057824617909095,1.0358178694301348,0.6484667720469973,1.4266054744541867,-1.138525148632182,Cammeo,0
1.131843712960146,1.3096522404081061,1.4471432231057442,0.24264560229080528,1.2255526341565908,1.121634559440718,0.39877266189791816,Cammeo,0
0.2822269066750294,0.21192224122160094,-0.1806123250823847,0.8741398495896043,-0.7681628982516864,0.3369404490918297,-0.0790991468757716,Cammeo,0
1.5462344713389904,1.2272020901828642,0.9055048483995409,1.8772430325425356,-0.2815460702965365,1.5709170349781203,0.0162305503379266,Cammeo,0
1.1040633269235753,0.8314564164657232,0.43625807915827836,1.6914501813811667,-0.6647717638479405,1.1340363341732436,1.4118103592322864,Cammeo,0
0.09818184918274939,0.03559278382709135,-0.2356721159489202,0.6443827020972653,-0.6499147883394812,0.1480952429374636,0.35865909278911184,Osmancik,1
-0.08065438592767366,-0.33835729608588644,-0.580277417577781,0.7023498639262964,-1.1531170803679371,-0.09824910061315724,0.9321714430704438,Osmancik,1
2.615779333746957,1.8663192127491675,1.210940179332344,2.6300697655488943,-1.0821573217895255,2.605337791077409,-0.7283340927527988,Cammeo,0
-0.9540002719523609,-1.0333924752625334,-0.9315995379648923,-0.6597383557342913,-0.4436312873765722,-0.9522804060575292,-0.14253143731091394,Osmancik,1
-0.5100928534096604,-0.06764410284190446,0.3900210288217768,-1.614427376060948,1.5261806527559878,-0.5503501613170426,-1.194325170361182,Cammeo,0
0.6092252006471621,0.9716739101407708,1.351708459552924,-0.6267907584839251,1.6375750045279849,0.5917405481418997,-0.9151337729199086,Cammeo,0
-0.5425033037856594,-0.23517598206809961,-0.24822225959840002,-0.705499818581946,0.3745314325783685,-0.4223863947587109,-1.1911781611321712,Osmancik,1
-0.14142398038267176,0.014525619235698176,0.25093957712836934,-0.6368357576456221,0.8024226465567142,-0.17604205120809013,0.5336112087999461,Cammeo,0
1.0895943758628617,1.096958604954032,1.1380074992210323,0.5896244733337669,0.7824060036904927,1.1396735045062096,1.41847924202494,Cammeo,0
-1.1843459728389252,-1.371595661026299,-1.2241004838326768,-0.90809720167423,-0.6134044088196579,-1.2414672441386927,-0.5081522036586417,Osmancik,1
-1.176822118287354,-1.0245957520580837,-0.92610950359004,-1.2040461103092182,0.015212197784546928,-1.19862474960815,-0.6240801561323228,Osmancik,1
-1.2028662301966389,-0.6965632164294269,-0.3687172308467466,-2.0266481749924936,1.1818301862633767,-1.2036982029078196,0.7728934384671404,Osmancik,1
0.02410081975189454,0.2081963086990048,0.5242284522192164,-0.6453118236049207,1.0411002590807017,0.005474833513419954,1.220813124108246,Cammeo,0
-0.3740847134389503,-0.47826614780575794,-0.6858863013329739,0.18673800695656026,-0.8476590398253114,-0.3947642601271768,-0.27188971446487303,Osmancik,1
-0.133321367788672,-0.43310524654174387,-0.8194019159232951,1.0502485015591658,-1.8301571651246407,-0.12079778194502185,0.24930515003573908,Osmancik,1
-0.4024438575179494,-0.6651851876291055,-0.7471505890703748,0.2671048335828993,-1.0014744567236176,-0.4037837326599226,-0.5199079800457377,Osmancik,1
-0.00830963062410446,-0.3228362820851498,-0.5772514075184473,0.8428923855306873,-1.2733946594408578,-0.03905881211701264,0.2156468064753618,Osmancik,1
0.12769850934660562,0.39262227389273086,0.7014865974800762,-0.7212410839349291,1.2285423747422266,0.09454212477428514,0.4924733190401285,Cammeo,0
0.9964143310318645,0.9112159954085856,0.6494920249805826,1.223969587061314,-0.08671703086783597,0.9863424714495304,-0.5734225634547478,Cammeo,0
0.03220343234589429,0.220158963094637,-0.03465722139989298,0.2380877693378448,-0.09729721543309218,0.05902795167659839,-0.9995553807912859,Osmancik,1
0.5548219446588781,0.7882559473435892,0.9384947185050848,-0.17725039600020823,1.0865425960931663,0.5567900920775095,-1.3695295099058118,Cammeo,0
-0.9516852397826467,-1.117074628416885,-1.1239328418916328,-0.3908767781720697,-0.940593248384014,-0.9629910296901649,1.3681810871661686,Osmancik,1
0.7961640483515849,0.9074344902347804,1.0745989526998618,0.1284387451552445,1.0104002383020851,0.7772034520964861,1.643707144446594,Cammeo,0
0.6827274720355885,0.6046430527852438,0.9770356136863602,-0.06612400527423451,1.0501554752935558,0.6075246250742049,-0.14521565106507012,Cammeo,0
-0.7792153431389377,-0.7578324918692633,-0.7550358153983249,-0.5025129355221677,-0.3533227762065921,-0.7899299004681041,-0.8673532254443459,Osmancik,1
-0.5436608198705165,-0.16163541027745496,-0.061529724207255956,-0.9966845276145293,0.7611223758397727,-0.4770669469884826,-1.4936898225513633,Cammeo,0
-0.5436608198705165,-0.6690795480330565,-1.0258780920881887,0.5424785772683163,-1.6695223878685062,-0.564443087149458,-1.033480603075496,Osmancik,1
-0.7508561990599386,-0.5618927283089007,-0.7936856225454558,-0.2471663234987246,-0.6172626934105099,-0.7172104031728407,-0.7841102033822647,Osmancik,1
0.7759075168665855,0.7866597298080942,0.48164213097819675,1.1207056290125164,-0.18912209550987819,0.8155362103606559,-1.1166349226715635,Cammeo,0
2.548643400825245,2.635454965047873,2.3654418692314505,1.6737819161890009,1.0932214988395839,2.599700620744443,-0.9055477359840888,Cammeo,0
0.09355178484332097,0.44044467766772444,0.5994587391622208,-0.6484920566728485,1.1040854651095218,0.06071910277648824,-1.353217512068773,Osmancik,1
-1.5460697493567712,-1.7626065448604344,-1.4180918635276039,-1.4825782203977211,-0.3627764333987392,-1.5887169366494076,1.8022647307607071,Osmancik,1
-0.9869894803707885,-0.9646149071624309,-0.9667171122353924,-0.6286029583326884,-0.5156430447995921,-0.9725742192562074,0.5475120422129928,Osmancik,1
-0.12290372302495806,-0.025985133567921103,-0.17970879141364773,0.031320686593542105,-0.10144214821048596,-0.1456013314100729,-0.7823153282656207,Osmancik,1
1.2487528375307138,1.141083290013965,1.132429463977767,0.8914090481484075,0.590641233375929,1.2400151364330072,-0.8009374468479747,Cammeo,0
1.7117592714735566,1.6487787871458055,1.4629476562949946,1.3549591094629483,0.5849770652098638,1.662239194372172,-1.2444798586227481,Cammeo,0
-1.2659508568213513,-1.1872816960988555,-0.8027009194311243,-1.6798018706051354,0.5241044563158567,-1.3000938156015407,1.360999272722218,Osmancik,1
0.17168412057117569,0.11689386261810433,0.06024343787236946,0.22235743731728255,0.017224468054070054,0.1633156028364722,0.6026865187251478,Cammeo,0
-1.0981110245170707,-1.1043561859648108,-1.0864732247073725,-0.7474592150802347,-0.5701606633979686,-1.068406114916632,0.47744634997160246,Osmancik,1
0.6827274720355885,0.7901890206417971,0.9282857464736399,0.09869324763764785,0.9111110394477464,0.6706609328034259,-1.3784738037831668,Cammeo,0
0.9952568149470074,0.9343008747207971,1.2178765646137595,0.21199810484848483,1.072261783439656,0.9525194494517334,1.5900683775851647,Cammeo,0
1.3320939956404254,1.3851532443406307,1.451695743278511,0.6235314705040665,1.0112429839705177,1.3510673919924403,0.9440467749552105,Cammeo,0
0.2613916171476015,0.3795387618704067,0.4216063702156477,-0.037009907703944536,0.5581869256956714,0.28056874576216817,-1.1339303608926679,Cammeo,0
2.3784885363512505,2.2163995565220898,2.362050786262567,1.3164669460086385,1.2792160411590674,2.2981120079307535,-1.1616518098364532,Cammeo,0
-0.7149732004293683,-0.9161760744409516,-0.8640052867719601,-0.31910081749544866,-0.6477190632305714,-0.7442688207710781,-0.3708515848303877,Osmancik,1
-0.2878497651170958,-0.5480252144225974,-0.5446318380968126,0.10240648066109422,-0.591980323357527,-0.32542706503169316,0.8484286018955197,Osmancik,1
-0.6935591528595119,-0.8916061228956614,-0.998829587544003,0.07563621622853355,-1.1875521270171983,-0.6670395872094419,-0.1840434200795723,Osmancik,1
-0.2513880084440969,0.025227201930818843,0.21379101251859278,-0.8929900696016588,0.937795119132913,-0.27300138093510795,-1.1284632036830533,Cammeo,0
2.8276047772758077,2.0378865214169997,1.8751829322415847,2.6300697655488943,0.09304004691249901,2.7304829724692574,1.4069024132214543,Cammeo,0
-0.33299289242652297,-0.42461716529247023,-0.3870431938694807,-0.15384213128707266,-0.1939062537432601,-0.3524854826299307,-0.8174168223817525,Osmancik,1
0.8742963840794397,0.8282066988157949,0.8344933753659232,0.6563328344333033,0.47766458361422676,0.887128273589326,0.6558239238221515,Cammeo,0
2.274312088714111,1.7290427947688722,1.0796733790130089,2.6300697655488943,-0.9264987570517559,2.337572200261517,0.4440957654020034,Cammeo,0
-1.6531399872060535,-1.569972926565074,-1.6068336864682882,-1.2763605376075684,-0.8157493636994831,-1.6231036756805013,-0.4001966745651209,Osmancik,1
0.3105860507540285,0.7069830823601131,1.0920431644470334,-0.848664973300799,1.5847772750488536,0.28056874576216817,-1.6275765534267739,Cammeo,0
0.7660686301453001,1.014033094819989,1.1746271873246121,-0.04790224012826088,1.1909427321135444,0.7732574328634098,-0.07162885658582835,Cammeo,0
0.6995114552660165,0.8066624643878691,0.836963498751528,0.30527446373079536,0.7056444858164866,0.7191405976669347,0.2840310084914474,Cammeo,0
0.8876078190552964,0.8856098276592156,0.8368284479138637,0.6445453354170262,0.48745935214835856,0.8702167625904276,-1.1548309758628892,Cammeo,0
-0.00020701803010470926,-0.04058107666699436,0.11850088405642888,-0.13664536605555794,0.33621803596519745,-0.019328715951631114,-0.2965436007361643,Osmancik,1
-0.4186490827059489,-0.008083045203845715,0.4609331741425374,-1.4848099868781361,1.5016980311434565,-0.47199349368881305,-1.3499764010932087,Osmancik,1
-0.6883503304776548,-0.19996087544276248,-0.3803620982360325,-0.7688953799579513,0.284131193988695,-0.5926289388142887,-1.3327218431390495,Osmancik,1
0.12711975130417708,0.01099547343813061,-0.2506366200574884,0.8133136213325093,-0.8070897219840567,0.1458403748042771,1.2341663162093817,Osmancik,1
-0.4446931946152338,-0.7590935635697733,-0.8832347834634361,0.38487185708801397,-1.302420654810076,-0.4359156035578297,1.4355533097439057,Osmancik,1
0.5038912369251654,0.2698024399015541,0.06905485155795768,0.9356931444526864,-0.5129972820378117,0.45532102608411884,0.9949928434787781,Osmancik,1
-0.8990182579216484,-0.957162187153374,-0.890287051076522,-0.6512404231101508,-0.3982376805558198,-0.8773060406290794,-0.2627973260355647,Osmancik,1
0.23187495698374525,-0.5135094682386303,-0.792051071761894,1.706807413432866,-2.4302838084684604,0.1486589599707602,1.4252391412609815,Osmancik,1
0.0918155107160353,-0.17088098951090025,-0.48525042042512434,1.029790869933119,-1.3085061958103574,0.10863505060670052,1.362910618033367,Osmancik,1
1.9258997471721213,2.0675828362953506,1.936222425681458,1.1970312226427848,1.047091206179419,1.9739747137852,-0.654712588612943,Cammeo,0
-0.8052594550482226,-0.9071827095476087,-0.7183743050998549,-0.6600977890376282,-0.17962544108974982,-0.8429193015979859,1.9925585167629685,Osmancik,1
-0.15878672165552837,0.0002656769354730753,-0.15345055209370906,-0.07629337109221919,0.009020596955245005,-0.17209603197501383,-1.1576424583726304,Osmancik,1
1.359874381676996,1.2454128205021158,0.9578810484273929,1.4635858670641975,0.05735234768805043,1.3629054496916693,-1.0956324926968741,Cammeo,0
0.1404311862800338,-0.1369260996222099,-0.4413144621032245,1.004273838729306,-1.2241571004385805,0.1379483363381245,-0.49914928902113853,Osmancik,1
-0.9267986439582189,-0.7483073394520435,-0.43662166331843405,-1.4445069902416132,0.7192201439310989,-0.9522804060575292,-1.3873124260270964,Osmancik,1
0.7735924846968714,0.5981154036778501,0.3744884398993071,1.0875215984485485,-0.2808810465037596,0.8611972900576818,1.1152440770133918,Cammeo,0
1.082649279353719,0.9687319794821536,1.0239113237906377,0.7786795575562201,0.5675517219499905,1.0663902901776496,-1.034879016735348,Cammeo,0
-0.3619307945479507,-0.13364816816474623,0.04212222934544075,-0.7429683487883522,0.6839022208672891,-0.3772890320949817,-1.267921992075712,Osmancik,1
-0.7763215529267949,-0.5714178807261204,-0.25211346631449116,-1.3517321979841113,0.8286136913610291,-0.8220617713660111,-0.07551016796827485,Osmancik,1
0.17110536252874714,0.16928262839474523,0.1463196140231475,0.15619984283844873,0.1555866812159101,0.19488375670108266,0.19109704918591275,Cammeo,0
-0.06676419290938837,-0.26630179652831876,-0.3163157632428145,0.2930154647538672,-0.46508977062108803,-0.11121459237897938,1.3526720394780025,Osmancik,1
-0.5320856590219454,-0.7910589525451804,-0.8607579675980076,0.13762684438845388,-1.0452055040624277,-0.5768448618819835,0.4040223052343512,Osmancik,1
1.200715920009144,1.1339947846112928,1.3327255395521453,0.5287203450831729,0.9749705224455134,1.1763151116704895,1.9986226801351454,Cammeo,0
-0.7728490046722236,-0.9427346719356571,-0.8711743080124433,-0.4632376721332087,-0.5333493032822764,-0.8186794691662314,-0.6807417487703437,Osmancik,1
1.688030191733986,1.3200733949555876,1.0922113245223144,1.8757670326657148,-0.08992462407523823,1.7281940872678758,1.3713574067752534,Cammeo,0
-1.0055097377285023,-0.8675414549944438,-0.9086077863248982,-0.8936761362110699,-0.21823981829878975,-0.9675007659565378,-0.4260954806637709,Osmancik,1
3.023007961350748,2.4477510683966814,2.1910982081768866,2.6300697655488943,-0.2127992357182272,3.0426412796572584,1.8334478898564042,Cammeo,0
1.0641290219960051,1.155370591157862,1.3155845387179208,0.2899746316743058,1.1011788524979884,1.0432778918124885,0.32451789928330305,Cammeo,0
1.2840570781188556,1.0312623266225016,0.9682390120281299,1.1575441259381685,0.27188844994149663,1.2247947765339986,-0.8798394473559207,Cammeo,0
1.8853866842021227,1.9160473309786952,2.047318729924326,0.8437137521288071,1.3167010245131434,1.8792702521913687,-0.6905445282535536,Cammeo,0
0.8378346274064408,1.2340939538966444,1.6058105314429123,-0.4663400052076376,1.7161796702414651,0.8149724933273593,1.2724302460703527,Cammeo,0
-0.20392984896495556,-0.35830445801445243,-0.5537072543876334,0.5116588798403667,-0.9503966163637421,-0.1642039935088612,1.3292545884503641,Osmancik,1
1.3060498837311405,0.9766044867488047,0.7790510856752992,1.4746148661437726,-0.12961679846567514,1.2890585183298127,-0.6910142656605309,Cammeo,0
1.0160921044744353,0.6512043848597242,0.6638910581624313,1.069027866658605,0.03660188546429274,0.9559017516515131,1.5657106804177803,Cammeo,0
1.9588889555905489,1.859399135227852,1.6645297643621964,1.5739851911841793,0.6198650159938609,2.0275278319483783,-1.3676544169068596,Cammeo,0
-0.2745383301412391,-0.4908170173403406,-1.111766068361965,1.2130963879687344,-2.4892129426577143,-0.25890845510269256,1.1044971947614786,Osmancik,1
0.1329073317284626,0.2195143203406128,-0.16630042147322366,0.5328053114089297,-0.475887807808116,0.13231116600515835,0.8445071815719192,Osmancik,1
0.8488310302125833,0.9030357011506231,1.1757084653216272,0.06730911692346962,1.1247470663954515,0.7924238119954947,1.3487213087743277,Cammeo,0
-0.2183988000256694,-0.40251292953313095,-0.7621098654045819,0.7459533602873746,-1.4553560617756989,-0.21042879023918365,0.09292655908239927,Osmancik,1
1.6261030811941306,1.4990643548610767,1.0207537480765503,1.8734231995279829,-0.1600789012494675,1.6932436312034858,-0.7750355554461591,Cammeo,0
-0.2554393147410968,-0.4543690528220304,-0.6112336834568679,0.33562812786430424,-0.8760372102929452,-0.2679279276354384,-0.4089936452163138,Osmancik,1
1.9033281835174078,1.6036178858817913,1.309186614195694,1.8919005313193,0.10902641627593272,1.8967454802235637,-0.9804712380598687,Cammeo,0
-0.8972819837943626,-0.8723318175286565,-0.8775304103397799,-0.7115787514079635,-0.3315088492107645,-0.8975998538277575,-0.819070544878566,Osmancik,1
-0.7612738438236526,-0.9782866343237056,-1.0676541083032407,0.016470487832861883,-1.2343646423613324,-0.7132643839397643,0.4123140574921612,Osmancik,1
-1.2514819057606374,-0.8677654555270092,-0.7333309675468814,-1.554087681096583,0.501768829620523,-1.2273743183062773,-0.33093624644997743,Osmancik,1
0.6179065712835905,0.8249287673583312,0.975225061165974,-0.04031040742850212,1.0332231669145342,0.617671531673544,0.6922505556479502,Cammeo,0
-1.6346197298483398,-1.6054966751455857,-1.1197602066557706,-2.1104385013331255,0.5179042560409585,-1.6755293597770864,0.7955503622644345,Osmancik,1
1.8523974757836952,1.7804517719565056,1.5923716661520502,1.4764899326539533,0.6190251368072935,1.984121620384539,0.3276124583584969,Cammeo,0
-0.8064169711330798,-0.8017887490478396,-0.7616689897667982,-0.6202143590327569,-0.26438157688641617,-0.8113511477333754,1.1367000465534385,Osmancik,1
0.5229902523253077,0.6245055732911992,0.6103307672417966,0.35736359271704293,0.46935465268638127,0.48519802884883945,-1.20923952586416,Cammeo,0
0.04262107710960825,-0.02464027540866371,-0.18571986063315188,0.4976245810115958,-0.4712211753312162,0.07932176487527653,0.2681810348034718,Osmancik,1
0.23245371502617382,0.5571010771578909,0.5820929440304637,-0.2980145192552006,0.8705761193888767,0.3081908803937023,0.5218847427929242,Cammeo,0
-1.1895547952207821,-0.8783268241483086,-0.7839454076150522,-1.4317669246381657,0.3550766201577795,-1.1653654446436497,-0.9724671903222599,Osmancik,1
-0.41575529249380616,-0.5043767442353325,-0.28245111222751795,-0.5695520299274361,0.2391302951835048,-0.46353773818936383,-0.9430441966825929,Osmancik,1
-1.0442865265712153,-0.7704680028264566,-0.6574053866138545,-1.2160850759711759,0.32631434112017976,-0.9883582961885126,-0.295000949153316,Osmancik,1
0.7828526133757282,1.1175504096366222,1.4244590388573282,-0.3488818483434132,1.5362592029947906,0.7332335234993501,0.9889171102197298,Cammeo,0
-0.6055879304103717,-0.3342389351493684,-0.10002966848936956,-0.9895163615460802,0.7204555976150938,-0.6225059415790093,1.7093639384642039,Osmancik,1
0.7446545825754437,0.6780434105020688,0.8287123282183012,0.3034103305530328,0.6997080018731963,0.6599503091707901,1.8820406433903367,Cammeo,0
1.0160921044744353,0.9500732480977714,0.7358025796818803,1.0962846643838955,0.08952574014549709,1.0494787791787512,0.5863914900555204,Cammeo,0
-1.0853783475836425,-1.2064722150071145,-1.3441737479492286,-0.29225675306904697,-1.3623387252428991,-1.0520583209510301,-0.2506543441011737,Osmancik,1
0.5085213012645938,0.8274218419879527,0.9958686708221215,-0.36299541383223566,1.2403465470640107,0.49647236951477175,-1.4217081570440753,Cammeo,0
-0.11885241672795818,-0.3767665477099414,-0.46352727536341715,0.384480990453967,-0.7236808326641366,-0.1642039935088612,-0.4217290053585186,Osmancik,1
0.7764862749090141,0.9583381837783443,1.0564794867643885,0.06880015013236913,1.0318013919092872,0.7366158256991298,-1.4045068205695244,Cammeo,0
-0.15762920557067125,-0.3500959499489532,-0.6224394177998254,0.7440290937812971,-1.2496458571858733,-0.05653404014920771,-0.49934829107532597,Osmancik,1
-1.6323046976786257,-1.8408263338828756,-1.9208190423686242,-0.8189796091115173,-1.7858241565940927,-1.6140842031477554,-0.0763501417551358,Osmancik,1
0.753335953211872,0.6949366415057365,1.0030246226267003,0.11159867989396142,0.9636823168595043,0.6610777432373833,2.570101815630283,Cammeo,0
1.4814135705869924,1.4495328783204406,1.690029976399778,0.574290474613462,1.2148807221716411,1.4457718535862716,-1.4910194926614528,Cammeo,0
1.251067869700428,1.614628110532088,1.8130212099055365,0.0002331225212806418,1.6054044785523929,1.2377602682998208,-1.271691461218402,Cammeo,0
-0.668672557035084,-0.36340260753997644,-0.32620322715105504,-0.9209630006005178,0.45195797424516215,-0.647873208077357,1.5576595818068946,Osmancik,1
-0.11885241672795818,0.4472801137664278,0.781116927843651,-1.3236800003252005,1.6365860682844104,-0.08922962808041139,-1.7659809394625556,Cammeo,0
-1.077275734989643,-1.4113215570020743,-1.2185381319124964,-0.6614357555926352,-0.8281554972130104,-1.1337972907790392,1.5871604793514955,Osmancik,1
-0.4088101959846635,-0.5962391916476466,-0.6252057817325593,-0.004576177077360414,-0.6051432080835245,-0.403220015626626,0.6724197695504344,Osmancik,1
-2.3441770898657466,-2.2984021393351313,-1.7947076988650346,-2.584950765899485,0.41082969244015105,-2.357626970065991,-0.7738955359264342,Osmancik,1
-0.9458976593583611,-0.9568826139695995,-1.3002578294290446,0.1285795118101635,-1.7062248216733127,-0.9224034032928086,-0.640574958181929,Osmancik,1
1.104642084966004,1.0486035586912987,0.9176916617309279,0.985129573660317,0.338494022566339,1.1058504825084128,-0.6809268669602855,Cammeo,0
1.2308113382154287,0.8476767909078283,0.8118039633431444,1.304571480334705,0.021727711064641032,1.1983000759690576,1.5756754383171894,Cammeo,0
-1.7856755789221923,-1.6339883459384974,-1.4944870728574005,-1.8655755884347676,-0.12514795323748915,-1.7679789532377312,1.0657272751813334,Osmancik,1
0.16068771776503318,0.11994779354300415,-0.08861308058051874,0.49171101483844437,-0.3521360527143092,0.19488375670108266,0.6254398582463699,Osmancik,1
-1.5819527479873414,-1.615553615086682,-1.2756297844140352,-1.7463557983842266,0.045307390889565854,-1.6231036756805013,-0.7822119706095698,Osmancik,1
-1.7052282110246233,-1.6459227865265942,-1.2854780400145676,-1.9419572153936906,0.19604707274627892,-1.734719648273231,-0.9821434723756763,Osmancik,1
1.0531326191898627,1.181564974046184,0.6821856545390006,1.2830874821276443,-0.09470304934488928,1.1774425457370827,-0.12138862604218553,Osmancik,1
-0.16631057620709958,-0.46941385195009927,-0.7649328635595607,0.7892015233447787,-1.4995887434409572,-0.2053553369395141,-0.3579218505887441,Osmancik,1
-1.2399067449120664,-1.1729379673398845,-1.487088900840757,-0.32053308404258585,-1.5632074419620345,-1.1219592330798103,0.30402994361149377,Osmancik,1
-0.528613110767374,-0.7014937930374608,-0.8240825165679081,0.08579464871409732,-0.9477250552651729,-0.564443087149458,-0.6180753848460855,Osmancik,1
0.4570118354884526,0.45913076789577884,0.3260583382183375,0.5960327727989637,0.025414006743568012,0.5962502844082727,0.38037962707561696,Cammeo,0
-0.554657222676659,-0.8103332579121854,-0.9807310327059723,0.3487084934393522,-1.414763812079521,-0.5931926558475853,1.510957347787743,Osmancik,1
2.1718719152042567,1.5411439663565172,1.1014575147755985,2.6300697655488943,-0.7191632572442386,2.2045349804035155,0.9029482228107556,Cammeo,0
0.202358296819889,0.36146910058883963,0.34089737574223994,0.13021131167398203,0.3681965076557957,0.19150145450130296,-1.2452858940747864,Osmancik,1
0.6208003614957333,-0.06817589036578119,-0.7624235318662462,2.6300697655488943,-2.940837909861246,0.6193626827734339,1.2236955685907984,Osmancik,1
1.131843712960146,1.0828670905351634,1.1062130468527185,0.7103844965891014,0.6812937223697592,1.0900664055761076,0.6186560479107942,Cammeo,0
-0.7039767976232257,-0.8353512105226064,-0.7619199229361296,-0.40720297680957074,-0.4412607068738719,-0.7408865185712985,1.7573673990934882,Osmancik,1
0.20872463528660312,0.7210190241277727,0.9761033272586372,-0.89163023638181,1.528866546263884,0.1824819819685571,-1.1146348748944004,Osmancik,1
0.41244746622145395,0.8894204016044223,1.3903443259684287,-0.9707656964442458,1.8433167404183246,0.39274843538819454,-1.8402009924165568,Cammeo,0
-0.907120870515648,-0.9649791217688144,-0.7780711318246611,-0.9485628316305139,-0.017566022346502834,-0.9505892549576394,-0.9592173558771752,Osmancik,1
-0.4475869848273766,-0.2971181140694971,-0.19945932294977553,-0.5029994688148975,0.2768302646774765,-0.4257686969584906,-0.4559951536425381,Osmancik,1
0.775328758824157,0.7422272577568503,0.8687989020190018,0.3069226635932452,0.7319243915586349,0.7456352982318757,0.7762471630082528,Cammeo,0
1.8153569610682676,1.3965558974048493,1.4784297100653054,1.535922161027387,0.48700358153175716,1.7445418812334776,1.9066359089014797,Cammeo,0
-0.7086068619626542,-0.982264781186404,-0.8329357524483832,-0.36488824700760303,-0.5677671510403449,-0.7668175021029427,2.0665348307668796,Osmancik,1
1.389969799883281,1.6409062798791545,1.3226246081908277,1.0258999702578306,0.6686353384520752,1.448026721719458,-1.2381048509566273,Cammeo,0
0.33257885636631357,0.534183770763171,0.5622953625250863,-0.08864393672817236,0.71905675446477,0.3217200891928211,0.35625101366828554,Cammeo,0
1.4397429915321365,1.3388723404137894,1.4490321922415466,0.8905330148881834,0.8528211307144804,1.4153311337882544,1.7136116295975767,Cammeo,0
2.0127134535364046,1.1581440939351226,0.4859881540637011,2.6300697655488943,-2.0087934484955974,1.9559357687197083,0.6077217334915649,Cammeo,0
-2.2156928044466078,-2.0434621744319883,-1.6851779843390378,-2.584950765899485,0.29259591493727305,-2.199222483709642,-1.163684253296856,Osmancik,1
0.02757336800646586,-0.5491734308929616,-0.7441184799409531,1.235075119467838,-1.8873320124122592,-0.03849509508371603,1.8836041207695535,Osmancik,1
0.41707753056088237,1.0137526666723482,1.1764359972535445,-0.653239856276622,1.534513515538762,0.38880241615511824,-1.8808930558689312,Cammeo,0
0.5797085404833059,0.5242106172808204,0.35271824486835024,0.8618617172809371,-0.13882680469926173,0.6272547212395865,1.5146280872291304,Cammeo,0
0.7724349686120142,0.7411901865889041,0.17597242149487222,1.5158061960394908,-0.8407049548198084,0.9344805043862418,-0.4726951283526632,Cammeo,0
1.7349095931706988,1.5366331770060773,1.3786768048902382,1.4953813644107095,0.4258443244512082,1.7163560295686469,-1.1363230134976658,Cammeo,0
-0.970784255182789,-1.102002470445144,-0.8941573466951688,-0.7792806790912487,-0.29561476329200587,-1.032891941818945,1.6457665843096967,Osmancik,1
0.002108014139609505,0.15661975859387983,0.38099004861302677,-0.5032523021271307,0.8294019738740189,-0.04074996321690249,-1.030480145746856,Cammeo,0
1.3205188347918544,0.7778630066036446,0.6155890369533031,1.7562930426363905,-0.5082303226956223,1.2315593809335579,-0.6545729786446952,Osmancik,1
0.3123223248813142,0.12294529685283183,-0.2930809200950307,1.270086383212648,-1.2495942605122958,0.3284846935923804,1.4774694672272703,Osmancik,1
0.553664428574021,0.03281928104983071,0.038158705084021444,1.0145867045353125,-0.6115469285708672,0.46264934751697484,1.113862632520951,Osmancik,1
-1.4499959143136312,-1.328171191371598,-0.8142482016990051,-2.0680882382007897,0.8008288826395367,-1.4782283981232711,1.2974944776626818,Osmancik,1
-0.35382818195395094,-0.43403031744340725,-0.6158750757937729,0.23718440274656838,-0.7977707894395842,-0.305133251833015,0.06300066102672364,Osmancik,1
-0.38160856799052145,-0.4104127956434541,-0.47545357127247573,-0.08675110355280496,-0.3517232793256891,-0.3485394633968544,0.5380077658110639,Osmancik,1
1.2684306109732846,1.4620281752038145,1.4942202025229248,0.5349824112272403,1.0942734976842028,1.2614363836982785,-1.0704070540141375,Cammeo,0
0.272388019953744,0.2503597066531928,0.06336964694029204,0.504848780408702,-0.18970112484669255,0.2574563473970069,1.6141360562549736,Osmancik,1
-0.5396095135735166,-0.4881555148293611,-0.2003916093775,-0.942190065495685,0.5918680876143276,-0.5853006173814327,-0.9441842162023177,Osmancik,1
-0.2693295077593821,-0.05520523357360291,0.20433745388231797,-0.8901993365012254,0.9277968303863473,-0.31471644139905747,-0.2565241333739118,Osmancik,1
-0.539030755531088,-0.06296488561010806,0.3272781522359226,-1.37380796280845,1.3341292342548823,-0.5802271640817632,-1.550382268221041,Cammeo,0
-0.34572556935995113,-0.6402518764412966,-0.8702812298924268,0.563072875549624,-1.4482156554489438,-0.3660146914290494,1.5267818677246014,Osmancik,1
1.552022051763276,1.3967798979374164,1.2349530895642007,1.4916722313869235,0.300002904077512,1.5709170349781203,1.2321423573326846,Cammeo,0
-0.2369190573833831,-0.5244076926226443,-0.7313409281067668,0.6958144644717066,-1.3637605002481463,-0.21493852650555656,1.5061982676546557,Osmancik,1
1.6666161441641294,1.6065033889253348,1.4397668334822735,1.442187968849949,0.5117699848489649,1.6695675158050278,-0.3882781484360344,Cammeo,0
0.8835565127582965,0.9238515063657788,0.8890051212202713,0.576899441062398,0.5777850622095312,0.942936259885691,1.4396444217416196,Cammeo,0
-1.2086538106209244,-1.1729379673398845,-0.8594919749069014,-1.4134030261707202,0.258072007350184,-1.2521778677713284,1.5720154974368816,Osmancik,1
1.336724059979854,1.2601489776750086,1.341802698434423,0.8194116874902634,0.8094713254637707,1.285676216130033,-0.9544451632056338,Cammeo,0
-0.16862560837681378,-0.33911393910619336,-0.6306078152390002,0.8164432877379905,-1.3263013152308696,-0.11854291381183538,-1.0013286587857702,Osmancik,1
0.40608112775473987,0.41469829584453327,0.11705801833277144,0.8239039204486984,-0.3711436939638931,0.44122810025170345,-0.5542096093161628,Cammeo,0
-0.04940145163653176,-0.6216777864795249,-0.9866305760724419,1.3455127102512954,-2.403158290576014,-0.10106768577964031,0.017136086817058596,Osmancik,1
-1.7359023872733368,-1.7972625051182196,-1.973574256037654,-0.793063511274339,-1.9089223538225844,-1.6693284724108237,-0.5403519701474359,Osmancik,1
-0.4244366631302344,-1.1270204230555636,-1.5080740584218262,1.5286309949692027,-2.940837909861246,-0.483831551388042,1.7512114479521317,Osmancik,1
-0.30694878051723806,-0.562200515300212,-0.6444230802838594,0.37685362442384035,-0.9565480864469281,-0.2972412133668624,1.198394539980502,Osmancik,1
0.4442791585550244,0.19791451326147816,0.012542610714771023,0.9625823088753268,-0.6013250542387882,0.3826015287888555,-0.8267259533584511,Osmancik,1
0.08834296246146398,-0.046352082754081085,-0.25791455326382884,0.5103195466188072,-0.5688506811854728,0.06128281980978485,-0.6627004385089319,Osmancik,1
-0.7340722158295105,-0.5044331718504063,-0.45456687010854,-0.8550869394315221,0.2700252367289752,-0.7070634965735015,-0.5773879493484596,Osmancik,1
0.30190468011760024,0.6577046751234458,0.7899178859805156,-0.4881971033835587,1.1571440444383954,0.3499059408576518,-0.27232397088544485,Cammeo,0
-0.4174915666210918,-0.349955735875132,-0.10290233050077854,-0.7960127776948754,0.5833231051735179,-0.4663563233558469,1.438643240864351,Osmancik,1
0.6630496985930177,1.0434489815506993,1.006449686128931,0.0790255492790109,0.9861068044926605,0.7349246745992399,-0.36980258175405084,Cammeo,0
-0.2045086070073841,-0.009119261407925473,0.22450707866306485,-0.6915939864091206,0.8151068288111816,-0.21493852650555656,1.5993373996207092,Osmancik,1
-0.04072008100010346,-0.39920678426812883,-0.8085987202061401,1.2738911828951194,-2.029076674175292,-0.07288183411480956,-0.40649840628105655,Osmancik,1
-0.6906653626473691,-0.8372842838208143,-0.7678943977351079,-0.3462059152333992,-0.5000264515967973,-0.7194652713060271,-0.7270459786811204,Osmancik,1
0.23071744089888815,0.5191398265989668,0.8383462450700314,-0.6885094199998757,1.3129516662331666,0.24843687486426108,-0.4538130729785991,Cammeo,0
0.9987293632015787,0.8995619829681294,1.0285326763258251,0.5482404434541278,0.7164711878221635,0.9547743175849198,1.7098352185227639,Cammeo,0
-0.5384519974886595,-0.2151450336807862,0.08279692776176024,-1.1686849799269394,1.0046271438251342,-0.5853006173814327,1.9063813713903097,Osmancik,1
0.28627821297202927,0.36704431995089776,0.33764744268110697,0.17021774166858836,0.3373875605662878,0.2698581221295325,-1.1553539347494748,Cammeo,0
-0.8781829683942204,-0.5755644554701753,-0.3819164898127246,-1.3368683325579047,0.6955573361320716,-0.8310812438987569,-0.6627798850654486,Cammeo,0
0.28569945492960075,-0.11442943544895032,-0.5793033089551679,1.6850910819118639,-2.0537943473007876,0.3014262759941429,-0.337945283916649,Osmancik,1
-0.3630883106328078,-0.8726122456762974,-1.18485296781693,1.0362224027297104,-2.4359479766345253,-0.4218226777254143,1.3403315981410069,Osmancik,1
0.30190468011760024,0.5068129575969497,0.8308470027490755,-0.5078115017466438,1.2005311139533608,0.2833873309286512,1.0722156677387935,Cammeo,0
-0.6206356395135141,-0.6180356404156746,-0.17470581135010035,-1.0987294190983974,0.7259219785324451,-0.6811325130418573,2.2038516474367533,Osmancik,1
0.0657713988067504,-0.2982953993112628,-0.550059139179332,1.0347846695163627,-1.4060697725817095,0.04493502584418301,1.7048779076612808,Osmancik,1
0.5143088816888793,0.7572712019210543,0.7569558973382308,0.0008645224685873106,0.8296714231693735,0.5703193008766283,1.145040392336108,Cammeo,0
1.2493315955731423,1.2735120628811072,1.2164807488593534,0.8696708499625636,0.6757012162503295,1.295823122729372,0.22845158593879475,Cammeo,0
1.2377564347245713,1.3522918532349617,1.4747842087441831,0.47297948306834653,1.1152131477110674,1.3025877271289314,1.7540129032265843,Cammeo,0
-0.4921513540943752,-0.4613447029945549,-0.21733046960309801,-0.7287591166408469,0.42273419162723014,-0.5323112162515509,-0.5954855663926453,Osmancik,1
-0.5019902408156606,-0.7458698374736311,-1.0655812957690758,0.5268097452426216,-1.71770508154431,-0.5063802327199066,-0.22042685766105122,Osmancik,1
0.4263376592397392,0.44770075598788656,0.4720343529982751,0.22192693735320984,0.4309495286535169,0.3747094903227029,-1.0377815156884773,Cammeo,0
0.02120702953975177,0.230916973404833,0.49851215884137395,-0.719924984044764,1.066643478983443,-0.022711018151410804,0.26240843258045315,Osmancik,1
0.466850722209738,0.48173943233532274,0.5429944195840091,0.23530113623706927,0.48836802689969594,0.43389977881884745,-1.1662620240917956,Cammeo,0
-0.04708641946681755,-0.0793263290898975,0.048081892117064276,-0.21185849311199778,0.3191796677571555,-0.059916342348987406,0.24719017471565397,Cammeo,0
0.23766253740803078,0.10372656413703432,-0.3799578170187763,1.1063310302121425,-1.2278290637081803,0.3369404490918297,0.6530533215793558,Osmancik,1
1.6052677916667029,1.6497602856625426,1.785884704492936,0.7413572606709434,1.1908710700669036,1.584446243777239,1.5367042027054822,Cammeo,0
0.1404311862800338,0.6267472885445831,0.9969482062276828,-1.0765894209460856,1.646079856222668,0.14302178963779405,-1.4949455409398018,Cammeo,0
1.5572308741451328,1.2576550480815223,0.977114901597503,1.7057810468518568,-0.08874650002855161,1.5230010871479078,-0.6004752729373684,Cammeo,0
0.37598570954845506,0.9808622067952776,1.628658519287975,-1.3801766289436213,2.185841257962659,0.318901504026338,1.2293848676283432,Cammeo,0
1.0218796848987208,1.0301141101521376,0.8418932899740187,0.9295103449686729,0.30459500802591094,1.0196017764140306,-1.0934696951777207,Cammeo,0
-1.0228724790013588,-0.8353512105226064,-0.8570645450119104,-0.9118405013618338,-0.14072154921230273,-1.0312007907190552,-0.16795896335100371,Osmancik,1
0.17805045903788977,0.21674081756335217,0.3856767483277277,-0.05468090622921559,0.5367485078242135,0.1824819819685571,1.6581239948141036,Cammeo,0
-0.15184162514638574,-0.3486946641746221,-0.7736414643493795,0.921971812264466,-1.6367126364369369,-0.12756238634458122,-0.4306085078693938,Osmancik,1
-0.4881000477973753,-0.9990733707674596,-1.1736298075594356,0.6708372665561727,-2.0395421994659317,-0.5294926310850678,0.03937109540644365,Osmancik,1
-1.7827817887100497,-1.6073733208287198,-0.9568183214827028,-2.5311449328898377,0.9993413512652934,-1.8029294093021215,1.7392520415560997,Osmancik,1
-1.0321326076802155,-1.1986279215480005,-1.2175178446163604,-0.3860182785775347,-1.0807412797480092,-1.019926450053123,0.3081511373150732,Osmancik,1
-1.4916664933684871,-1.368905944707784,-1.1846133614920473,-1.5240114502732542,-0.030316133683880128,-1.4545522827248132,-0.56500739907031,Osmancik,1
1.0542901352747198,1.1411388626651753,1.4574820182004922,0.044314952175775454,1.3437491473952128,0.985215037382937,-1.0512311235135408,Cammeo,0
-0.559866045058516,-0.2064885245501577,0.12457207268108861,-1.276107704295335,1.1096177751097722,-0.5977023921139583,-0.9185152651895122,Osmancik,1
0.10454818764946348,0.2380610514587124,0.2614395619325821,-0.09041376991380469,0.44365377628104746,0.17740852866888757,0.6013683229476039,Cammeo,0
-0.3665608588873791,-0.05786673608458242,0.2712425101553171,-1.099170852394891,1.118558332048015,-0.3361376886643288,-1.4237598836492635,Cammeo,0
-0.7103431360899399,-0.7880050216202822,-0.7218464185713334,-0.3687258466873371,-0.42309581129272084,-0.7318670460385527,-0.6983140929505695,Osmancik,1
3.023007961350748,2.0323395158624784,1.4464034930336542,2.6300697655488943,-1.0555821684152393,3.0202335275837178,0.05080754291589008,Cammeo,0
2.148142835464686,1.3532442829802973,1.0441158004004536,2.6300697655488943,-0.7254064547471181,2.069242892412328,0.6736963137352413,Cammeo,0
1.6590922896125582,1.7508118846932281,1.619126544036284,1.044914402004319,0.8954944462449516,1.7219931999016131,-0.0641207713321053,Cammeo,0
-0.6235294297256568,-0.5271811953999049,-0.09544229648752903,-1.2336686078370798,0.8909912032343859,-0.6805687960085607,0.7462680434729689,Osmancik,1
0.44948798093688136,0.3592555991429926,0.4091450987303061,0.37715292439886233,0.2639454286924246,0.4276988914525847,1.1787010498738597,Cammeo,0
-0.4568471135062334,-0.7193676675939994,-0.8640540793326634,0.36289722558856824,-1.2540602392586164,-0.4798855321549657,-0.6664190001493879,Osmancik,1
-0.8104682774300797,-0.6754951968741674,-0.817583521741369,-0.4695735382711172,-0.4592708124342904,-0.7482148400041545,0.9589457039423601,Osmancik,1
0.7110866161145876,0.8781579626140232,0.7890117384245932,0.4995447475180154,0.5387177808657553,0.7856592075959353,-1.3810207215464494,Cammeo,0
-0.9186960313642192,-1.0486048473080924,-0.9701064526128206,-0.659056389124538,-0.4938663820680149,-0.9426972164914867,-0.6769321706864996,Osmancik,1
0.790955225969728,0.7947280237997755,0.6431838439182241,0.7702882249231835,0.22209192697546284,0.7557822048312147,-1.1624956402522713,Cammeo,0
0.7938490161818708,0.7529570542595078,0.1747604491388304,1.5491760932546166,-0.868813675992093,0.9220787296537162,-0.7084315733566805,Cammeo,0
1.3882335257559952,1.4081261233865596,1.3806590026688146,0.8596436174660506,0.8166575955003671,1.3753072244241948,1.6052403559024784,Cammeo,0
-0.6275807360226567,-0.46126091653580903,-0.5759636324341698,-0.37766657927452374,-0.23786375314943833,-0.5610607849496783,-0.8002856765542213,Osmancik,1
-0.1547354153585285,0.32647799449607107,0.8993491440893788,-1.454144722770632,1.7880538365349394,-0.14503761437677629,-1.706586539545519,Cammeo,0
-0.30579126443238097,-0.5174602562576551,-0.7583101447398095,0.5648235754035198,-1.2839461791874598,-0.28427572160104025,0.6222257436735054,Osmancik,1
1.6590922896125582,1.56632949188443,1.4088776573741537,1.279233482449279,0.5858169443964312,1.6599843262389855,-1.2200265170572273,Cammeo,0
-0.5199317401309458,-0.26285543718949544,0.12544946747802022,-1.3545912644121751,1.1605436919307806,-0.5683891063825343,1.530337679623067,Osmancik,1
-0.7850029235632233,-1.0894798147180984,-1.337023895214736,0.3551222595707595,-1.9973791177075046,-0.8000768070674431,-0.15210204773090527,Osmancik,1
-0.6177418493013713,-0.6471993128062826,-0.5852516448823408,-0.4122186430576562,-0.22113496498286148,-0.6704218894092216,0.3813630674596828,Osmancik,1
-0.24154912172281154,0.08789776314498639,0.6997535902793826,-1.478839020709775,1.66795397933768,-0.3006235155666421,1.9407647611946257,Osmancik,1
0.975000283462008,1.0894220984862293,1.245174259735823,0.17951107422634885,1.11203995228605,0.9339167873529451,-1.1049339104156584,Cammeo,0
1.4252740404714226,1.4300901450720793,1.1894348582023466,1.1963588226988973,0.44796496500663546,1.46268336458517,-1.2428716443476289,Cammeo,0
0.26428540735974426,0.13675723808792445,0.05808959483560948,0.47239044978417083,-0.17113778828624843,0.21912358913283708,-1.0660297801478054,Osmancik,1
0.3256337598571709,0.1018772772975723,-0.2197875235528034,1.215872087737089,-1.1034610150133088,0.3358130150252364,1.4967317862165066,Osmancik,1
-1.1044773629837847,-1.3691299452403496,-1.7150067935475868,0.2147628712844186,-2.537627821364617,-1.0526220379843267,0.046648554248530864,Osmancik,1
-0.27627460426852474,-0.30588747843027464,-0.6097132724135228,0.36974285835060094,-0.9034035126620866,-0.23692349080412456,-0.3016868011133808,Osmancik,1
-0.7271271193203679,-0.933181305710899,-1.0975500072827569,0.1107745799627365,-1.3680458906369455,-0.7301758949386629,-0.6551491590108891,Osmancik,1
-0.20913867134681252,-0.3239853535193786,-0.538349795906258,0.42098192074112395,-0.8521192856079012,-0.2115562243057769,-0.023776575811663165,Osmancik,1
1.8153569610682676,1.4544360960848024,1.2414529556864666,1.8071945383884158,0.10071935182995265,1.7744188839981982,1.7262891403054248,Cammeo,0
-0.3740847134389503,-0.4689376370774315,-0.648661062699235,0.24892270176695147,-0.8514542618151243,-0.3795439002281682,-0.7372105099605084,Osmancik,1
0.13232857368603404,0.3324165735006479,0.32581698930199815,-0.09006253660978344,0.5046410444496714,0.1712076413026248,-0.34988463584210405,Cammeo,0
1.2568554501247136,1.6141518956594203,1.9633720005299595,-0.16372449712900888,1.7818049060683239,1.2214124743342187,-1.1095927181958605,Cammeo,0
-0.7294421514900822,-0.6017588383584958,-0.27106850485201084,-1.214975342730455,0.7158176299568483,-0.7645626339697563,-0.40144159439247956,Osmancik,1
0.8494097882550119,1.4002536161199086,1.444636505299612,-0.11979573412840658,1.4252575592383718,0.9874699055161236,-0.48111260671447537,Cammeo,0
0.3684618549968839,0.6115349164990225,0.9379048512980122,-0.6005753606717248,1.3354764807316284,0.3076271633604057,-1.4347258224259412,Cammeo,0
0.017155723242751896,-0.47403578660295714,-0.8225542638630214,1.33166974473989,-2.1086846085416684,-0.040186246183605875,-0.24587829480067513,Osmancik,1
-1.1108437014504988,-1.4693411147919824,-1.7029559023495893,0.19091863994099986,-2.48773957097889,-1.132669856712446,-0.5593026735169366,Osmancik,1
2.161454270440543,1.5614544879276033,1.2443386871337767,2.4555684842785235,-0.333091147200475,2.0861544034112263,-0.8094806513137891,Cammeo,0
-1.1218401042566415,-0.8854709022021913,-0.33109555265729146,-2.0377496073993595,1.2213389058144268,-1.1715663320099126,-1.3727760201619161,Osmancik,1
-1.051231623080358,-0.9346945917515144,-0.7733382534364374,-1.0457847568502148,0.06541002821173918,-1.0700972660165218,-0.6526099545055206,Osmancik,1
0.09355178484332097,0.350991518426286,0.5363324924565498,-0.5695438299281205,1.0036382075815597,0.07142972640912393,-0.9196360015644516,Cammeo,0
-1.014769866407359,-0.4794990056987326,-0.4095513763810772,-1.5684937132276642,0.8324347116876307,-0.9770839555225802,1.5157974171289297,Osmancik,1
-2.061164407118184,-1.6959578367835686,-1.2078020259663085,-2.584950765899485,1.0634702835584258,-2.047018884719556,-1.581052495665441,Osmancik,1
-0.5291918688098026,-0.677708698320016,-0.9591054727656717,0.34772722685457685,-1.3811313803525767,-0.537948386584517,-0.45980396040059074,Osmancik,1
0.9356447365768663,0.8363305654586835,0.7998314887605614,0.8926841480419944,0.2895173134138146,0.8814911032563599,-1.4314931960340824,Cammeo,0
1.4218014922168514,1.4584980294062468,1.1397030407054716,1.326574811831753,0.3197930948763548,1.5173639168149418,-1.1378664364063056,Cammeo,0
-0.22939520283181192,-0.6615438965291199,-0.8577215019899518,0.8069668218621799,-1.6583574410027049,-0.27074651280192147,0.02525043414284105,Osmancik,1
-0.1570504475282427,0.162614765213532,-0.058627438141132616,-0.0982188025957709,0.12702218942702415,-0.06498979564865694,-1.0350294252646757,Osmancik,1
-0.4313817596393771,-0.6585737520629643,-0.5596102829370103,-0.16905449668419503,-0.387069867208153,-0.4770669469884826,1.7553256997235882,Osmancik,1
0.7081928259024448,0.6963934999312767,0.7052898033277593,0.4863195152883907,0.47139272129269316,0.6977193504016633,0.4691630822974981,Cammeo,0
-0.44932325895466224,0.015897836238627686,0.4400212054025232,-1.4979094857849207,1.4940473910446517,-0.42295011179200753,0.4960653832507909,Osmancik,1
0.0854491722493212,-0.043494793518074594,-0.39430370116128427,0.9159188461029483,-1.0827936807636482,0.0928509736743953,-0.7278165331467532,Osmancik,1
-1.2225440036392097,-1.3747889510611535,-1.359942458013675,-0.6247585253201913,-1.067572662058281,-1.2008796177413366,-0.7561303602983523,Osmancik,1
-1.0633855419713576,-0.9882315739985194,-1.2504110008962246,-0.3780697459075442,-1.1369873869112326,-0.9618635956235716,0.4181699629006536,Osmancik,1
-0.7444898605932245,-0.8362762814242682,-0.945890530476609,-0.10210560227139896,-0.9500239737212378,-0.7087546476733915,0.20254506658223054,Osmancik,1
-0.9140659670247907,-0.9093406383422468,-1.1323565289787731,-0.058015572617588475,-1.2614012993159507,-0.8733600213960031,-0.833859174277542,Osmancik,1
-1.2514819057606374,-1.2555830493262903,-1.1559050385882215,-1.1057458851795066,-0.34963934700953053,-1.261761057337371,-0.3369209632656377,Osmancik,1
-0.6819839920109407,-0.8397782134142989,-0.9676302301571262,0.07806204935941956,-1.1442596514037968,-0.6349077163115349,1.6065917186890535,Osmancik,1
1.0907518919477186,1.1878968364285476,0.9914965088648117,0.9165666460488837,0.45054193220364586,1.2129567188347696,-0.9238181300055536,Cammeo,0
-0.7763215529267949,-0.7402108316528271,-0.7890747255589905,-0.4459917069057999,-0.4430006613661804,-0.7594891806700867,-0.8684060851496399,Osmancik,1
-0.5893827052223722,-0.5901603985692485,-0.5781349013854684,-0.3452109819830978,-0.2665973673683839,-0.5582421997831952,-0.5762672129735202,Osmancik,1
-0.5164591918763745,-0.8336147789132918,-0.966122017253957,0.3458029603484994,-1.3899171472700815,-0.5740262767155004,-0.4872886123264088,Osmancik,1
1.3257276571737113,1.7011966216938479,1.9004165277867533,0.1832448072480844,1.5663715949910073,1.2992054249291518,-1.5040872942197614,Cammeo,0
1.1561515507421452,0.7636030643034194,0.7787896969572473,1.1703593582020098,0.0811699455078049,1.1114876528413788,-0.15414374710080508,Cammeo,0
-0.4458507107000909,-0.18883865052618462,-0.05379958851868601,-0.7998613107070304,0.6329505057094921,-0.3817987683613547,-1.062839576674475,Osmancik,1
-1.4280031087013463,-1.7375612334063428,-1.4598635232640218,-1.105036585238701,-0.763341475754054,-1.4748460959234915,1.1779227821503127,Osmancik,1
-0.5627598352706588,-0.5969958346679519,-0.4116668824058576,-0.674594021161182,0.17997184244501727,-0.5841731833148395,-0.9793073074406096,Osmancik,1
2.0746405640762595,2.582674625821175,2.409457115464495,0.9381490442477349,1.5033032609880956,2.160001334773083,-1.1803286925499985,Cammeo,0
-0.9470551754432183,-1.1977037056102018,-1.1650693270431802,-0.3983333108831199,-0.9927947496351331,-0.9849759939887328,1.6750229715784162,Osmancik,1
-0.06676419290938837,0.08372382955725936,-0.2998892249045999,0.4096290216885774,-0.5390020055208797,-0.049205718716351717,-0.8923033008195441,Osmancik,1
0.5513493964043068,0.5371257014217882,0.2701289942164104,0.9127372463684679,-0.26614732971551336,0.6633326113705699,-1.0631295951720503,Cammeo,0
1.0288247814078635,1.0807373755480638,1.3503248419386968,0.1695316750591772,1.1963001867200045,0.9931070758490896,1.715741260107699,Cammeo,0
-0.2519667664865255,-0.13308816683333263,0.1322281482328767,-0.6761110210345811,0.7216337216617857,-0.28202085346785377,1.7765279030782564,Cammeo,0
0.8829777547158679,0.9825157069097126,1.320212861618923,-0.0839480704533981,1.3179938078344415,0.8583787048911987,0.3059274050583973,Cammeo,0
-0.04940145163653176,-0.13460059791008014,-0.5365096193311606,0.7676792584742449,-1.149505313217511,-0.010872960452181885,-0.4511705108171798,Osmancik,1
1.008568249922864,0.9929650752647293,0.9246698692072303,0.7036235971533307,0.5279885392434974,0.9874699055161236,-0.481177398080955,Cammeo,0
-0.2780108783958104,-0.3970779242448908,-0.4457728823374903,0.100234847508994,-0.4670275123621103,-0.31133413919927777,-0.8042402638868531,Osmancik,1
-1.3614459338220626,-0.7465982666864012,-0.815915861720187,-1.554861214365361,0.4151351482020082,-1.2814911535027524,-0.716769605161976,Osmancik,1
-0.1223249649825295,0.35947959967555804,0.6305596401319625,-1.1146141844394049,1.4087064929474455,-0.036240226950529565,1.612600346604248,Cammeo,0
0.8696663197400112,0.8648504500591336,1.0332446436166045,0.2740037663404839,0.8894117717265355,0.8223008147602153,-0.1891071739002721,Cammeo,0
1.9750941807785485,1.5256229523557805,1.1660396966408249,2.2961167642521954,-0.3035463186136162,1.9542446176198185,0.10371817823021508,Cammeo,0
-0.49909645060351787,-0.23181426415188852,-0.09251300025387348,-0.8228472754554088,0.6120538529105981,-0.5046890816200168,1.090518457443498,Osmancik,1
1.067022812208148,1.2733162761560801,1.650856520520813,-0.13001976660849573,1.5690030253434606,0.9891610566160134,-1.6887874255826145,Cammeo,0
-0.8046806970057941,-0.6927526424842202,-0.8695223313143446,-0.37944597912602435,-0.6029904802025958,-0.7324307630718493,-0.8972706389163159,Osmancik,1
0.9576375421891513,1.1072959730427694,1.070455941518714,0.5432056438743058,0.7548447805545137,1.019038059380734,-1.328338398666386,Cammeo,0
-0.15184162514638574,-0.12983844918340426,0.1053085954562657,-0.5184551008583848,0.5893799813551452,-0.2014093177064378,0.19111247570174122,Osmancik,1
1.6185792266425596,1.5983513084749092,1.735016717368255,0.9044046803971935,1.0632724963097064,1.5754267712444932,1.6343139389586303,Cammeo,0
0.37135564520902664,0.3715824681450114,0.6634458260460118,-0.2307485582021986,0.8966783032553743,0.304244861160626,-0.2054060591988566,Osmancik,1
-0.30116120009295255,-0.3613019613242785,-0.36978892459076473,-0.15991286411377445,-0.16921437895455327,-0.3412111419639984,0.6867594873388014,Cammeo,0
-0.9835169321162172,-1.036894407252564,-0.7360851333394395,-1.0991435190638388,0.1496788620912845,-1.0249999033527926,0.05700977360473197,Osmancik,1
1.4814135705869924,1.1905583389395256,1.1288040024583637,1.3282038783624663,0.30877433858568976,1.4220957381878139,0.90418003009966,Cammeo,0
-0.35845824629337936,-0.6367499444512659,-0.9759354210254158,0.8063449885807416,-1.8456705649802805,-0.3412111419639984,0.4803025693772462,Osmancik,1
0.5374592033860215,0.7968568838230102,0.8042097497879591,-0.046500040245281135,0.8987565026077967,0.5280405233793822,-1.366551421025123,Cammeo,0
1.7945216715408399,1.456873598063215,1.1786595439484522,1.9735260578405946,-0.07061026926605472,1.8245896999615971,-0.5561772614100858,Cammeo,0
-0.9864107223283599,-1.1451182981446675,-1.0389849937071227,-0.5676400634203321,-0.6644449849152829,-1.027254771485979,1.3155033922408537,Osmancik,1
-0.9557365460796465,-0.8960886984385661,-0.9076746286014469,-0.6715026214191739,-0.40314796399128006,-0.910001628560283,1.545009838827538,Osmancik,1
0.7296068734723012,0.840981568882943,1.0428376095691698,-0.03407977461514476,1.0824435270256192,0.7151945784338585,-0.2584879288388778,Cammeo,0
1.6602498056974153,1.328786331701293,1.126942043490097,1.6827882487707129,0.07392921231576016,1.6363082108405276,-0.830271738021628,Cammeo,0
0.02410081975189454,-0.13308816683333263,-0.5794941227193471,1.1353303277920157,-1.540481973733004,0.07368459454231038,1.0535827505953594,Cammeo,0
-1.2318041323180666,-1.4030001937064276,-1.615576267791454,-0.17262696305272238,-1.9334336402537697,-1.194115013341777,1.5187577655164157,Osmancik,1
-1.1901335532632107,-1.298418448878173,-1.281021362371754,-0.8114082764100478,-0.779542831257394,-1.2155362606070486,-0.5388100898903788,Osmancik,1
-0.27106578188666774,-0.035034071112473086,0.03754182770941659,-0.5836696954159164,0.5700570271003654,-0.1822429385743529,-0.32496387084698,Cammeo,0
2.5469071266979593,1.8511350545111438,1.5643839048143235,2.6300697655488943,-0.21066657321035653,2.5106333294835776,1.7072489631441186,Cammeo,0
-0.8272522606605077,-0.8763099643913566,-1.1934334881349025,0.022400454004644643,-1.4314008728264043,-0.7916210515679939,-0.563572733098261,Osmancik,1
2.2627369278655394,2.1577644247495593,1.8913175865113079,1.8341028361427902,0.6496047653475681,2.1926969227042865,-1.0799745791309632,Cammeo,0
-0.414597776408949,-0.13818717132272304,0.18989572720986023,-0.9760874960001164,0.9712498289842068,-0.447189944223762,-1.5987173989406378,Cammeo,0
1.8118844128136964,1.88046715478311,2.0418452501682838,0.7508118598819121,1.362166293380526,1.7958401312634698,-1.2660700388505026,Cammeo,0
0.34415401721488464,0.25097613559968013,0.4961797001806123,-0.07456453790316521,0.651052338689604,0.28056874576216817,-0.9915173947188545,Cammeo,0
-1.1953423756450676,-0.8697541014764261,-0.9507671726597622,-1.2004189772785863,-0.016809271134032598,-1.1743849171763956,-0.9766824857723931,Osmancik,1
-0.8880218551155058,-1.2335352411820246,-1.4086444039614203,0.2239072371879444,-1.9858988578365073,-0.8942175516279778,-0.3702769471157767,Osmancik,1
-0.15936547969795692,-0.08770326503675314,0.29937490658369836,-0.7155366177443274,0.8964145869237452,-0.20761020507270056,2.1772000273656733,Cammeo,0
0.6954601489690166,0.7077115115728831,0.8142209376894117,0.17240987481897774,0.770186191498223,0.6740432350032055,1.3692300902425054,Osmancik,1
-0.803523180920937,-0.750380626824071,-0.49249263050666253,-1.0725782546141698,0.39267339630459624,-0.8665954169964437,-1.1637343894732985,Osmancik,1
0.6416356510231611,0.6309494359398469,0.7180481866559519,0.313616596367938,0.5960044209461252,0.6092157761740947,-1.1187121030278688,Cammeo,0
1.846031137316981,1.8253322450728804,1.7367688930749408,1.2281133200488308,0.8803049588401038,1.8696870626253261,-1.179926060486875,Cammeo,0
0.36904061303931246,-0.26123100584646364,-0.5315092531547955,1.5439977936867704,-1.8450198735968306,0.311573182593482,1.9630013124355936,Osmancik,1
2.2708395404595394,2.0725416267109216,2.0357792893179867,1.6227615204468957,0.8828446617728638,2.218627906235931,-1.254742348277647,Cammeo,0
-0.9881469964556455,-1.3172456081439132,-1.2196054691778817,-0.3286442500323371,-1.1375520838387199,-1.0464211506180638,0.9989073218702559,Osmancik,1
-0.70629182979294,-0.47440000120934217,-0.5801327824871246,-0.435446507785847,-0.19644022371228922,-0.6946617218409761,1.2888201478123253,Osmancik,1
-0.9730992873525032,-0.9214152930041617,-0.9822497011578637,-0.6844025870092771,-0.48784963663250347,-0.9669370489232412,-0.6743312601178172,Osmancik,1
-0.8671865655880778,-0.8090166135604664,-0.670638626113181,-0.8690050716033211,0.04290241260448053,-0.9083104774603932,-1.0747087379529103,Osmancik,1
0.6723098272718745,0.6310896500136665,0.7344572990796312,0.3275921285349466,0.6015596628013045,0.6994105015015532,-0.41231728805156065,Cammeo,0
0.7979003224788705,0.24562491677018738,0.058773561981183046,1.553990859519468,-1.0193240392995726,0.7298512212995704,-0.47006259342653245,Cammeo,0
-1.2497456316333517,-1.334054197724969,-1.1274223812776483,-1.0822132538100833,-0.33330326685851586,-1.2854371727358287,-0.737600800810969,Osmancik,1
-1.4181642219800608,-1.4143190603119005,-1.359745545179408,-1.2016612771749104,-0.5352153829766632,-1.4032540326948213,-0.16402751579211464,Osmancik,1
1.2250237577911431,1.2086280002210925,1.418386978936945,0.6148627045608497,0.9907677040058295,1.1486929770389556,1.8198355322893502,Cammeo,0
-1.397328932452633,-1.2392780334615745,-1.094023002180487,-1.5064730184035864,0.06382773022202869,-1.3485734804650495,-0.8627453251663778,Osmancik,1
0.12827726738903417,0.20903673817805757,0.3758302353186489,-0.32991524992626614,0.7112857221276284,0.11032620170659037,-0.9142089532959911,Osmancik,1
-0.14142398038267176,-0.1086584293618636,-0.6768317961395974,0.9430157438415806,-1.5094064438300123,-0.06611722971525016,-0.6477050937978542,Osmancik,1
0.7411820343208724,0.6412312313773751,0.6698594338913217,0.5456560770031388,0.399200375512152,0.7202680317335279,0.6896434744729364,Cammeo,0
-0.6131117849619429,-0.19772001515324492,0.24882145721641,-1.67695783750915,1.458308095146631,-0.6501280762105435,0.027265908435832452,Osmancik,1
-0.4759461289063757,-0.6306702964090031,-0.8228792571691348,0.4064392219547814,-1.2337970789519797,-0.43760675465771953,-0.613104961446148,Osmancik,1
0.018891997370037557,0.44232132335085694,0.4339970667471115,-0.4716112381010614,0.8549165289581006,0.024077495612208254,-1.3198700128023397,Cammeo,0
-0.10322594958238723,-0.26697379812601507,-0.3587966577008843,0.3346632612781603,-0.5506714531949947,-0.12981725447776768,0.08512614135372647,Osmancik,1
-0.19293344615881303,-0.15704083446826916,-0.47067538550645766,0.43513375289341955,-0.7753778331069423,-0.16251284240897135,-0.8728026421607578,Osmancik,1
-0.6298957681923709,-0.5190846876006869,-0.6751528092739665,-0.28734905347861783,-0.43238607901853915,-0.611231600913077,0.7920732255966942,Osmancik,1
1.3980724124772805,1.6683061618167774,2.0531511835198284,0.004091222199303858,1.7520508243053003,1.3121709166949738,1.7046372540143564,Cammeo,0
-1.0008796733890737,-1.0356897631671262,-1.1812458035077904,-0.3117522514420548,-1.096569992608845,-0.9494618208910461,-0.5539350173344157,Osmancik,1
-0.2976886518383812,-0.49770888105411926,-0.4789457245456717,0.021410987420553675,-0.4435567588480714,-0.3457208782303713,-0.3267680018731211,Osmancik,1
-1.323247903021778,-1.0613797173752422,-0.6507809252026496,-1.943001348639886,0.8687845682229854,-1.3559018018979057,-1.2938632210928904,Osmancik,1
0.05882630229760775,-0.48594286834737876,-0.7792316977328191,1.298142680871219,-2.0046972459099157,-0.01369154561866496,0.5676829829845267,Osmancik,1
-0.6420496870833705,-0.598452693093492,-0.28796205769981287,-1.0628421220933633,0.5920859402360994,-0.6935342877743829,-0.67383452630814,Osmancik,1
-0.0019432921573903697,-0.028646636078899026,0.14695043212938025,-0.22995589160168373,0.42969114311459855,-0.06104377641558063,-1.1723747809888323,Osmancik,1
0.12769850934660562,0.5011539517761472,0.9568590185398034,-1.071271721389873,1.61595313181714,0.08044919894186976,-0.9902840447783672,Cammeo,0
-1.4910877353260585,-1.1925200596982009,-0.6823340286546256,-2.1759113958691008,1.003999384296597,-1.4737186618568983,-1.093822962390193,Osmancik,1
-0.447008226784948,-0.5214939757715641,-0.5685140539696425,-0.07976880413551109,-0.47119537699442743,-0.43422445245793984,-0.7436209986130349,Osmancik,1
1.511508988793277,1.819393666068302,1.865286755376076,0.44131245237777766,1.407998471926682,1.5416037492466963,-0.011418393981464832,Cammeo,0
-0.16862560837681378,-0.284343244002349,-0.6090266913807687,0.7466298602309199,-1.2328683388275843,-0.119106630845132,-0.2479878708402203,Osmancik,1
-1.4060103030890612,-1.4087720547573792,-1.317946003979731,-1.0800675873224828,-0.5874340831189748,-1.3970531453285586,0.11654069818685078,Osmancik,1
-1.057597961547072,-1.2731491368915158,-1.1851413667025157,-0.5525807646771024,-0.8801334128786269,-1.103356570981022,-0.606771605372764,Osmancik,1
-1.1606168930993546,-1.4073989827905833,-1.4830861682716296,-0.39723587764137264,-1.4799418767353854,-1.1811495215759549,0.9896953779432768,Osmancik,1
1.3031560935189979,1.2761171377770129,1.3408799962596922,0.6455471020000906,0.9123980898053136,1.2873673672299228,-0.49266166778946974,Cammeo,0
0.5820235726530202,1.4366460079870098,1.4178415478119382,-0.5200431673925198,1.6238273575014421,0.6729158009366123,-1.0975746910396802,Cammeo,0
-0.6750388955017981,-1.1143011256396245,-1.2630291056123983,0.3964516227882941,-1.9133338694134618,-0.7127006669064677,1.3989600715471593,Osmancik,1
-1.2410642609969234,-0.8615738072184638,-0.7091742935200952,-1.5594709806473208,0.530869353518242,-1.2053893540077094,1.8350105959098297,Osmancik,1
-1.0957959923473566,-0.8566988032616387,-0.770541394153264,-1.314133834455207,0.2789027310661734,-1.068406114916632,0.5949809740688201,Osmancik,1
0.8991829799038674,1.0693911500989175,0.9286734730720861,0.5632546422011214,0.621286790999108,0.9333530703196485,0.6823945546851319,Cammeo,0
-0.07023674116395968,-0.3183819203497836,-0.6300859090986198,0.9289267783507102,-1.427258806530876,-0.03849509508371603,-0.29957799639962707,Osmancik,1
0.8714025938672969,0.6964499275463488,0.4968375284543789,1.0141521045715818,-0.09624521658848394,0.8865645565560294,-0.7584805899848218,Cammeo,0
-0.6397346549136563,-0.7590371359547011,-0.6837446564363882,-0.316782951022219,-0.4186986281111703,-0.640544886644501,-0.7195780023685515,Osmancik,1
-0.6576761542289415,-0.8365002819568352,-0.9854996342189967,0.22693987026819007,-1.3080246268569673,-0.6501280762105435,0.47973410226896657,Osmancik,1
1.3477204627859964,1.462559962727691,1.627622548668756,0.382702957269019,1.2764842839413297,1.3245726914274993,0.9696308801309594,Cammeo,0
-1.0842208314987856,-1.2307053107896888,-1.3737917035918812,-0.2900222532555266,-1.41108611584619,-1.0791167385492675,-1.0025473535362204,Osmancik,1
1.0375061520442919,1.3811477386342617,1.0943686527419818,0.671117433199458,0.6956777283704298,1.0878115374429211,-1.3909785375137356,Cammeo,0
-1.3301929995309207,-1.5463836185726578,-1.380293312305601,-0.9770099959231293,-0.7682144949252638,-1.315877892533846,0.5689680117530395,Osmancik,1
1.586747534308989,1.3751518770507432,0.9874650235366969,1.7919548396602438,-0.13762574879765177,1.5985391696096543,-1.0070588380902605,Osmancik,1
-1.2254377938513525,-1.3625458685178822,-1.132020208828211,-1.132636416268697,-0.2959530081521251,-1.2713442469034133,-0.7789862861498338,Osmancik,1
-0.5824376087132296,-0.6648774006377941,-0.6175592904337649,-0.31060288487130827,-0.34229255398846536,-0.6287068289452721,-0.8409168052690733,Osmancik,1
0.0258370938791802,0.18225414015078667,-0.1717930697352565,0.4936202480124431,-0.4514223850867771,0.19037402043470972,0.1624392107313385,Osmancik,1
-1.370127304458491,-1.2896781532887986,-1.1738659287014106,-1.1625800804364224,-0.3237435498373483,-1.3367354227658208,-0.11567078795035804,Osmancik,1
0.763753597975586,0.8965362658507664,0.8816705537916875,0.37602542449295756,0.6993238933032356,0.8098990400276898,-1.4954415034236876,Cammeo,0
-0.4036013736028065,-0.15541640312523736,0.07798214757521632,-0.9116601013768891,0.830585830884431,-0.45677313378980444,-1.2986122739906891,Cammeo,0
0.3516778717664558,0.7198990214649456,0.7871454229776937,-0.23229289140664997,0.9994961412860314,0.3769643584558893,-1.4532214435785018,Cammeo,0
0.591283701331877,0.03503278249567775,-0.16015604400751055,1.4602402673433987,-1.2306668807549437,0.5235307871130093,-0.6202258411525762,Osmancik,1
1.2018734360940009,1.5622393447554488,1.7093736128314692,0.07140774991475252,1.5007664245371957,1.1616584688047775,-1.6708687561220392,Cammeo,0
-0.04535014533953188,-0.36813739742298346,-0.3483210691770232,0.3129728964216578,-0.5201778191106826,-0.11121459237897938,-0.7991780527177362,Osmancik,1
-0.8561901627819354,-0.9337977346573879,-1.0319449242342127,-0.2489539233495409,-0.9389335553839373,-0.8789971917289692,1.8237091304138824,Osmancik,1
-0.9621028845463606,-1.0499497054673514,-0.8071697952141138,-0.9356956660376735,-0.06198215885114788,-1.0233087522529027,-0.9768537200980892,Osmancik,1
0.3256337598571709,0.3534281654408321,0.27299555715773144,0.29460489795455475,0.18603445159037538,0.3453962045912789,-1.0972260517819565,Cammeo,0
-0.7057130717505115,-0.5300949122509852,-0.7684041057353124,-0.21171635979052617,-0.6146054647212679,-0.6377263014780179,-1.0164319891076472,Osmancik,1
0.81815685396387,1.261885409284323,1.267630164503807,0.06860881681500347,1.1929865336835819,0.9322256362530552,1.4297313426702358,Cammeo,0
-0.8648715334183636,-0.9777257780284272,-0.9217173018310127,-0.512824434661624,-0.5565649399102931,-0.9116927796601729,-0.6960849614133535,Osmancik,1
-0.06097661248510283,0.19867115628178666,0.23640113663022527,-0.32989748326108215,0.5837072137434839,-0.040186246183605875,-1.4494882267480087,Osmancik,1
0.49636738237359423,0.6620470365925292,0.8228554783424488,-0.09012950327086143,0.9410887067962832,0.47674227334939023,-1.418789460249326,Cammeo,0
1.126634890578289,1.2012325627909741,1.372439198781756,0.3493016267231857,1.1097066360476056,1.1047230484418196,-1.4687459177824964,Cammeo,0
1.1127446975600037,0.6121795592530467,0.21945269215163524,2.063313317014082,-1.2285944143662468,1.0432778918124885,-0.44781910025344174,Cammeo,0
-0.5650748674403729,-0.6051487700822421,-0.6303237728320487,-0.3135521512918446,-0.35546690464192443,-0.5576784827498986,-0.8447788335067342,Cammeo,0
1.00220191145615,0.652409028945162,0.4803961780888079,1.2980989475415354,-0.3199454613656701,0.9474459961520638,-0.06694073842555213,Cammeo,0
0.9234908176858667,0.965285620143332,0.845357561783954,0.6298755366412907,0.504692641123249,0.8820548202896565,-1.1657876587300697,Cammeo,0
1.7985729778378396,1.3023397344728687,0.9538147112702058,2.221757803791138,-0.4750880593676645,1.7828746394976476,-0.666835516076757,Cammeo,0
0.6671010048900174,0.8192133339224519,0.8058390727971598,0.3362554278119531,0.6589064990008481,0.7360521086658331,-0.9236430390509003,Cammeo,0
-1.4702524457986306,-1.1308583558444425,-0.9789196088898608,-1.657745239112533,0.31731358806276866,-1.431439884359652,-1.2424551284202596,Osmancik,1
0.7776437909938713,0.8024885308001422,0.8976109091143224,0.38612645698331166,0.7066305555781903,0.7856592075959353,0.5472096825027545,Cammeo,0
1.1937708235000013,1.2004759197706671,1.353302059437324,0.5445613770944967,0.9816350927826092,1.1678593561710404,-1.4070221139753587,Cammeo,0
-0.46494972610023316,-0.6842919200786186,-0.8605061631329494,0.2916241982033083,-1.1839002291206562,-0.47142977665551644,1.5788471299715257,Osmancik,1
-0.9088571446429338,-1.0517143508842028,-1.280593556169873,0.008154321860218852,-1.5551468949564804,-0.87054143622952,0.22735244668601526,Osmancik,1
-0.28611349098981015,-0.4632504174490906,-0.494281400633876,0.15727267608224904,-0.5739616183515123,-0.3192261776654304,1.4401866637729908,Osmancik,1
0.4766896089310234,0.522137329908793,0.5358419529623359,0.29052813162811364,0.4447000421619249,0.45870332828389854,1.1832595853011767,Cammeo,0
0.061141334467321964,0.40172678408849183,0.4813127811934492,-0.37788934592259943,0.8353728555996837,0.09905186104065807,-1.034942265450245,Osmancik,1
1.229075064088143,1.217481151040616,1.1908254461823933,0.8479039517791149,0.6675403423794858,1.2648186858980581,-0.5106867802092615,Cammeo,0
1.5693847930361324,1.6006485963795023,1.467660494881499,1.0825824655274092,0.7534918011140311,1.591774565210095,1.434421003482095,Cammeo,0
-0.45453208133651923,-0.5348579159415274,-0.6911515414103001,0.12453554548098508,-0.8010127804293715,-0.4066023178264057,1.4219170410773174,Osmancik,1
-1.149620490293212,-1.23608474342672,-1.0611742819826921,-1.0971522858966833,-0.23677735652244508,-1.1845318237757345,-0.40953434459610216,Osmancik,1
0.4251801431548821,0.5887586791419869,0.4621468890900313,0.24620986866001696,0.405111061118643,0.537059995912128,-1.1832265635483792,Cammeo,0
0.9130731729221527,1.080065373950366,1.2014038476020206,0.2286878367889806,1.0497828326510514,0.9953619439822762,0.5153323301947756,Cammeo,0
0.06808643097646461,0.471626064779151,0.8660151121717294,-1.0897859531781056,1.5636742355556494,0.03253325111165748,0.2797154406884291,Cammeo,0
-0.7086068619626542,-0.824228985606027,-0.7815249480858759,-0.38850014503707775,-0.48174976322289487,-0.7431413867044849,0.9143831276686192,Osmancik,1
0.051881205788465105,-0.10574471251078336,-0.006849818277624989,0.04539871875199664,0.07613067038840085,-0.0018534879194360427,1.7567788775146314,Osmancik,1
-0.8440362438909358,-1.0036679465766438,-0.9139218189629278,-0.552979831310465,-0.5119739480118576,-0.8930901175613846,-0.7224249658646982,Osmancik,1
-0.2988461679232383,-0.10039434864515541,-0.11825368991206764,-0.3181468842417256,0.2258556176647561,-0.2605996062025824,-0.05737089933135223,Osmancik,1
1.247016563403428,1.1923794119714506,1.1733733927736818,0.9067963468642642,0.6161615214237415,1.1881531693697185,-1.3677145803185906,Cammeo,0
-0.4325392757242342,-0.25980150626459725,-0.0481248394497409,-0.765164380269321,0.6142753763562967,-0.44549879312387214,-0.18506928338216647,Cammeo,0
0.8586699169338687,0.7249971709904711,0.8069891831565956,0.5506157099225671,0.5216736796939825,0.8172273614605458,-1.0148014063845765,Cammeo,0
-0.273380814056382,-0.36670875280498016,-0.11437381004042387,-0.4937184362561105,0.35726947878482396,-0.3158438754656507,-0.9307700893636598,Osmancik,1
0.6937238748417309,0.9875018561689539,0.9354216584765014,0.09362291472745793,0.9200343974947859,0.6830627075359513,-1.276415060365084,Cammeo,0
0.40145106341531145,0.49854887688024146,0.5148846768445273,0.21345087139391122,0.4768619686919099,0.4429192513515933,-0.7129623410555063,Cammeo,0
1.440321749574565,1.6769070982961984,1.8148605151849069,0.46285795057970325,1.3624873393494528,1.4046205101556188,-0.4452937796123189,Cammeo,0
-0.7421748284235103,-0.226687900818826,0.19808939222511188,-1.7711225296506583,1.4769172954169216,-0.7172104031728407,-0.22373738795784384,Cammeo,0
-2.23884312614375,-1.9506464423104741,-1.3938053664375178,-2.584950765899485,1.0218088361264417,-2.2420649782401845,-0.96893606084912,Osmancik,1
0.9159669631342955,1.1762146101805544,1.1470872719904857,0.3275401952059474,0.9485358266826434,1.0139646060810645,0.4298270095864474,Cammeo,0
-0.3573007302085222,-0.6075298444455824,-0.8314240543623067,0.654136601283256,-1.4743895013620714,-0.3305005183313627,-0.44554677447190605,Osmancik,1
-1.1316789909779268,-0.650253243731184,-0.3676289824839152,-1.772506962868454,1.0116758227321905,-1.074043285249598,1.537764004342899,Osmancik,1
0.7018264874357307,0.9122804254202037,1.2014927197661605,-0.12096696736399493,1.2529390018987847,0.6796804053361717,2.1485337043273933,Cammeo,0
1.4530544265079932,1.469339826175187,1.166362947355486,1.2908378481475062,0.3670183836091091,1.5021435569159332,0.15056002221761458,Cammeo,0
0.11612334849803455,0.6220124986615777,0.822409374930304,-0.9230458004266983,1.4375891642233927,0.07932176487527653,-0.0265232669549247,Cammeo,0
-1.035605155934787,-1.270711634913105,-1.304412167454643,-0.27969162078433374,-1.3126883928520017,-1.0379653951186147,1.8422471744849713,Osmancik,1
-0.9320074663400759,-0.9649791217688144,-0.8355749072049977,-0.8247537752963023,-0.18617821863409437,-0.9708830681563175,-0.7573637102388395,Cammeo,0
-0.026251129939389616,-0.06643945875646665,-0.1329794589914802,0.1810868407615103,-0.16345275040506396,-0.05709775718250433,-1.0071220868051571,Osmancik,1
-0.33820171480837996,-0.6158785665849013,-0.8761903575118918,0.583589273837433,-1.4763157771756321,-0.3643235403291596,-0.3180080548599166,Osmancik,1
0.7724349686120142,0.12709187159688515,-0.3889635296514494,2.334093694416173,-2.3661692085846657,0.7659291114305538,1.7074518218272632,Cammeo,0
1.018985894686578,1.0695877917878107,1.3184005665070848,0.18288400727819487,1.1650469349413621,0.9299707681198688,-1.1601214994662676,Cammeo,0
-0.6837202661382265,-0.43324546061556346,-0.5179309805476382,-0.6396196574132924,0.03618337911194177,-0.6450546229108739,-1.1394669374235107,Osmancik,1
-0.17383443075867078,-0.008755046801542037,0.3830820296531824,-0.9178278675288263,1.0961109125599247,-0.22226684793841256,-1.370144256561577,Osmancik,1
1.3789733970771383,1.2042300661008,1.0784770899800487,1.1898152232449943,0.3525369172250196,1.3319010128603554,0.7031648155966025,Cammeo,0
-1.0500741069955009,-0.7787320835431648,-0.8367145620157114,-0.9477264317003155,-0.08716706852070653,-1.0114706945536738,-1.0912259084504679,Osmancik,1
1.2933172067977123,1.3585672880022532,1.5324160645963694,0.4317211865115478,1.1809731081856223,1.3166806529613468,0.39187469534521163,Cammeo,0
-1.0078247698982163,-0.8345389948510905,-0.6621609186909762,-1.1924294446120176,0.3031531676476059,-1.0492397357845469,-0.8700358965469193,Cammeo,0
-1.278104775712351,-0.9905288619031122,-0.668024738932645,-1.931207016290846,0.8438691078487813,-1.286564606802422,-0.8258188742277363,Osmancik,1
-0.05287399989110308,0.2074960932937716,0.298732761633015,-0.48004357073067644,0.7414181794968925,-0.030603056617563414,0.09159216546323543,Osmancik,1
-0.2826409427352388,-0.2375579113953031,-0.17166760315059076,-0.3161132844114392,0.16833105958955655,-0.32599078206498977,0.6958572750486497,Osmancik,1
-0.6513098157622275,-0.5770486727393875,-0.3164516853762024,-0.9795957290406709,0.5042282710610513,-0.6963528729408659,1.8677348639367923,Osmancik,1
0.7579660175513004,1.039779476643177,1.1192598290665001,0.06650141699087603,1.082010688263941,0.8245556828934018,-0.6384684674455496,Cammeo,0
-0.5471333681250878,-0.5074862478114414,-0.33541805075817105,-0.6784849208364678,0.2642120115059084,-0.5689528234158309,0.31289016297758343,Cammeo,0
1.5740148573755608,1.6430642086737925,1.4441442232139443,1.3024244471805493,0.6012787475784935,1.6752046861379941,0.4218715553736983,Cammeo,0
0.8534610945520117,0.726930244288679,0.4690841456671753,1.1437571937554203,-0.21933194788951382,0.8967114631553685,1.419319987137592,Osmancik,1
-1.4355269632529175,-1.5178637339722059,-1.2658886981879045,-1.4656165218132555,-0.18048538564937508,-1.4731549448236017,-0.4846437361876153,Osmancik,1
-1.3215116288944924,-1.439000157159607,-1.1138066429542366,-1.3762515626045202,-0.06755173311565418,-1.3559018018979057,-0.8944807535287346,Osmancik,1
1.0948031982447186,0.43725053266900504,-0.19196617969890425,2.5927872728269628,-2.2916779443480597,1.0883752544762177,-0.10231142524289111,Cammeo,0
-1.0182424146619304,-0.7192274535201798,-0.33293834311957254,-1.5247603835440855,0.8733279419796829,-1.0159804308200466,-0.690983412628874,Osmancik,1
-0.7612738438236526,-1.0736792275335856,-1.1605734410926585,0.08858264848142548,-1.443913066168952,-0.7724546724359089,-0.4164454236872629,Osmancik,1
2.705486830323383,2.371773849591489,1.838538847857655,2.6300697655488943,0.08295576370996005,2.7513405027012325,-0.4158592160857805,Cammeo,0
-1.1970786497723533,-1.2289962380240478,-1.0053895730714213,-1.2660613384670856,-0.02806021245579651,-1.2375212249056164,2.1049291146866014,Cammeo,0
-0.9302711922127902,-0.974392273919753,-1.044901962988129,-0.4373038076308465,-0.7879588220142599,-0.936496329125224,1.4008205093560746,Osmancik,1
-0.008888388666533012,0.3879994842760082,0.6243551432610986,-0.8593878390725915,1.2520532590023707,0.00829341867990303,-0.5053283799362377,Cammeo,0
-1.5327583143809145,-1.1203525598743505,-0.4090015887774394,-2.584950765899485,1.6509987391037353,-1.585334634449628,1.416375836591726,Osmancik,1
-2.0061823930874714,-1.954876803513273,-1.8799639857368478,-1.8104415263693008,-0.7076657984820488,-1.979372840723962,-0.0361602113929785,Osmancik,1
1.0421362163837202,0.5486121409447526,0.2494470475482817,1.8871294983841296,-1.046277568280094,1.0415867407125985,-0.3339737274166059,Cammeo,0
0.9171244792191526,1.0191038855018408,0.8573823141101478,0.6900443982865794,0.476423396966501,1.0229840786138102,0.8942669510282764,Cammeo,0
-0.12174620694010095,0.20102401683758853,0.45994860997120224,-0.8717315713757816,1.1298322052247023,-0.1005039687463437,0.18197535037653031,Cammeo,0
-0.07776059571553089,-0.3418592280759171,-0.6133021395123986,0.7781315242686202,-1.2670654674820159,-0.07288183411480956,1.4015972344280387,Osmancik,1
1.1231623423237176,1.0967901770726773,1.1859679725052306,0.6080252717981326,0.8105835204275527,1.1323451830733535,-0.6487078173267057,Cammeo,0
-0.5355582072765167,-0.8121269721004399,-0.7283323439619699,-0.11763230097562205,-0.6426195919919936,-0.589246636614509,-0.08898985749920396,Osmancik,1
-0.6102179947498001,-0.056129449511403126,0.07162778783933349,-1.2731338378768517,1.0630775755428528,-0.5554236146167121,-0.9891633084034279,Osmancik,1
-0.19351220420124157,0.349282445660642,0.8762449953006218,-1.5404251155701223,1.8198803846866707,-0.20761020507270056,0.7613968275459629,Cammeo,0
-0.7265483612779394,-1.0021273016923593,-1.1243249249687133,0.15605224285076666,-1.452329056925818,-0.7031174773404253,-0.0901491601637145,Osmancik,1
-1.133994023147641,-1.0002780148528974,-0.7854248677592355,-1.358292197436648,0.2967953108701098,-1.1168857797801408,-0.3305706380248424,Osmancik,1
2.423052905618249,1.7754091950821889,1.2400179316243525,2.6300697655488943,-0.8035582163258623,2.4069093953570007,-0.158382182324681,Cammeo,0
0.14216746040731945,0.5616956529670784,0.8140702035286659,-0.822494675484835,1.3732309133810379,0.10468903137362422,-1.6397341905512017,Cammeo,0
-0.15010535101910008,-0.4263253830942479,-0.7371341733945612,0.8057573219631184,-1.4731798460148653,-0.16307655944226798,-0.4998195711338862,Osmancik,1
-0.8492450662727927,-1.2270358058821662,-1.478460459257808,0.3898629233381524,-2.284431478192284,-0.8773060406290794,-0.24613977424396793,Osmancik,1
-0.657097396186513,-0.7220291701049772,-0.7647359507252937,-0.24280939052899805,-0.5834066760980631,-0.6230696586123059,0.11157721671903613,Osmancik,1
0.21972103809274562,-0.08574197793100842,-0.39340713785835885,1.0375699359505883,-1.1866749835663803,0.19488375670108266,-0.44455176420096887,Osmancik,1
1.327463931300997,1.3304954044669337,1.146313561385047,1.1606819923429652,0.4323971019955527,1.415894850821551,0.8364229159520022,Cammeo,0
1.8576062981655521,1.798045218365405,1.680533724272891,1.3691273416138752,0.7542829501088865,1.849393249426648,-1.3576225536635966,Cammeo,0
-1.051231623080358,-1.1752070414369407,-1.2206170435167492,-0.5162793677066267,-0.9643019198928826,-1.0791167385492675,0.12565468373831898,Osmancik,1
-0.22360762240752638,-0.19298522527023954,-0.4229266370838779,0.2817568656934509,-0.5870901052951247,-0.2419969441037941,-0.887339048025938,Osmancik,1
1.1769868402695731,1.3821839548383414,1.6471657118218963,0.15611510951218682,1.4136970378751375,1.2090106996016934,1.8207696078227649,Cammeo,0
0.17978673316517543,-0.11588629387449044,-0.34944329807319996,0.9990545391648789,-1.093336601064654,0.16613418800295526,-0.3159362737841513,Osmancik,1
-0.8405636956363645,-1.1437178673341997,-1.1551487538973197,-0.14080139904205052,-1.217761979396834,-0.8682865680963335,1.4228603725202293,Osmancik,1
0.15721516951046186,0.397693064574586,0.4484431498982116,-0.28901228667314643,0.7490487542226286,0.3493422238243552,1.2858667413569622,Cammeo,0
-1.337716854082492,-1.1322314278112366,-0.6964525046124269,-1.9928587111457186,0.8607727514091433,-1.372813312896804,-1.3207932897746746,Osmancik,1
-1.5287070080839145,-1.6538790802519912,-1.4001318447101416,-1.4176410591503696,-0.39658658700133925,-1.5526390465184243,1.3258422431491035,Osmancik,1
1.1312649549177174,1.1407746480587888,1.1430078653973976,0.6882581651023157,0.7259563763148301,1.1351637682398368,-0.2437841452769585,Cammeo,0
1.2672730948884274,1.5705316392796922,1.745611673406694,0.2911595315754203,1.4077089572582802,1.2546717792987192,1.7373630646929017,Cammeo,0
1.3292002054282828,1.5045275739568504,1.3586160920753552,0.8707669165377584,0.7922265705614187,1.4192771530213308,-0.4020208600618391,Cammeo,0
0.21103966745631733,-0.33272650407261933,-0.8542162792808531,1.842152502137674,-2.678386413365946,0.17684481163559096,-0.19145277563199303,Osmancik,1
-0.3619307945479507,-0.3753096892844013,-0.49492877335892205,0.0625394506548543,-0.49683032431685664,-0.3457208782303713,-0.931179663358906,Osmancik,1
1.3193613187069972,1.4254955692628934,1.5767353930380827,0.34665302694422395,1.260400454194472,1.2800390457970667,0.5973975377733521,Cammeo,0
0.5785510243984489,0.4972313775646562,0.6561060308430668,0.2889332317612156,0.5564670365764208,0.5156387486468567,-1.0818812964873639,Cammeo,0
-1.4077465772163469,-1.3448404218427001,-1.4200287539283811,-0.8787316374582594,-0.9169877702223005,-1.3017849667014305,0.5779956088158681,Osmancik,1
0.499261172585737,0.6747936928521404,1.0241779402830524,-0.41471964284893587,1.291473117615593,0.45306615795093236,1.9543724908069313,Cammeo,0
-0.4516382911243765,-0.9411940270513696,-1.295333265980915,1.0859061985833611,-2.693180326273366,-0.4686111914890334,1.294760127732083,Osmancik,1
-0.5725987219919442,-0.2654887258929365,0.1811627301396881,-1.489243453174809,1.2905529769367992,-0.5802271640817632,-1.4642182353868365,Cammeo,0
-0.20566612309224122,-0.44044511132065184,-0.8084715110300207,0.8228461205369744,-1.5971781185490979,-0.25947217213598917,-0.6054433823599316,Osmancik,1
-0.47420985477909006,-0.26820665601898974,-0.2975288847805792,-0.5086479016768423,0.17776751789051115,-0.4235138288253042,1.302920754605351,Cammeo,0
-1.679762857157767,-1.4203422807390895,-1.021156540544414,-2.3828903119290583,0.8278827384853423,-1.6884948515429086,-0.26541751974903266,Osmancik,1
-0.004258324327104584,-0.1551077611700613,-0.4734766012682637,0.7675289251534576,-1.0625505858300694,-0.0007260538528428125,-0.010890035814339264,Osmancik,1
-0.7022405234959401,-1.2287440236839455,-1.6020886099398886,1.0265327368716926,-2.940837909861246,-0.7093183647066881,1.2309491163333515,Osmancik,1
1.040978700298863,1.2633704815174,1.6183720019368395,-0.11134016816739714,1.5377985037565198,0.9931070758490896,-1.1249559853094475,Cammeo,0
-0.34977687565695104,-0.5018272419906373,-0.6027437778944872,0.22093883743567147,-0.7666178645262263,-0.3744704469284987,-0.7851005856984533,Osmancik,1
1.7569023987829837,1.3105764563459048,0.9278945346922848,2.3039600635976347,-0.562618949610055,1.752997636732927,0.9245368603869272,Cammeo,0
-0.0563465481456744,-0.42638181070932163,-1.007232363533699,1.606200255162348,-2.711113036823418,-0.059916342348987406,0.43083358974425595,Osmancik,1
-0.24212787976524008,-0.022454987770353537,0.25113213348400215,-0.9383251324848987,0.9991148991979308,-0.2572173040028027,-1.1424727940326909,Osmancik,1
1.1602028570391452,1.098135035231933,1.1585073450822472,0.7470876935260449,0.7026432793033838,1.1176885402076417,0.5144761585662948,Cammeo,0
0.42344386902759645,0.2914022469806888,-0.13329312545314287,1.232557719677927,-1.0030338228584046,0.5240945041463059,0.7019977996741776,Osmancik,1
0.3412602270027419,0.5339597702306056,0.6816471937798119,-0.3069197185120194,0.9594657220354751,0.3369404490918297,0.6959236090667121,Cammeo,0
0.31405859900859984,-0.16051540761462776,-0.4353626409931426,1.3270941451217482,-1.5017959344773286,0.23321651496525247,-0.479340871371574,Osmancik,1
0.42344386902759645,0.6362442271542659,0.40174257023502835,0.42329295388159055,0.2245341695247986,0.49478121841488193,-1.1659604357073488,Cammeo,0
-0.5251405625128027,-0.6696959769795454,-0.42599359804237336,-0.5721746630418982,0.08645287158576946,-0.589246636614509,1.7378590271767875,Osmancik,1
-1.095217234304928,-1.298503090300785,-1.3494956222487997,-0.26537988864538253,-1.3968454339387957,-1.094900815481573,1.619441235048389,Osmancik,1
-1.6351984878907684,-1.6493682909015512,-1.6472104017460265,-1.1385499824418486,-1.0084457406203131,-1.6135204861144588,-0.7826038041116132,Osmancik,1
-0.8087320033027939,-0.8237527707333576,-1.0156795756054644,-0.20419969375116104,-0.9563904299443302,-0.8012042411340363,0.34965694947740017,Osmancik,1
-0.7039767976232257,-0.6238066465027613,-0.48440439227435755,-0.8103040098355374,0.2041764153166031,-0.6986077410740523,0.4850601068587506,Osmancik,1
-0.3613520365055221,-0.4122620824829145,-0.23909195167678968,-0.4221392755630655,0.1755058636986967,-0.4156217903591516,0.903685610267357,Osmancik,1
-1.041971494401501,-1.222945658753185,-1.1400552980211784,-0.6676513550739138,-0.7132382392284206,-1.0627689445836657,0.3493669309798247,Osmancik,1
-1.4627285912470596,-0.9378040953276232,-0.3864463562965933,-2.5641294301371245,1.5171340359887353,-1.4415867909589912,-1.8221712520420164,Osmancik,1
-0.4973601764762322,-0.569849022034296,-0.7075528121724362,0.07258854981620914,-0.7781124568065507,-0.4347881694912365,1.4161629506732931,Osmancik,1
0.7162954384964445,0.6864759191001335,0.7352562772611451,0.38464089044062255,0.5652184057115406,0.7084299740342991,-0.7563887544384794,Cammeo,0
1.5300292461509908,1.457461813202167,1.6616710430824153,0.674135032947625,1.1388673560644984,1.4468992876528648,1.9562676382764606,Cammeo,0
0.2584978269354587,0.5877780355891145,0.56159832594361,-0.18016412909037666,0.7775960471203274,0.34426877052468563,-1.025752689971217,Cammeo,0
0.9668976708680083,1.1926598401190898,1.4150089654039641,-0.045311040344508835,1.3635909348676332,0.9660486582508522,0.056857051098029986,Cammeo,0
-0.5534997065918019,-0.8593047331214078,-0.7883977287792316,-0.10731943516961312,-0.7304371304209258,-0.6050307135468143,-0.6624389590656391,Osmancik,1
2.071746773864117,1.8040692937564586,1.4574036015850746,1.9642299919497264,0.19939512356508662,2.021890661615412,0.5840620861654193,Cammeo,0
1.1619391311664307,1.0094385190108015,0.8148622113443699,1.3281396450344936,0.008550493929316526,1.1842071501366422,-0.6180568730270913,Cammeo,0
-1.1241551364263556,-1.0359984051223023,-0.5629978807229848,-1.73405579941072,0.8037727595153259,-1.1631105765104632,1.0474707650241142,Osmancik,1
-0.4464294687425195,-0.1739622792794722,-0.1588647837403258,-0.6439574570512824,0.4204754039172811,-0.4257686969584906,-1.2560088652271655,Osmancik,1
-2.3302868968474613,-2.240466368003969,-2.1093866061639397,-2.197922927365467,-0.6729011064182646,-2.310274739269075,-0.6899884023579368,Osmancik,1
0.5623457992104494,0.5846121043979335,0.6031469339739538,0.2796221325382712,0.514358417973437,0.5043644079809244,-1.1686523627194192,Cammeo,0
-0.6333683164469422,-0.6448182384429455,-1.0240474997660867,0.26088240076885766,-1.3979260976020582,-0.6016484113470345,-0.6325948215438544,Osmancik,1
-1.425688076531632,-1.4817517702527454,-1.400163211356308,-1.1102777514679674,-0.6739015085892954,-1.425802714026686,0.2560264829822094,Osmancik,1
0.9958355729894359,0.8322686321372391,0.651537827347217,1.1532268262984677,-0.03479357835766235,1.0624442709445734,-0.745988968792707,Cammeo,0
-0.6906653626473691,-0.699924934345638,-0.8715855595955143,-0.1441715987607913,-0.8101396586888611,-0.6800050789752641,-0.7336662679489142,Osmancik,1
-0.625844461895371,-0.5797101752503654,-0.452209143871695,-0.6691902216121548,0.13179488173294437,-0.6546378124769164,-0.7365741661825834,Osmancik,1
1.6972903204128427,1.4616357467898924,1.5096090276504666,1.250082484882066,0.6871958085306593,1.6019214718094341,0.9025556179829206,Cammeo,0
-0.7444898605932245,-0.7460382653549875,-0.8416975022775397,-0.3379580825883868,-0.6022079306533369,-0.7639989169364597,-0.7749329691158997,Osmancik,1
0.3956634829910259,0.1595616892524985,-0.137618237441203,1.029196369982733,-0.8406246933275767,0.3651263007566604,1.0167835684123028,Osmancik,1
-0.8550326466970782,-1.0600912868310584,-1.0141365108732214,-0.3890604783236486,-0.7885808485790556,-0.8908352494281981,1.231954153839577,Osmancik,1
-0.28611349098981015,-0.5593714398717423,-0.4006929127262426,-0.07913603752165181,-0.2688217572959479,-0.3541766337298205,0.8575117344153309,Osmancik,1
1.5595459063148471,0.9737189837052613,0.6496749970832216,2.248495268226436,-0.8390079975554813,1.4953789525163739,1.4748608434006738,Cammeo,0
-1.2127051169179244,-1.4866267742095705,-1.372011646421936,-0.7035290854130798,-1.0111058357914204,-1.2375212249056164,0.7897978145119929,Osmancik,1
1.2528041438277138,1.561230487395038,1.7857008610945733,0.015698321230636192,1.5798641251315277,1.2349416831333375,-1.673099430310838,Cammeo,0
-0.8822342746912203,-0.760690636069133,-0.8248562271733467,-0.7590936474426192,-0.22714024449091125,-0.8220617713660111,-0.6970691731232108,Osmancik,1
0.0258370938791802,0.32406785136132915,0.5132832352985841,-0.44975003992548246,0.9087003281989355,0.005474833513419954,0.2679673775592473,Cammeo,0
0.5895474272045913,0.7846984427023495,1.026174078793255,-0.2208320256964471,1.179958373605259,0.5426971662450942,-0.8458571469631452,Cammeo,0
-1.4077465772163469,-0.964418265473536,-0.5618538694336369,-2.1804090954937463,1.116537462332901,-1.3750681810299905,1.4935986608517415,Osmancik,1
-1.1490417322507835,-1.2794801443100177,-1.2127858375238636,-0.6875090200833638,-0.7963404149887409,-1.1574734061774972,1.0155795288518896,Osmancik,1
-0.15126286710395717,0.01984862425765402,-0.08383053833586161,-0.14372606546463987,0.1339074788677571,-0.06386236158206371,-0.0476437097757018,Cammeo,0
-0.6513098157622275,-0.7193676675939994,-1.031052717409923,0.19979377253366112,-1.3510619855843464,-0.6309616970784585,-0.7943271848154695,Osmancik,1
-1.5316007982960573,-1.43659086898873,-1.3222763437421523,-1.4205944255705638,-0.29158735627109417,-1.4979584942886526,1.0810805150596317,Osmancik,1
-2.133509162421753,-2.1583812873489774,-1.7406969480536207,-2.3928902110945187,0.02278830935484553,-2.175546368311184,-0.8790750634966192,Osmancik,1
1.824038331704696,1.7329653689803617,1.8304331837108099,1.0622984005535467,1.0448410179150769,1.752997636732927,0.5045869905944453,Cammeo,0
-0.5830163667556582,0.15143696764574358,0.6075513338731584,-1.9624312470183685,1.8755245306581616,-0.48157668325485553,-0.24892657432838353,Cammeo,0
-0.1524203831888143,-0.2347561948105056,-0.25102434665593454,0.1123927131610289,-0.24495256280261593,-0.13827300997721692,-0.05759998309140522,Osmancik,1
-0.2664357175472393,-0.32745907170187244,-0.2518058989229164,-0.10282310221152018,-0.07947629767579123,-0.2797659853346673,-0.26404918779504616,Osmancik,1
0.1392736701951767,0.5851165330781366,0.7453049308788569,-0.5745567628431006,1.174348668594637,0.16444303690306541,1.3292538171245727,Cammeo,0
0.5530856705315924,1.0311221125486836,1.163164420742237,-0.4800709040617287,1.4289495878810243,0.6261272871729933,1.623628762770031,Cammeo,0
0.2683367136567441,0.2879003149906581,0.34156130308609606,0.03109245327925593,0.4369376092703741,0.2490005918975577,-0.014375657065785167,Cammeo,0
-0.052295241848674526,-0.2542827145176128,-0.40579347791119497,0.55770734266407,-0.7941131585793114,-0.055970323115911096,1.4841630324452495,Osmancik,1
-2.967499501561299,-2.390013227371208,-1.4477725524625893,-2.584950765899485,2.146862837556717,-2.954603308327106,1.2166610773730098,Osmancik,1
-0.5291918688098026,-0.7231773865753414,-0.9808303604188326,0.4141130546476969,-1.4765651610979234,-0.4731209277554063,0.3311559290442996,Osmancik,1
-1.3498707729734916,-1.451019239170313,-1.2268119561346194,-1.1803891122835073,-0.3768537258398048,-1.4009991645616349,-0.9411274520909038,Osmancik,1
0.33431513049359923,0.23391447671465748,0.30751542255961567,0.23558540288001253,0.26221407364571236,0.282259896862058,-0.1943660731462022,Cammeo,0
0.3794582578030264,0.45243469090702876,0.3172477958284778,0.5155648128477314,0.07394641120695267,0.43615464695203393,-0.4934808157799622,Cammeo,0
-0.4562683554638049,-0.6733663368509325,-0.7960215663891281,0.2799036658481092,-1.0812199822195339,-0.46353773818936383,0.32144416600447767,Osmancik,1
-0.9713630132252176,-1.1518143751334178,-1.2236796479966106,-0.30021075240524786,-1.1703761676796163,-1.018235298953233,1.6979151497420946,Osmancik,1
-0.6107967527922287,-0.8408982160771277,-1.219643806189863,0.6662425336062892,-2.1138758071999395,-0.5492227272504494,1.265937225558144,Osmancik,1
-0.8671865655880778,-1.0916086747413347,-1.1020310812059224,-0.17200239643817877,-1.1100309914488458,-0.9049281752606135,1.5060293473063338,Osmancik,1
1.6561984994004155,1.7353182295361638,1.6344604775330365,1.0854920986179224,0.8838135326433804,1.758634807065893,-0.3877652167847373,Cammeo,0
0.277596842335601,0.4656584170031709,0.6997797291511879,-0.34226854889532454,0.9962799486330328,0.28056874576216817,-0.5520514397517579,Cammeo,0
0.36498930674231256,0.1834305704286876,0.154153433903212,0.4550693178963684,-0.05361776476785945,0.3245386743593041,-0.11252609269872162,Cammeo,0
0.700090213308445,0.7668801407970199,0.9697507101142081,0.1055224804010492,0.9406042713610276,0.6841901416025445,-1.0008419522113814,Cammeo,0
0.548455606192164,0.41934844430492807,0.14942926847225677,1.0318340364292737,-0.49333034995918185,0.5449520343782807,-0.7146392033260623,Osmancik,1
-1.1380453294446409,-1.0400321246362096,-0.7916859988523459,-1.3133507345205604,0.25503926953657224,-1.1411256122118953,-1.0173922897179704,Osmancik,1
0.04493610927932246,-0.31936256390265594,-0.615378437229471,1.041745102268815,-1.5083315131304809,0.03591555331143717,0.5344126162972358,Osmancik,1
-1.065121816098643,-1.1733859684050154,-1.3456392673617823,-0.2790752541691058,-1.377447951155515,-1.0131618456535636,0.7230711916216779,Osmancik,1
-1.2190714553846385,-1.180081190429901,-1.4339337624331054,-0.34606924857813803,-1.4516382347962524,-1.1574734061774972,-0.003169064642183145,Osmancik,1
-0.10611973979453,-0.08565819147226256,-0.34955656651769146,0.4061795553097851,-0.5974983009484558,-0.03511279288393634,-0.929541367377921,Osmancik,1
1.7227556742796992,1.6508529294816976,1.5609013357941228,1.2814051156013768,0.7102079249462261,1.7591985240991896,-1.2525417557947138,Cammeo,0
1.1167960038570035,0.8064666776628406,0.7007250850148151,1.2623428505255494,-0.061079217063541344,1.060189402811387,-0.09621332353589147,Osmancik,1
-1.500926622047344,-1.3922148245525596,-1.1627098582148832,-1.6317731079466975,0.08543527052354623,-1.4782283981232711,-1.1741280045127396,Osmancik,1
0.6358480705988756,0.7413304006627237,0.47066031963703686,0.6755098994995525,0.11699236937992812,0.7337972405326467,-0.38567800919314343,Cammeo,0
0.29553834165088616,0.7842222278296833,0.8538988737942218,-0.3580576475776491,1.1288576013904603,0.37809179252248254,-0.8552233560484092,Cammeo,0
0.19946450660774626,0.7304603900862466,0.9449553763196428,-0.7845737786495144,1.446309002057993,0.2704218391628291,-0.388393847304748,Cammeo,0
2.1747657054163994,2.1148435288111997,2.407829535046748,0.8332245863375112,1.5548282725189762,2.076571213845184,-0.36671959256572834,Cammeo,0
-1.1062136371110705,-1.2257191615304475,-1.2984899703992754,-0.45265283968323,-1.1385180882273656,-1.1197043649466238,1.4198097790151465,Osmancik,1
-0.1859883496496704,-0.19564672778121744,-0.1413517396307335,-0.25068002320548965,0.15201504481159983,-0.2042279028729209,1.3093767514795713,Osmancik,1
1.6874514336915574,1.7169689950708222,1.5857559176981137,1.2299651532276197,0.7607927304252443,1.7276303702345792,0.05465183066034823,Cammeo,0
-0.2936373455413813,-0.6282610082381275,-0.8213039544949984,0.6514757015053207,-1.4566631775063292,-0.3372651227309221,-0.5644859828353073,Osmancik,1
-0.7485411668902244,-0.4977653086691914,-0.496404748320198,-0.6736318879081432,0.08650446825934698,-0.6687307383093317,1.2593416187156756,Osmancik,1
0.07040146314617882,-0.1704047746382325,-0.1832741335278971,0.42153678736148437,-0.4081356424371066,0.020131476379131947,1.5399090613688498,Osmancik,1
-0.25428179865623973,0.5362014854839895,1.1011734723686453,-1.935927482563567,2.1639012057647533,-0.1929535622069886,-1.8795632902045158,Cammeo,0
1.087858101735576,1.1747013241399422,0.8906257312722036,0.9929059063446757,0.3081809768395483,1.0957035759090736,-1.2031067144965462,Cammeo,0
-1.0170848985770733,-0.8226045542629952,-0.749453423676427,-1.040189623983822,0.08822722386046293,-0.9545352741907156,1.39756320053889,Osmancik,1
1.4542119425928504,1.3312238336797038,1.3110372463195135,1.1414242939501094,0.5878378141115506,1.424914323354297,-1.2172913958008371,Cammeo,0
-0.7531712312296528,-0.05509323330732178,0.7162175943338515,-2.5315439995232003,2.2448850514265355,-0.7944396367344769,-1.7715607102377182,Cammeo,0
1.1625178892088592,1.2331415241513075,1.2457850380403415,0.6954181311714491,0.8063697920853888,1.1346000512065402,-1.2467005055762586,Cammeo,0
0.7492846469148721,0.5500407855627575,0.20476351749274857,1.3193806790988043,-0.6510212503395325,0.7834043394627489,-0.6243323796661185,Cammeo,0
-0.868344081672935,-0.9832445697754101,-1.2647359739412882,0.11771861271655724,-1.6375123848773883,-0.8214980543327145,-0.7501186470799922,Osmancik,1
-0.4406418883182339,-0.4782387889620858,-0.5245798382391947,-0.1369296326985012,-0.3705388662902899,-0.4353518865245331,-0.2987372512869747,Osmancik,1
0.3042197122873144,0.544662207889591,0.8571662327698901,-0.5918191280691408,1.2702754842208355,0.2625298006966765,-0.8978051676897728,Cammeo,0
-1.215598907130067,-1.113741124308211,-1.1997765210263363,-0.8648517719499337,-0.6188793891826054,-1.1642380105770564,-0.7566355786917351,Osmancik,1
-0.34341053719023695,-0.6490203858382093,-1.1350906549696138,1.0991245974802204,-2.4122163732707333,-0.3863085046277276,0.5193362823780586,Osmancik,1
0.6977751811387308,0.6815453424920995,0.7167909069221158,0.4957440478352019,0.47572110890947367,0.7061751059011125,1.7533040548242655,Cammeo,0
0.5594520089983065,0.006736898427792987,-0.3516677160638344,1.6649436835932627,-1.6829633213354491,0.48181572664905975,-0.4518114825498533,Osmancik,1
1.2915809326704268,1.6031980986241974,1.875717036522141,-0.03524144118486482,1.663232883705332,1.2687647051311346,0.4813322893087975,Cammeo,0
-0.7896329879026517,-0.8485749366187502,-0.569879374373609,-0.8198788757031359,0.11782938208463005,-0.8355909801651299,1.2682951685025277,Osmancik,1
-0.23865533151066876,-0.43568296259397593,-0.5664943904748151,0.4276498868513171,-0.8952827695373587,-0.2312863204711584,1.3917759431258345,Osmancik,1
-0.5789650604586583,-0.8600331623341778,-0.8764683008487554,0.009556521743198597,-0.9527757963120387,-0.6343439992782383,-0.5349596315395894,Osmancik,1
0.2463439080444591,0.6335553657996159,0.7801053535047837,-0.5016464689278117,1.1575854826456804,0.2816961798287614,-1.5998281080802885,Cammeo,0
-0.6796689598412265,-0.6143934943518242,-0.7410733013756288,-0.2605815223791624,-0.5379586061218677,-0.6219422245457127,-0.9631063805175359,Osmancik,1
-0.5488696422523734,-0.8463614351729031,-0.9151015533770763,0.23396043634895705,-1.2105728428783666,-0.5926289388142887,-0.5128866013664033,Osmancik,1
0.2388200534928879,0.5260599041202825,0.8621936091137858,-0.6919903197093781,1.3327189251770915,0.2743678583959054,1.1635360134886688,Cammeo,0
0.8054241770304418,0.8360227784673737,0.8289231817842011,0.4797431158372225,0.5871125941995999,0.8363937405926307,-1.230721720481115,Cammeo,0
-0.5743349961192298,-0.5865182525053982,-0.6852650674797331,-0.13740659932536273,-0.5703441182373553,-0.5221643096522118,1.541551213978792,Osmancik,1
0.3383664367905991,0.7232607393811566,0.9600174655496175,-0.5868854618142121,1.3437921446231942,0.311573182593482,0.2346052231027769,Cammeo,0
-0.3711909232268075,-0.5091115341183379,-0.658365554504838,0.1586899092973075,-0.7868036298224967,-0.3829262024279479,0.12279615035530093,Osmancik,1
-0.4458507107000909,-0.6631683278721517,-0.8217047505293472,0.30358936387142493,-1.138968125880236,-0.45226339752343153,0.3349084290195783,Osmancik,1
-1.0460228006985008,-1.1122278382675954,-1.3143092156158789,-0.14065926572057888,-1.463052565584345,-0.9810299747556566,1.3414261094390378,Osmancik,1
0.6074889265198765,0.944890457149635,1.1540619942838823,-0.31757698428928643,1.3306407258246638,0.6131617954071711,-1.3524076199877777,Cammeo,0
-1.7104370334064805,-1.8422267646933403,-1.7360198325919152,-1.26666540508334,-1.0195906221130564,-1.699769192208841,-0.4820482248994729,Osmancik,1
-2.4153643290844586,-2.6691589292132547,-2.339119407869788,-2.2579619556882573,-0.9740794895358219,-2.4314739014278475,0.19170485390955502,Osmancik,1
0.4355977879185961,0.7887885898313307,1.352573656209683,-0.9365443659668454,1.8020336685925809,0.46321306455027145,1.495088862280773,Cammeo,0
0.31174356683888566,0.4868102230171747,0.3065195315438315,0.3006646974488356,0.21551335109432954,0.3132643336933718,-1.169233942366153,Osmancik,1
-0.07081549920638824,-0.4611489162695263,-0.4883356785938836,0.5322285781237275,-0.8806637120237292,-0.12925353744447107,0.7266331741264748,Osmancik,1
-0.5037265149429463,-0.6420447356656849,-0.7114091670594535,-0.15311643134763578,-0.5906330768807808,-0.5402032547177035,-0.570607995641841,Osmancik,1
-0.7641676340357954,-0.6606752532425303,-0.6456341813441744,-0.7692548132612883,-0.007195090957422114,-0.7995130900341465,1.1381732788150587,Osmancik,1
-0.49041507996708955,-0.7192556673277151,-1.2189215020323083,1.0460255019115952,-2.508217717425433,-0.47819438105507583,1.4341471828261394,Osmancik,1
0.1253834771768914,0.20192087393171346,0.015343826476578686,0.42099285407354486,-0.17983756074779073,0.1706439242693282,1.3555483133542232,Osmancik,1
-0.9534215139099323,-0.9268502982924002,-0.9190990581718426,-0.6838422537227062,-0.40721263527644214,-0.939314914291707,0.8586008464328219,Osmancik,1
1.8118844128136964,1.7610081837442795,1.921876541538955,0.9223736122309314,1.1878985283724603,1.7253755021013928,-1.3659320464146094,Cammeo,0
0.7886401938000137,1.0445980529849281,1.3757753901198466,-0.33075164985646455,1.4935314243088817,0.7467627322984689,1.606810775213818,Cammeo,0
-0.2369190573833831,-0.5144345391402937,-0.6211795241788071,0.4360767528147217,-0.9764156722561372,-0.28089341940126056,1.0791560572100283,Osmancik,1
-0.5783863024162297,-1.0239511093040579,-1.0389754094541275,0.21906240425893542,-1.3811973094354812,-0.6264519608120857,1.7066743254295076,Osmancik,1
-1.2381704707847807,-0.9451721739140696,-0.796191469055863,-1.5725404128899478,0.4496447233797702,-1.2341389227058368,0.003386433259131026,Osmancik,1
1.089015617820433,1.3131259585905999,1.3329015412889713,0.5208415124073656,0.9797374817877081,1.1408009385728028,0.35087101627310185,Cammeo,0
-1.053546655250072,-1.1810618339827732,-1.2448634610034004,-0.42059630902516676,-1.0887874943442364,-1.0109069775203772,1.6882249838244325,Osmancik,1
0.37598570954845506,0.5230341870029195,0.7215054881000741,-0.20691799352430598,0.9301014818061324,0.35159709195754163,1.5225519170844313,Cammeo,0
0.17515666882574701,-0.08537776332462339,-0.2855895194356131,0.8356504194683947,-0.8706109601217098,0.15035011107065005,1.1968248919949538,Osmancik,1
-1.4534684625682026,-1.3320937655830873,-1.587497891698137,-0.6256208919148893,-1.4206572987948194,-1.4009991645616349,0.03348973624683422,Osmancik,1
1.3836034614165666,1.431042574817415,1.321504121886106,0.9891325399929195,0.6901626172613611,1.3905275843232034,-1.4095590045033528,Cammeo,0
-0.007152114539247352,-0.01954127091927331,0.14854490330950879,-0.2288898916906465,0.43049949100064633,-0.05540660608261448,0.09984149480251711,Osmancik,1
-0.40823143794223493,-0.5096433216422146,-0.6640385609823278,0.18712067359129156,-0.8187649026219025,-0.43253330135805,-0.8224319826775927,Osmancik,1
0.08197662399474989,0.13437530876072096,0.2821816280058599,-0.2829634205112865,0.5945396487128968,0.021258910445725178,-0.8576484043366468,Cammeo,0
0.05651127012789354,0.08674954667462391,-0.2586943629393538,0.57811440762767,-0.6246754155144797,0.0703022923425307,1.0425450785200794,Osmancik,1
0.5872323950348771,0.7033135774525906,0.6643145078856766,0.31540419621875426,0.5465260774671528,0.6385290619055187,0.4245735096210572,Cammeo,0
1.2441227731912854,1.1181941974267817,0.7617210136683477,1.5442765936635006,-0.19667240874338804,1.2586177985317955,-0.9142482909113536,Cammeo,0
0.6902513265871596,1.182378044681563,1.3594368526500435,-0.47281527133391243,1.5597557548456236,0.7777671691297827,-1.742175511561831,Cammeo,0
-1.1287852007657841,-1.0771247319085442,-1.1128447324717994,-0.7911952780969187,-0.5669530701905664,-1.1095574583472847,-0.8973477714954583,Osmancik,1
-0.6200568814710855,-0.7829342309384286,-0.9468402428188704,0.15222694317000612,-1.1819596208977685,-0.6326528481783484,-0.2362236098694186,Osmancik,1
1.4090688152834232,1.1027860386561925,1.0165628156304243,1.3932230396029746,0.1612193180814556,1.3583957134252964,-0.044102553067273356,Cammeo,0
-1.7416899676976223,-1.8425071928409795,-2.1312953372154646,-0.5056562685931749,-2.538109390318007,-1.664255019111154,0.9245677134185841,Osmancik,1
0.6387418608110184,0.4694407771408408,0.32405087286368595,0.8176896876339724,-0.1373018363468596,0.5838485096757471,-0.8517577892675402,Cammeo,0
0.17110536252874714,0.41738801216304966,0.5064792869676491,-0.30122891898694365,0.8077600357901163,0.14358550667109066,0.31072659413263853,Cammeo,0
-1.5721138612660561,-1.3847903183510395,-1.0190758863487075,-2.0816510370689096,0.6028639120500694,-1.5937903899490773,-1.117285150313734,Osmancik,1
1.4877799090537065,1.4477118052885172,1.3320363446322123,1.0892107983075765,0.6377317974610086,1.4756488563509922,1.5606561825065774,Cammeo,0
0.7469696147451579,0.9002621983733625,0.9858679384693926,0.23509340292107228,0.8745404638087545,0.7399981278989095,-0.12534938398114873,Cammeo,0
-0.10206843349753013,-0.30224533236642437,-0.5501802492853635,0.633338669685609,-1.0510043968761675,-0.09937653467975047,1.641194165018134,Osmancik,1
0.18615307163188952,0.16799419785056158,0.3617614232172777,-0.1237932337947962,0.5610620070066852,0.15035011107065005,-1.0299286478059877,Cammeo,0
-0.7850029235632233,-1.086257455911842,-1.3798663773994466,0.4400031858203755,-2.1602268189637415,-0.7583617466034935,1.1854007856981703,Osmancik,1
-1.0384989461469298,-1.3350912688929149,-1.8264507447854628,0.5722186081197025,-2.940837909861246,-0.975956521455987,0.7923169645467844,Osmancik,1
0.3777219836757407,0.19427236719762786,0.2738929917563821,0.4267834202569612,0.09278779650834226,0.3019899930274395,-1.0732439902749957,Osmancik,1
1.0542901352747198,1.392185322128229,1.7211291347780675,-0.22795509176866,1.6653282819489523,1.0709000264440225,-0.5505866920738434,Cammeo,0
0.7967428063940135,0.963016546046276,1.0842633649020317,0.14986261003398765,1.0052004401982122,0.8566875537913088,-1.454109239564431,Cammeo,0
-1.0986897825594992,-1.3227926136984345,-1.448675214835601,-0.146788765209043,-1.6748855754387024,-1.0531857550176233,0.14631464506161584,Osmancik,1
-0.20855991330438398,-0.33023257447913307,0.045745076977663536,-0.5749763294747525,0.5718571777118477,-0.2645456254356587,-0.13843184072949438,Osmancik,1
-0.38681739037237844,-0.7349716130896171,-1.0016203477570886,0.6608797340538454,-1.7454870237839368,-0.4184403755256346,0.042696280893273326,Osmancik,1
-0.07660307963067377,-0.3448285175782064,-0.25686899839161287,0.15964384255103056,-0.28867501069582996,-0.12418008414480153,0.21290937124159737,Osmancik,1
0.14853379887403353,0.24108676857607536,0.37349951924933766,-0.16591936361250348,0.6001722855784424,0.140203204471311,1.1724070314158384,Cammeo,0
-0.22708017066209768,-0.26579736784811414,-0.3126066573336324,0.05684455113012078,-0.2729638235914763,-0.21493852650555656,0.25144095115219267,Cammeo,0
-0.3781360197359502,-0.20024130359040324,-0.21976399856817697,-0.40586774358766897,0.18392472093742807,-0.33331910349784577,-0.1994969323107559,Osmancik,1
-1.1669832315660686,-0.9575546155672943,-0.7355100781597215,-1.414682226063965,0.39399484444455374,-1.1388707440787087,-1.2036636117179544,Osmancik,1
-1.5414396850173426,-1.4545211711603436,-1.658027538194811,-0.8125617429804521,-1.347200834511629,-1.4410230739256946,-0.7178687444147555,Osmancik,1
-0.5112503694945175,-0.7178825953609224,-0.7310847671630742,0.0012376224374503423,-0.7479456016548963,-0.5345660843847374,0.9791798934287909,Osmancik,1
-1.2891011785184934,-0.9715341297198817,-0.8296596805154449,-1.442873823711242,0.3139397389071722,-1.2640159254705574,-0.9779590299572001,Osmancik,1
2.031233710894118,2.031161375656848,2.014451712516267,1.211270521454445,1.0956694743526612,2.0523313814134294,0.007303996953774475,Cammeo,0
-1.2445368092514948,-1.2117952200290705,-1.3671951236439353,-0.5863401618597199,-1.1149097435837865,-1.1850955408090313,-0.529996921397566,Osmancik,1
0.3887183864818833,0.3430343697370227,0.44228657429232104,0.1339600780277963,0.46241490009020536,0.3369404490918297,1.76985207835348,Cammeo,0
0.5270415586223075,0.7133149447424781,0.7393731495704924,0.13466937796860184,0.7299063883253756,0.5319865426124585,-0.9460107156764103,Osmancik,1
0.1253834771768914,-0.13619767040943984,-0.12001544987174723,0.38961555669212966,-0.30925061752579713,0.06071910277648824,-1.00535266543963,Osmancik,1
-1.3417681603794918,-1.2913307984393672,-1.3150637577153268,-0.9184237341457651,-0.7297864390374761,-1.3051672689012102,1.5893957814950428,Osmancik,1
1.895225570923408,1.899768818993787,1.8267780981366954,1.1873524901171852,0.971794460538636,1.8843437054910381,1.6424113171170014,Cammeo,0
-1.3417681603794918,-0.7576084913366978,-0.06790063856194885,-2.584950765899485,1.9023347355454014,-1.3750681810299905,-1.5426643823520507,Osmancik,1
0.3059559864146001,0.12616680069522176,-0.053088611205576994,0.7567103927229848,-0.5176037183955376,0.3025537100607361,0.9055475907278551,Osmancik,1
-0.7271271193203679,-1.1082496914048985,-1.2969922130448284,0.3635040255379279,-1.9374381154197582,-0.7555431614370105,0.6081814436632537,Osmancik,1
-2.7406263489293057,-2.5690597599279044,-1.9344182260732259,-2.584950765899485,0.877326684181935,-2.7533563274402146,-0.6960078288342112,Osmancik,1
1.2279175480032858,1.3515907828658638,1.4407557541322429,0.43743111936836004,1.1102025374103281,1.2169027380678459,1.6666178344292668,Cammeo,0
0.9599525743588656,1.3276936878821364,1.74440580012074,-0.53153409976688,1.8347115618583412,0.9395539576859112,1.0445003894013396,Cammeo,0
-1.4384207534650602,-1.248915186145077,-0.8333182512724684,-2.0390233406263936,0.7606551392957096,-1.4584983019578897,1.2163533183822315,Osmancik,1
0.8060029350728704,0.6924991395273226,0.49344905937267747,1.054595867863024,-0.12884858132574323,0.8082078889277999,-0.8210621080720233,Cammeo,0
-0.6935591528595119,-0.9880357872734892,-1.035868368892197,0.03836038600604568,-1.2075974347020633,-0.7273573097721797,1.5916696499281613,Osmancik,1
0.23939881153531645,0.3099207642912515,0.47271570625666653,-0.1035529021506149,0.6490286024926192,0.22814306166558293,1.376991941681607,Cammeo,0
-1.0766969769472143,-1.0535636377236648,-0.7454315226013091,-1.3580092974602573,0.3400333233280682,-1.1146309116469544,-0.361778479545865,Osmancik,1
-0.6113755108346572,-0.975176275783732,-1.2251782766467845,0.5851267737091213,-2.0405254027457698,-0.625888243778789,-0.4054000383540685,Osmancik,1
-0.02509361385453251,-0.42839867046627533,-1.0012474331859988,1.5047881302923367,-2.5939140592739562,-0.019892432984927728,-0.4053614720644973,Osmancik,1
-1.3382956121249205,-1.4263937149738153,-1.5078806307704666,-0.5992387607832704,-1.3194647559818489,-1.2876920408690151,0.5834319129938258,Osmancik,1
-0.6327895584045137,-0.7284448189460883,-0.9822174632159704,0.18393224052404814,-1.2631813845543751,-0.5779722959485767,-0.6928430791119977,Osmancik,1
-0.007730872581675905,-0.24405734669515988,-0.1417778032411625,0.15643627615205058,-0.15449786105749952,-0.08641104291392832,0.6164600833826095,Osmancik,1
-0.9094359026853623,-1.2863720080237964,-1.518152336094246,0.26144546738853375,-2.219488465049384,-0.9212759692262154,-0.01698428089238177,Osmancik,1
-0.9210110635339334,-0.6161025671174651,-0.6432076227449102,-1.0514181563800808,0.21559934555029206,-0.8930901175613846,-0.8774676205472912,Osmancik,1
-0.5940127695618006,-0.7162573090540258,-1.0948263368406386,0.5660713419660545,-1.8034931508125265,-0.50581651568661,0.964838632988841,Osmancik,1
-1.7173821299156231,-1.6222496920754321,-1.2603873369686034,-2.090397703005625,0.34617906044752345,-1.7505037252055362,-0.965512145660988,Osmancik,1
-0.8926519194549343,-1.025576395610956,-1.047291927166866,-0.3238349504336961,-0.8929752516356976,-0.8908352494281981,1.5809482214273651,Osmancik,1
1.2371776766821427,1.1750099660951168,1.0217757779641399,1.0318709364261944,0.40333384236208414,1.2569266474319056,-1.047484022818802,Cammeo,0
-0.7821091333510806,-0.887796403914321,-0.737191678912533,-0.6438016570642846,-0.21543353255254594,-0.8395369993982061,-0.8557501715639518,Osmancik,1
0.02757336800646586,0.027216702844102037,0.0008262970758821712,0.09425704800786983,0.048285665547734696,0.0257686467120981,1.3721649848788744,Osmancik,1
-0.7936842941996516,-0.8258542719129236,-0.8462212696913205,-0.48653250352247746,-0.48143731669956435,-0.8260077905990874,0.9859513625517038,Osmancik,1
-1.0344476398499298,-1.339236988673105,-1.649911418499247,0.20770130520707322,-2.4052049586279223,-1.0492397357845469,0.17485986995064218,Osmancik,1
-2.3146604297018905,-2.0667984131204373,-1.7431897251281252,-2.584950765899485,0.3712693762155233,-2.297309247503253,0.7195122944200467,Osmancik,1
-0.6160055751740856,-0.9947310092983761,-1.1324619557617215,0.3275019285424743,-1.6306328284003861,-0.6546378124769164,0.10696468848631949,Osmancik,1
-0.2994249259656669,-0.16199962488383998,-0.13487452719736712,-0.3573497143033961,0.23724988307979086,-0.28822174083411656,-0.7066420975205764,Osmancik,1
-0.3850811162450928,-0.3052710494837873,0.029897950297802706,-0.9183089341553456,0.7916475412246042,-0.4533908315900248,-1.2250655884526014,Osmancik,1
-0.6646212507380842,-0.8119585442190835,-0.6708311824688138,-0.44546554028304436,-0.29699354106927167,-0.7205927053726203,1.8849246305244718,Osmancik,1
-0.47941867716094705,-0.3784756204755838,-0.5790567322644707,-0.04421907376897198,-0.5136881041673773,-0.43027843322486353,1.5695349136916614,Osmancik,1
-1.242800535124209,-1.10012582476201,-0.9864162373236379,-1.3456860651553564,0.05934168610265021,-1.2223008650066078,-0.7918072634548867,Osmancik,1
-1.0003009153466451,-1.1777839025253078,-1.2823370189192902,-0.199830460782461,-1.3554735011752241,-1.0103432604870806,1.4700886507291322,Osmancik,1
-0.5430820618280879,-0.38690812907364847,-0.43166399063268424,-0.5299678998975869,0.0478126960399408,-0.5266740459185848,-1.0796915025655105,Osmancik,1
0.543246783810307,0.297761468206726,0.028103081100501373,1.0810927989850623,-0.6763294187293041,0.5116927294137804,-0.5993807616393375,Osmancik,1
0.033360948430751394,-0.18222721496004513,-0.34215839450104635,0.5854001070196436,-0.7354678060947337,-0.0001623368195461973,1.1682249029747365,Cammeo,0
-0.414597776408949,-0.7058079406990074,-0.7352051246553256,0.2785178659637608,-0.9950048071533701,-0.4579005678563977,1.594785806125515,Osmancik,1
1.0068319757955784,0.7269584580962158,0.5912903417230445,1.2355575527609075,-0.15559285713008902,1.0235477956471069,1.243333523240458,Cammeo,0
-0.4747886128215186,-0.48370115309399647,-0.16817109339876055,-0.7875531117342082,0.513802320491546,-0.5340023673514407,-1.20849211117227,Osmancik,1
-0.9291136761279332,-0.6504490304562126,-0.346221246475326,-1.5569371808587786,0.883303298871336,-0.9004184389942406,1.1475271466876598,Osmancik,1
-0.7427535864659389,-0.9080231390266614,-1.085867674177215,0.09997518086399776,-1.3400661611486047,-0.7769644087022819,-0.5013660793456917,Osmancik,1
1.2198149354092862,1.4291941429418176,1.4535158800518924,0.5396960441671986,1.0610538393458786,1.247343457865863,0.9280741604663985,Cammeo,0
-0.257754346910811,-0.8178697643799898,-1.0173847013429007,1.0029919055029537,-2.108985589137537,-0.3248633479983965,-0.2547230876509363,Osmancik,1
0.7475483727875865,1.128447779056773,1.31215076225842,-0.24065825737518703,1.3999264589936715,0.7416892789987993,0.4377647233059937,Cammeo,0
0.6827274720355885,1.014033094819989,0.8534440574248069,0.31530852956007144,0.7134699813090712,0.7332335234993501,-0.11979429563131173,Cammeo,0
-1.1420966357416409,-1.1217256318411446,-1.0915711760051443,-0.852316706329378,-0.4854073940831677,-1.173821200143099,1.4369254983268493,Osmancik,1
-0.3833448421178071,-0.3124151275376683,0.029564244034420952,-0.9478767650211027,0.8112628766296566,-0.4387341887243128,1.0886209959965947,Osmancik,1
1.5086151985811342,1.1616460259251533,1.003244189149867,1.5006416639717124,0.07650617951277054,1.4390072491867123,0.08315463263084624,Cammeo,0
1.4756259901627067,1.4257204247593238,1.191243668131279,1.2741891162035863,0.400017322843796,1.4299877766539664,0.993585173909429,Cammeo,0
-0.6461009933803704,-0.8237527707333576,-0.820461411527139,-0.16604919693500161,-0.7223049213687363,-0.6907157026078997,1.2015168667841871,Osmancik,1
0.8644574973581542,1.290236866003417,1.7020878379635902,-0.5463186985330349,1.8166297942512926,0.8087716059610965,-0.6939869552606798,Cammeo,0
-0.46957979043966164,-0.6284294361194839,-0.5808568292361331,-0.1141172346023044,-0.4582360124808747,-0.4725572107221097,-0.2858807929955164,Osmancik,1
-0.14894783493424296,0.28756431419180994,0.6756195699414944,-1.162606047100922,1.4698571505823983,-0.14954735064314922,-1.405706232175189,Osmancik,1
-1.830239948189191,-1.8925422430979555,-1.8979780248893745,-1.2871271367090444,-1.256172836393429,-1.8102577307349774,0.4715619055088273,Osmancik,1
2.2251176551076837,2.1716883662509363,2.068898111191104,1.4337665695527573,1.01256729859233,2.2248287936021938,-1.105163765501503,Cammeo,0
-0.07602432158824522,-0.5445506412762389,-0.8213388063240722,1.0820084655753122,-1.8637781309241233,-0.06104377641558063,1.5124228667914488,Osmancik,1
0.5629245572528778,1.336490411086586,1.9020563063446763,-1.2676179716705105,2.2781878377389515,0.603014888807832,1.6849499345140453,Cammeo,0
0.37887949976059787,0.35440880899370447,0.45873315243225304,0.1539434763600866,0.4643727072042856,0.3521608089908383,0.4138906474098322,Osmancik,1
-0.7884754718177946,-0.6930886432830683,-0.655808301546547,-0.6499858232148532,-0.11377375319551229,-0.8006405241007397,1.2160848970068159,Osmancik,1
1.1584665829118594,1.1505802286236477,1.0272762678877125,0.8746537162133889,0.5093850719369375,1.1988637930023542,-0.6580763403893438,Cammeo,0
-0.045928903381960436,0.025395629812175302,-0.04267749856550404,-0.00702797687274605,0.07671543268894603,-0.03793137805041941,-0.5330398016447345,Cammeo,0
-0.8284097767453648,-1.0167514585989696,-0.797520195039302,-0.6874652867536802,-0.25278952422266754,-0.877869757662376,1.6282505469122448,Osmancik,1
0.7475483727875865,1.1277475636515384,1.2427651270510958,-0.1754914961469968,1.3140265969327036,0.7574733559311045,-1.4480844138076168,Cammeo,0
-0.40707392185737784,0.12683965725678284,0.5869652297349843,-1.5005785855621716,1.6016952510185531,-0.381235051328058,1.7778306723399717,Cammeo,0
-0.5199317401309458,-0.5239879053650504,-0.40342006835126676,-0.5066922018400547,0.061242163579422054,-0.5576784827498986,1.8830356536612738,Osmancik,1
-0.5668111415676587,-0.5458117129767505,-0.6014830129777421,-0.1722483964176489,-0.43594624949538774,-0.5407669717510001,-0.9513768292073483,Osmancik,1
0.4159200144760253,0.5740498808127661,0.6728209680668673,-0.0030427772053299323,0.7603140279537249,0.4496838557511527,0.40884540540812664,Cammeo,0
1.00220191145615,0.8246201254031535,0.6778910379013802,1.0940392312379568,0.03328823242787004,1.02805753191348,-1.0253114916185224,Cammeo,0
0.03799101277017982,0.37962254832915415,0.6765840943111122,-0.8432119737558779,1.282426500848335,0.04662617694407286,0.6737773029433409,Cammeo,0
-0.7792153431389377,-0.7219171698386946,-0.8966518663611269,-0.2626588555391324,-0.7402519643281156,-0.7532882933038241,-0.8315606234190979,Osmancik,1
-0.8897581292427915,-0.6289338647996869,-0.4295842077327045,-1.307292301692832,0.6279771596729926,-0.8975998538277575,1.6590372445511499,Cammeo,0
0.4986824145433084,0.11641764774543659,0.019876306847627978,1.0712404998072835,-0.6785194108744831,0.4203705700197287,1.7794666543435824,Cammeo,0
-0.500253966688375,-0.8360514259278397,-0.9083298429880347,0.16865564179895304,-1.1411323196886263,-0.5604970679163817,0.9796226344330684,Osmancik,1
-0.733493457787082,-0.6566971063798318,-0.25433265653076614,-1.281794403820753,0.7781808094208726,-0.7764006916689853,-0.18854179209515817,Cammeo,0
1.7487997861889841,2.001270129017333,2.014278324666625,0.6995440974937843,1.37081160268662,1.884907422524335,0.17763587147397783,Cammeo,0
-0.8741316620972205,-0.3785311931267928,-0.341467456989658,-1.23364264117258,0.6614175371149539,-0.7532882933038241,-1.4925945399275409,Osmancik,1
0.1792079751227469,0.21337909964714105,0.0005474824432916728,0.3753694245477039,-0.16183318815110306,0.16613418800295526,-0.8707995090804291,Cammeo,0
-1.1293639588082127,-0.9527924668406184,-0.8210469222555791,-1.2200607089727238,0.14909123330887392,-1.1022291369144288,0.10561795365449285,Osmancik,1
-0.6119542688770858,-0.2721010164229424,-0.006916036752865232,-1.316157867619625,1.023878436033273,-0.6287068289452721,-0.5511528452047487,Osmancik,1
0.046093625364179575,0.06341245302230995,0.09164754975505812,-0.044976207039118934,0.24402337972777255,0.11990939127263282,0.5293126101643391,Cammeo,0
